4.270076751708984375e-03,7.550872972632084839e+02
5.018628120422363281e+00,7.550872975419841850e+02
1.005597996711730957e+01,7.550872972683879425e+02
1.509240007400512695e+01,7.550872976821957536e+02
2.013194155693054199e+01,7.550872971330960581e+02
2.516940140724182129e+01,7.550872991004741834e+02
3.020694398880004883e+01,7.550872993200260908e+02
3.524017024040222168e+01,7.550872992025050507e+02
4.027411246299743652e+01,7.550872994322345448e+02
4.531462407112121582e+01,7.550873007231617748e+02
5.035087490081787109e+01,7.550872996281315181e+02
5.539496970176696777e+01,7.550872993572577343e+02
6.042986917495727539e+01,7.550873006723145409e+02
6.546845960617065430e+01,7.550873011157447081e+02
7.050459623336791992e+01,7.550873027398974955e+02
7.554462456703186035e+01,7.550873029631453619e+02
8.057885003089904785e+01,7.550873039699843048e+02
8.561928200721740723e+01,7.550873035263236943e+02
9.065001702308654785e+01,7.550873040300156163e+02
9.568094038963317871e+01,7.550873043379684759e+02
1.007198376655578613e+02,7.550873048170354878e+02
1.057624285221099854e+02,7.550873056298096344e+02
1.107985494136810303e+02,7.550873058297192983e+02
1.158250935077667236e+02,7.550873060605603087e+02
1.208632326126098633e+02,7.550873067424129204e+02
1.258970470428466797e+02,7.550873065674493319e+02
1.309337627887725830e+02,7.550873086780987933e+02
1.359662690162658691e+02,7.550873098369768286e+02
1.410081329345703125e+02,7.550873110948250542e+02
1.460419394969940186e+02,7.550873115813527647e+02
1.510763764381408691e+02,7.550873117847859248e+02
1.561178457736968994e+02,7.550873121045341350e+02
1.611566300392150879e+02,7.550873129436459976e+02
1.661947166919708252e+02,7.550873147899080777e+02
1.712355694770812988e+02,7.550873132032187414e+02
1.762839410305023193e+02,7.550873145795355867e+02
1.813246240615844727e+02,7.550873165896936143e+02
1.863644523620605469e+02,7.550873165603486541e+02
1.914019415378570557e+02,7.550873168556003066e+02
1.964417893886566162e+02,7.550873186824595678e+02
2.014808068275451660e+02,7.550873188705674011e+02
2.065195174217224121e+02,7.550873188343028914e+02
2.115518264770507812e+02,7.550873196738175466e+02
2.165881941318511963e+02,7.550873183240804565e+02
2.216279416084289551e+02,7.550873192408409977e+02
2.266549878120422363e+02,7.550873192364158513e+02
2.316849942207336426e+02,7.550873206491735345e+02
2.367190251350402832e+02,7.550873197062513782e+02
2.417567725181579590e+02,7.550873196542079313e+02
2.467958505153656006e+02,7.550873183037926992e+02
2.518334336280822754e+02,7.550873188771441846e+02
2.568635621070861816e+02,7.550873190128921806e+02
2.619019868373870850e+02,7.550873204668281460e+02
2.669400146007537842e+02,7.550873212430475405e+02
2.719773344993591309e+02,7.550873218711315076e+02
2.770159425735473633e+02,7.550873231061393653e+02
2.820529317855834961e+02,7.550873244640371240e+02
2.870850186347961426e+02,7.550873235838488426e+02
2.921239244937896729e+02,7.550873256756664205e+02
2.971598410606384277e+02,7.550873244099010435e+02
3.021967206001281738e+02,7.550873256304810184e+02
3.072285130023956299e+02,7.550873259938853153e+02
3.122756297588348389e+02,7.550873267775635895e+02
3.173119370937347412e+02,7.550873270786375997e+02
3.223503708839416504e+02,7.550873260931591631e+02
3.273871290683746338e+02,7.550873262993114849e+02
3.324246239662170410e+02,7.550873253063276707e+02
3.374574649333953857e+02,7.550873271120061645e+02
3.424988803863525391e+02,7.550873266225571570e+02
3.475339648723602295e+02,7.550873258473616261e+02
3.525702204704284668e+02,7.550873258573017210e+02
3.576062321662902832e+02,7.550873255294312685e+02
3.626393790245056152e+02,7.550873248388743377e+02
3.676762492656707764e+02,7.550873256599660408e+02
3.727145318984985352e+02,7.550873270672381068e+02
3.777529592514038086e+02,7.550873257817978583e+02
3.827892358303070068e+02,7.550873261845850948e+02
3.878304352760314941e+02,7.550873258106124695e+02
3.928728175163269043e+02,7.550873248204119363e+02
3.979099168777465820e+02,7.550873256648070537e+02
4.029379143714904785e+02,7.550873259962943393e+02
4.079746253490447998e+02,7.550873261967718690e+02
4.130101342201232910e+02,7.550873261881420149e+02
4.180485625267028809e+02,7.550873267826342499e+02
4.230877611637115479e+02,7.550873266652571374e+02
4.281285874843597412e+02,7.550873264579133775e+02
4.331658115386962891e+02,7.550873252434622600e+02
4.382046096324920654e+02,7.550873260675383563e+02
4.432397608757019043e+02,7.550873248970876830e+02
4.482766487598419189e+02,7.550873265959605760e+02
4.533139302730560303e+02,7.550873253169853569e+02
4.583623776435852051e+02,7.550873262332895592e+02
4.634009208679199219e+02,7.550873255561239148e+02
4.684307529926300049e+02,7.550873261465104633e+02
4.734695684909820557e+02,7.550873279349266340e+02
4.785035061836242676e+02,7.550873274877322956e+02
4.835397582054138184e+02,7.550873277651753597e+02
4.885786502361297607e+02,7.550873287729061758e+02
4.936202366352081299e+02,7.550873291960804181e+02
4.986551816463470459e+02,7.550873286351046545e+02
5.036924586296081543e+02,7.550873291871056381e+02
5.087318561077117920e+02,7.550873290521162744e+02
5.137686266899108887e+02,7.550873304141396147e+02
5.188117654323577881e+02,7.550873306777747302e+02
5.238498806953430176e+02,7.550873303623274069e+02
5.288782575130462646e+02,7.550873302467844042e+02
5.339132556915283203e+02,7.550873293335642984e+02
5.389517717361450195e+02,7.550873302217244145e+02
5.439839417934417725e+02,7.550873309159619566e+02
5.490208790302276611e+02,7.550873303225278050e+02
5.540599379539489746e+02,7.550873304156579024e+02
5.590899779796600342e+02,7.550873309764613168e+02
5.641328816413879395e+02,7.550873306318309233e+02
5.691831400394439697e+02,7.550873306513751686e+02
5.742199270725250244e+02,7.550873303065953905e+02
5.792610182762145996e+02,7.550873308064656158e+02
5.842967894077301025e+02,7.550873307985353904e+02
5.893319406509399414e+02,7.550873307629192368e+02
5.943701658248901367e+02,7.550873296831582593e+02
5.994017934799194336e+02,7.550873287344800247e+02
6.044306304454803467e+02,7.550873298137968277e+02
6.094741532802581787e+02,7.550873310749549319e+02
6.145116822719573975e+02,7.550873306593651932e+02
6.195448596477508545e+02,7.550873309903671498e+02
6.245902533531188965e+02,7.550873311361235665e+02
6.296290643215179443e+02,7.550873326168436961e+02
6.346646242141723633e+02,7.550873321576348189e+02
6.397122168540954590e+02,7.550873336056282596e+02
6.447354748249053955e+02,7.550873332391553276e+02
6.497760000228881836e+02,7.550873323905889265e+02
6.548080685138702393e+02,7.550873335583108883e+02
6.598409516811370850e+02,7.550873337532397045e+02
6.648809382915496826e+02,7.550873347057098499e+02
6.699209170341491699e+02,7.550873346358434901e+02
6.749572303295135498e+02,7.550873347612692896e+02
6.799947807788848877e+02,7.550873355069087438e+02
6.850336539745330811e+02,7.550873356065827693e+02
6.900701155662536621e+02,7.550873364687412277e+02
6.951265809535980225e+02,7.550873370903109389e+02
7.001605186462402344e+02,7.550873365066842098e+02
7.051930029392242432e+02,7.550873365029631259e+02
7.102297539710998535e+02,7.550873387436856774e+02
7.152654895782470703e+02,7.550873366533902526e+02
7.203092994689941406e+02,7.550873383108257713e+02
7.253555722236633301e+02,7.550873395280873410e+02
7.303937261104583740e+02,7.550873405316920071e+02
7.354317445755004883e+02,7.550873416794800050e+02
7.404692230224609375e+02,7.550873413039453226e+02
7.455148308277130127e+02,7.550873412871987966e+02
7.505556256771087646e+02,7.550873424397087774e+02
7.555955817699432373e+02,7.550873428179568236e+02
7.606342687606811523e+02,7.550873438983373944e+02
7.656592969894409180e+02,7.550873443475564954e+02
7.706992354393005371e+02,7.550873445567292492e+02
7.757346255779266357e+02,7.550873438291529283e+02
7.807736246585845947e+02,7.550873445656548029e+02
7.858109400272369385e+02,7.550873441232785126e+02
7.908498368263244629e+02,7.550873458144887991e+02
7.958835623264312744e+02,7.550873452095596576e+02
8.009246246814727783e+02,7.550873466374947611e+02
8.059639673233032227e+02,7.550873468025189368e+02
8.110004169940948486e+02,7.550873462813170818e+02
8.160436606407165527e+02,7.550873464458175022e+02
8.210670130252838135e+02,7.550873462063212855e+02
8.261140480041503906e+02,7.550873462565515410e+02
8.311510872840881348e+02,7.550873471693548709e+02
8.361871304512023926e+02,7.550873477073610047e+02
8.412301554679870605e+02,7.550873475440625953e+02
8.462686412334442139e+02,7.550873480105798308e+02
8.513093273639678955e+02,7.550873484717031943e+02
8.563426280021667480e+02,7.550873490718086032e+02
8.613831608295440674e+02,7.550873489006103227e+02
8.664199521541595459e+02,7.550873480430122981e+02
8.714635989665985107e+02,7.550873493390096201e+02
8.764931316375732422e+02,7.550873506772834389e+02
8.815333757400512695e+02,7.550873509179730263e+02
8.865741910934448242e+02,7.550873506284084442e+02
8.916099319458007812e+02,7.550873507907592739e+02
8.966429829597473145e+02,7.550873509704005073e+02
9.016863470077514648e+02,7.550873510319522666e+02
9.067089495658874512e+02,7.550873503977223891e+02
9.117498126029968262e+02,7.550873513080598514e+02
9.167883965969085693e+02,7.550873511940274057e+02
9.218209390640258789e+02,7.550873524987141536e+02
9.268541238307952881e+02,7.550873524180414051e+02
9.318921122550964355e+02,7.550873520978045690e+02
9.369251978397369385e+02,7.550873533897466814e+02
9.419622824192047119e+02,7.550873531027345962e+02
9.470044119358062744e+02,7.550873542350149137e+02
9.520429773330688477e+02,7.550873526675105722e+02
9.570786123275756836e+02,7.550873545239464875e+02
9.621126408576965332e+02,7.550873554831248384e+02
9.671461932659149170e+02,7.550873548596121054e+02
9.721820721626281738e+02,7.550873549762638959e+02
9.772209401130676270e+02,7.550873558407465680e+02
9.822708270549774170e+02,7.550873568869185419e+02
9.872955501079559326e+02,7.550873567424232533e+02
9.923255374431610107e+02,7.550873576873225375e+02
9.973581275939941406e+02,7.550873584711093827e+02
1.002396238565444946e+03,7.550873564268393920e+02
1.007430559873580933e+03,7.550873578589161070e+02
1.012474942207336426e+03,7.550873570946951077e+02
1.017512676954269409e+03,7.550873577586393139e+02
1.022552523136138916e+03,7.550873580514113428e+02
1.027595806598663330e+03,7.550873596330750388e+02
1.032629283428192139e+03,7.550873612840384794e+02
1.037664252281188965e+03,7.550873592863821386e+02
1.042696579933166504e+03,7.550873602111742002e+02
1.047729237556457520e+03,7.550873613816906982e+02
1.052767640113830566e+03,7.550873608730611295e+02
1.057805611848831177e+03,7.550873615082214201e+02
1.062847242116928101e+03,7.550873613093967833e+02
1.067885146141052246e+03,7.550873602333289227e+02
1.072924351215362549e+03,7.550873610610177593e+02
1.077963942050933838e+03,7.550873623096952088e+02
1.082999753713607788e+03,7.550873620546786924e+02
1.088035578727722168e+03,7.550873619539211177e+02
1.093080150604248047e+03,7.550873635245103515e+02
1.098112945795059204e+03,7.550873637534460840e+02
1.103150103092193604e+03,7.550873633644366691e+02
1.108193460226058960e+03,7.550873634805805068e+02
1.113231924772262573e+03,7.550873641027091026e+02
1.118261057853698730e+03,7.550873630005601171e+02
1.123302860021591187e+03,7.550873636121041272e+02
1.128340682983398438e+03,7.550873636395048152e+02
1.133374088764190674e+03,7.550873629380799912e+02
1.138413627386093140e+03,7.550873626564599590e+02
1.143444865703582764e+03,7.550873633754470120e+02
1.148483153104782104e+03,7.550873632518886325e+02
1.153521893739700317e+03,7.550873633861639291e+02
1.158562632560729980e+03,7.550873620032351710e+02
1.163600939989089966e+03,7.550873621086728917e+02
1.168635529756546021e+03,7.550873632967421827e+02
1.173672497749328613e+03,7.550873640984826807e+02
1.178714542865753174e+03,7.550873636460840999e+02
1.183741803169250488e+03,7.550873643949601046e+02
1.188778620958328247e+03,7.550873639864234974e+02
1.193814968347549438e+03,7.550873643781598048e+02
1.198856471538543701e+03,7.550873639574858771e+02
1.203891992330551147e+03,7.550873631506459560e+02
1.208938508987426758e+03,7.550873639217373920e+02
1.213975035905838013e+03,7.550873633168652077e+02
1.219014917373657227e+03,7.550873638191972077e+02
1.224049092054367065e+03,7.550873636211665598e+02
1.229087741851806641e+03,7.550873635479567838e+02
1.234121615171432495e+03,7.550873630830759566e+02
1.239165884733200073e+03,7.550873634603739220e+02
1.244195630550384521e+03,7.550873633127457651e+02
1.249233536720275879e+03,7.550873624387655809e+02
1.254275423765182495e+03,7.550873633189579550e+02
1.259311903715133667e+03,7.550873635524022802e+02
1.264346647500991821e+03,7.550873641880883724e+02
1.269385717630386353e+03,7.550873616335418319e+02
1.274423638820648193e+03,7.550873633797774573e+02
1.279468959093093872e+03,7.550873631805417290e+02
1.284500939607620239e+03,7.550873622403166792e+02
1.289524994850158691e+03,7.550873620137030002e+02
1.294561246395111084e+03,7.550873620779829025e+02
1.299598206281661987e+03,7.550873625708849204e+02
1.304638231754302979e+03,7.550873609684128951e+02
1.309675290107727051e+03,7.550873616649030282e+02
1.314707823038101196e+03,7.550873624660089263e+02
1.319746544361114502e+03,7.550873631230599585e+02
1.324786922216415405e+03,7.550873638401369590e+02
1.329816503524780273e+03,7.550873649821097615e+02
1.334848525524139404e+03,7.550873659262430238e+02
1.339884624481201172e+03,7.550873646078077854e+02
1.344921751022338867e+03,7.550873649333809681e+02
1.349961175680160522e+03,7.550873656170404047e+02
1.354997636318206787e+03,7.550873663565884044e+02
1.360031940460205078e+03,7.550873668207071887e+02
1.365069685220718384e+03,7.550873667911750999e+02
1.370103916168212891e+03,7.550873675374215281e+02
1.375148723363876343e+03,7.550873662273672835e+02
1.380183978796005249e+03,7.550873664750201897e+02
1.385222803592681885e+03,7.550873662087867615e+02
1.390258782625198364e+03,7.550873670139179694e+02
1.395304664850234985e+03,7.550873651945257734e+02
1.400341845750808716e+03,7.550873655797311130e+02
1.405381951332092285e+03,7.550873673018350019e+02
1.410413935899734497e+03,7.550873666665621613e+02
1.415453080177307129e+03,7.550873680711943052e+02
1.420487746238708496e+03,7.550873663092584138e+02
1.425524625062942505e+03,7.550873674984351283e+02
1.430561908006668091e+03,7.550873674541804803e+02
1.435591531753540039e+03,7.550873694442665283e+02
1.440629084348678589e+03,7.550873687451929754e+02
1.445660223960876465e+03,7.550873700501146004e+02
1.450697699546813965e+03,7.550873706685881643e+02
1.455736421823501587e+03,7.550873697270374123e+02
1.460774193525314331e+03,7.550873690497356847e+02
1.465808954954147339e+03,7.550873695934776606e+02
1.470848989486694336e+03,7.550873701650717749e+02
1.475877102375030518e+03,7.550873698145990147e+02
1.480914624929428101e+03,7.550873706899315039e+02
1.485951940774917603e+03,7.550873701362902466e+02
1.490988820791244507e+03,7.550873694469433985e+02
1.496029625892639160e+03,7.550873701622077760e+02
1.501071959018707275e+03,7.550873701114012420e+02
1.506109827041625977e+03,7.550873705830986182e+02
1.511148883581161499e+03,7.550873709547308863e+02
1.516193929672241211e+03,7.550873712026764224e+02
1.521227154254913330e+03,7.550873717817165698e+02
1.526261859416961670e+03,7.550873730723387780e+02
1.531296862363815308e+03,7.550873722735937008e+02
1.536335941791534424e+03,7.550873731647403702e+02
1.541369858264923096e+03,7.550873743193920973e+02
1.546407589673995972e+03,7.550873747695787870e+02
1.551444624662399292e+03,7.550873747609330167e+02
1.556480914115905762e+03,7.550873761884340638e+02
1.561514623165130615e+03,7.550873762704756018e+02
1.566559465169906616e+03,7.550873781272912311e+02
1.571594923496246338e+03,7.550873775095566316e+02
1.576627043962478638e+03,7.550873796146562427e+02
1.581664801359176636e+03,7.550873792723341467e+02
1.586702942132949829e+03,7.550873809269041885e+02
1.591734334707260132e+03,7.550873802921063316e+02
1.596772996187210083e+03,7.550873812082671748e+02
1.601814629554748535e+03,7.550873804173506869e+02
1.606854634046554565e+03,7.550873814957125205e+02
1.611892694234848022e+03,7.550873817305122202e+02
1.616928376197814941e+03,7.550873811379811968e+02
1.621968629121780396e+03,7.550873809965478358e+02
1.627000546932220459e+03,7.550873826594304319e+02
1.632033009767532349e+03,7.550873821638547270e+02
1.637071846485137939e+03,7.550873820960916873e+02
1.642104624032974243e+03,7.550873826055056952e+02
1.647146032094955444e+03,7.550873831299522863e+02
1.652182905912399292e+03,7.550873826850531714e+02
1.657244641542434692e+03,7.550873843159339458e+02
1.662257589578628540e+03,7.550873841377269855e+02
1.667289021730422974e+03,7.550873839994353602e+02
1.672329582214355469e+03,7.550873838031648120e+02
1.677368665456771851e+03,7.550873842193760765e+02
1.682407717943191528e+03,7.550873856542780231e+02
1.687444240331649780e+03,7.550873831624288641e+02
1.692480561733245850e+03,7.550873841312036348e+02
1.697516493082046509e+03,7.550873849633037480e+02
1.702582057476043701e+03,7.550873839689043052e+02
1.707612856388092041e+03,7.550873851563056860e+02
1.712647261381149292e+03,7.550873845829994480e+02
1.717683326005935669e+03,7.550873864100237824e+02
1.722722769737243652e+03,7.550873865642307692e+02
1.727755506038665771e+03,7.550873867967213755e+02
1.732795178174972534e+03,7.550873882099573393e+02
1.737826384305953979e+03,7.550873882741517491e+02
1.742870589017868042e+03,7.550873897668836889e+02
1.747917180061340332e+03,7.550873892300284069e+02
1.752944624662399292e+03,7.550873897276160278e+02
1.757984243631362915e+03,7.550873898818817906e+02
1.763021278381347656e+03,7.550873899482803608e+02
1.768065480709075928e+03,7.550873917245909297e+02
1.773102601289749146e+03,7.550873905985858983e+02
1.778143704891204834e+03,7.550873905263422330e+02
1.783184125423431396e+03,7.550873920581590255e+02
1.788225202560424805e+03,7.550873909072604420e+02
1.793267855167388916e+03,7.550873915446504725e+02
1.798295808315277100e+03,7.550873924323788060e+02
1.803327149152755737e+03,7.550873916800150027e+02
1.808363286495208740e+03,7.550873922385388823e+02
1.813397866725921631e+03,7.550873912812506887e+02
1.818434826850891113e+03,7.550873912169386131e+02
1.823469923496246338e+03,7.550873928615035311e+02
1.828506631612777710e+03,7.550873916971146400e+02
1.833541581869125366e+03,7.550873922393234352e+02
1.838575218200683594e+03,7.550873915542752002e+02
1.843628475666046143e+03,7.550873914608284849e+02
1.848662885665893555e+03,7.550873914117244112e+02
1.853704880237579346e+03,7.550873910265489712e+02
1.858738519906997681e+03,7.550873912821333533e+02
1.863778967857360840e+03,7.550873906750164224e+02
1.868807958364486694e+03,7.550873914740151349e+02
1.873845312356948853e+03,7.550873916414180940e+02
1.878889133930206299e+03,7.550873913919912184e+02
1.883920351028442383e+03,7.550873911313840381e+02
1.888967389345169067e+03,7.550873922709006365e+02
1.894006339788436890e+03,7.550873927562489598e+02
1.899044101953506470e+03,7.550873934667321237e+02
1.904082453966140747e+03,7.550873936605662493e+02
1.909124724864959717e+03,7.550873943327688949e+02
1.914157542943954468e+03,7.550873950630731315e+02
1.919194625616073608e+03,7.550873960440503652e+02
1.924238511562347412e+03,7.550873957625119601e+02
1.929284624099731445e+03,7.550873963481062674e+02
1.934305371046066284e+03,7.550873958062236397e+02
1.939338132858276367e+03,7.550873961393824629e+02
1.944371401309967041e+03,7.550873963268554689e+02
1.949407621860504150e+03,7.550873956056525458e+02
1.954447754859924316e+03,7.550873951856204940e+02
1.959486401796340942e+03,7.550873955996720497e+02
1.964521165609359741e+03,7.550873953089204633e+02
1.969552535533905029e+03,7.550873967583163449e+02
1.974589770078659058e+03,7.550873978684444410e+02
1.979628360033035278e+03,7.550873979401075076e+02
1.984667196750640869e+03,7.550873977201391654e+02
1.989701815843582153e+03,7.550873969381368624e+02
1.994740101814270020e+03,7.550873968197983004e+02
1.999783013582229614e+03,7.550873962395701255e+02
2.004818916797637939e+03,7.550873972519211748e+02
2.009856693029403687e+03,7.550873967585916944e+02
2.014893644809722900e+03,7.550873970701957205e+02
2.019919306993484497e+03,7.550873960922662036e+02
2.024955445766448975e+03,7.550873978771571728e+02
2.029992428541183472e+03,7.550873974987915744e+02
2.035031774044036865e+03,7.550873981681160103e+02
2.040072562217712402e+03,7.550873978089417733e+02
2.045104625701904297e+03,7.550873966842757454e+02
2.050142962694168091e+03,7.550873982410691951e+02
2.055172869682312012e+03,7.550873966374439306e+02
2.060220257043838501e+03,7.550873975500479673e+02
2.065247626543045044e+03,7.550873970127455550e+02
2.070290372133255005e+03,7.550873983335870889e+02
2.075325266361236572e+03,7.550873979385087296e+02
2.080357939243316650e+03,7.550873988318049896e+02
2.085398844957351685e+03,7.550873975884638867e+02
2.090441770792007446e+03,7.550873986235151278e+02
2.095477785825729370e+03,7.550873993294576394e+02
2.100514353752136230e+03,7.550873982136930636e+02
2.105551906824111938e+03,7.550873991930311604e+02
2.110591591358184814e+03,7.550873992303878595e+02
2.115627938985824585e+03,7.550873993619306930e+02
2.120660517215728760e+03,7.550873985853730801e+02
2.125692910909652710e+03,7.550874002222029731e+02
2.130729779005050659e+03,7.550874006742840265e+02
2.135765328407287598e+03,7.550874005020637014e+02
2.140797188282012939e+03,7.550873999146032247e+02
2.145832482814788818e+03,7.550874020666099113e+02
2.150867733001708984e+03,7.550874018952838469e+02
2.155900480747222900e+03,7.550874025484013146e+02
2.160937047481536865e+03,7.550874015550862168e+02
2.165970998287200928e+03,7.550874007532434007e+02
2.171007543802261353e+03,7.550874007080016099e+02
2.176038526535034180e+03,7.550874021562111693e+02
2.181068816900253296e+03,7.550874011939399679e+02
2.186120736598968506e+03,7.550874019641715904e+02
2.191151636600494385e+03,7.550874021625355681e+02
2.196185752868652344e+03,7.550874029226329185e+02
2.201246045351028442e+03,7.550874035904968196e+02
2.206278625965118408e+03,7.550874034282139746e+02
2.211313837289810181e+03,7.550874034135523516e+02
2.216350557565689087e+03,7.550874034238576087e+02
2.221385617017745972e+03,7.550874033020620573e+02
2.226422302722930908e+03,7.550874038805144437e+02
2.231459825992584229e+03,7.550874046138185349e+02
2.236492805957794189e+03,7.550874036441450698e+02
2.241539371013641357e+03,7.550874033271854842e+02
2.246576401948928833e+03,7.550874030454706372e+02
2.251612053632736206e+03,7.550874037462676824e+02
2.256655633926391602e+03,7.550874033598506685e+02
2.261684634208679199e+03,7.550874041492761535e+02
2.266718822240829468e+03,7.550874026671961019e+02
2.271759412288665771e+03,7.550874041279537323e+02
2.276795403718948364e+03,7.550874042339312382e+02
2.281841918706893921e+03,7.550874048354654633e+02
2.286876311063766479e+03,7.550874058645956666e+02
2.291910145759582520e+03,7.550874053131072969e+02
2.296940406084060669e+03,7.550874066763876726e+02
2.301978264570236206e+03,7.550874073019857633e+02
2.307017704486846924e+03,7.550874082364152855e+02
2.312056152343750000e+03,7.550874076920958942e+02
2.317094655752182007e+03,7.550874076045674883e+02
2.322126419067382812e+03,7.550874078466896435e+02
2.327159372329711914e+03,7.550874065176567456e+02
2.332197206258773804e+03,7.550874071604239361e+02
2.337233645915985107e+03,7.550874092354288223e+02
2.342275895833969116e+03,7.550874069852412731e+02
2.347308979749679565e+03,7.550874086460939907e+02
2.352339175462722778e+03,7.550874083993239765e+02
2.357365492820739746e+03,7.550874100313051258e+02
2.362402686119079590e+03,7.550874106484427557e+02
2.367438944101333618e+03,7.550874116729403340e+02
2.372478064060211182e+03,7.550874101288510474e+02
2.377513992071151733e+03,7.550874101733991210e+02
2.382551730871200562e+03,7.550874110420946863e+02
2.387591835737228394e+03,7.550874108628345311e+02
2.392637415885925293e+03,7.550874106933023313e+02
2.397672664880752563e+03,7.550874098805647918e+02
2.402709053277969360e+03,7.550874101615161180e+02
2.407751319885253906e+03,7.550874104616021896e+02
2.412785997390747070e+03,7.550874100541046801e+02
2.417823454141616821e+03,7.550874114017648253e+02
2.422865545034408569e+03,7.550874110486724931e+02
2.427892588853836060e+03,7.550874117780069810e+02
2.432932373046875000e+03,7.550874126672383682e+02
2.437969316720962524e+03,7.550874125358624269e+02
2.443007074832916260e+03,7.550874129464381213e+02
2.448040839195251465e+03,7.550874136931030307e+02
2.453075684070587158e+03,7.550874132342298708e+02
2.458108687162399292e+03,7.550874139983365012e+02
2.463141730785369873e+03,7.550874142503317898e+02
2.468177946329116821e+03,7.550874147451478393e+02
2.473217917442321777e+03,7.550874144979553648e+02
2.478255910634994507e+03,7.550874135727286784e+02
2.483315555810928345e+03,7.550874161936128530e+02
2.488336867809295654e+03,7.550874165321592955e+02
2.493370610475540161e+03,7.550874168348731246e+02
2.498412103891372681e+03,7.550874165879511111e+02
2.503454937458038330e+03,7.550874158142489705e+02
2.508486853837966919e+03,7.550874179225536409e+02
2.513526227235794067e+03,7.550874174454986587e+02
2.518565004825592041e+03,7.550874182427791084e+02
2.523605793476104736e+03,7.550874175887539650e+02
2.528648999929428101e+03,7.550874180415484034e+02
2.533680735349655151e+03,7.550874181845414341e+02
2.538714625120162964e+03,7.550874183718331096e+02
2.543754541397094727e+03,7.550874181739934556e+02
2.548790320158004761e+03,7.550874190398795918e+02
2.553829616069793701e+03,7.550874192891875509e+02
2.558865664958953857e+03,7.550874184852269764e+02
2.563902448654174805e+03,7.550874187094526633e+02
2.568942588329315186e+03,7.550874178701728852e+02
2.573972810983657837e+03,7.550874169189794429e+02
2.579004667043685913e+03,7.550874163657573490e+02
2.584044719219207764e+03,7.550874161957626711e+02
2.589075885295867920e+03,7.550874165707947441e+02
2.594114599704742432e+03,7.550874165044835991e+02
2.599152461767196655e+03,7.550874173752392835e+02
2.604187194108963013e+03,7.550874177149722755e+02
2.609229437351226807e+03,7.550874176838001404e+02
2.614258997201919556e+03,7.550874189727998100e+02
2.619295586824417114e+03,7.550874195031149156e+02
2.624328373193740845e+03,7.550874218976796328e+02
2.629367717504501343e+03,7.550874208005892569e+02
2.634408536672592163e+03,7.550874217436088429e+02
2.639448547124862671e+03,7.550874211375574987e+02
2.644494624614715576e+03,7.550874218429988787e+02
2.649534419536590576e+03,7.550874222645715008e+02
2.654565413713455200e+03,7.550874215164523093e+02
2.659602232933044434e+03,7.550874213624990716e+02
2.664642948627471924e+03,7.550874208282393738e+02
2.669675292253494263e+03,7.550874217164393940e+02
2.674722931623458862e+03,7.550874210689910342e+02
2.679747494459152222e+03,7.550874212569374322e+02
2.684786345005035400e+03,7.550874211625807675e+02
2.689826625585556030e+03,7.550874214277332612e+02
2.694862608194351196e+03,7.550874222674203793e+02
2.699904297351837158e+03,7.550874219793298607e+02
2.704945798397064209e+03,7.550874229583332635e+02
2.709975678443908691e+03,7.550874219652665715e+02
2.715015194654464722e+03,7.550874227275687645e+02
2.720053430795669556e+03,7.550874207346085996e+02
2.725085630655288696e+03,7.550874207632082289e+02
2.730121284961700439e+03,7.550874207296527629e+02
2.735160531282424927e+03,7.550874219482060425e+02
2.740193221569061279e+03,7.550874205959988785e+02
2.745228522300720215e+03,7.550874219315786604e+02
2.750265498876571655e+03,7.550874236595653883e+02
2.755307838201522827e+03,7.550874231161749321e+02
2.760348629236221313e+03,7.550874244894185949e+02
2.765392902612686157e+03,7.550874241963648501e+02
2.770418240785598755e+03,7.550874247195354201e+02
2.775454136133193970e+03,7.550874245213185532e+02
2.780507691144943237e+03,7.550874242260106257e+02
2.785523686885833740e+03,7.550874241328373273e+02
2.790563278675079346e+03,7.550874248857612656e+02
2.795603385448455811e+03,7.550874249305975354e+02
2.800637393474578857e+03,7.550874238503783999e+02
2.805670082092285156e+03,7.550874262506875993e+02
2.810708817005157471e+03,7.550874236847687371e+02
2.815753485679626465e+03,7.550874256154108934e+02
2.820791254043579102e+03,7.550874252842274927e+02
2.825835024595260620e+03,7.550874253304424428e+02
2.830866482019424438e+03,7.550874242364620841e+02
2.835906874656677246e+03,7.550874252883421605e+02
2.840966440439224243e+03,7.550874251958028935e+02
2.846001945257186890e+03,7.550874252418553851e+02
2.851037333488464355e+03,7.550874252671585509e+02
2.856074634552001953e+03,7.550874242522714894e+02
2.861106927394866943e+03,7.550874260220659835e+02
2.866151284217834473e+03,7.550874234691812035e+02
2.871182605028152466e+03,7.550874241403296310e+02
2.876214120626449585e+03,7.550874262248460127e+02
2.881249238014221191e+03,7.550874261330621948e+02
2.886283609151840210e+03,7.550874255607694749e+02
2.891314234018325806e+03,7.550874266386208546e+02
2.896349237918853760e+03,7.550874254358192275e+02
2.901385267019271851e+03,7.550874253046456488e+02
2.906424624681472778e+03,7.550874252509203188e+02
2.911468263387680054e+03,7.550874248742516102e+02
2.916494894027709961e+03,7.550874258484702750e+02
2.921533648252487183e+03,7.550874247222706117e+02
2.926573932647705078e+03,7.550874238786236674e+02
2.931613707304000854e+03,7.550874233143040328e+02
2.936655158519744873e+03,7.550874233367395618e+02
2.941693105459213257e+03,7.550874246585103720e+02
2.946731768369674683e+03,7.550874254580704701e+02
2.951775506734848022e+03,7.550874259729916957e+02
2.956817504644393921e+03,7.550874243886336217e+02
2.961854640245437622e+03,7.550874249443230610e+02
2.966892255544662476e+03,7.550874257692425999e+02
2.971932908773422241e+03,7.550874260311960597e+02
2.976975680589675903e+03,7.550874270271696105e+02
2.982002541065216064e+03,7.550874262709467075e+02
2.987042040824890137e+03,7.550874266172580747e+02
2.992072148323059082e+03,7.550874270013733849e+02
2.997112759113311768e+03,7.550874261544749970e+02
3.002147325992584229e+03,7.550874266461104298e+02
3.007198760032653809e+03,7.550874261351679024e+02
3.012234624385833740e+03,7.550874264073370341e+02
3.017272680044174194e+03,7.550874256411374290e+02
3.022315922021865845e+03,7.550874259465714431e+02
3.027344624042510986e+03,7.550874266534883645e+02
3.032378545284271240e+03,7.550874258218235582e+02
3.037416193008422852e+03,7.550874266752622361e+02
3.042456318378448486e+03,7.550874276191515264e+02
3.047491880655288696e+03,7.550874265660451101e+02
3.052528492450714111e+03,7.550874274194343343e+02
3.057564624071121216e+03,7.550874273079925842e+02
3.062601663827896118e+03,7.550874275980477250e+02
3.067636375904083252e+03,7.550874271191290745e+02
3.072675613880157471e+03,7.550874272756386745e+02
3.077715164661407471e+03,7.550874272872364372e+02
3.082745776653289795e+03,7.550874271768188919e+02
3.087779340505599976e+03,7.550874263263843886e+02
3.092818995714187622e+03,7.550874267629026235e+02
3.097859047412872314e+03,7.550874273391204952e+02
3.102897664070129395e+03,7.550874270919680384e+02
3.107929359197616577e+03,7.550874286269599907e+02
3.112964232444763184e+03,7.550874279491655443e+02
3.118000128030776978e+03,7.550874294307917580e+02
3.123041703462600708e+03,7.550874287003456402e+02
3.128077813148498535e+03,7.550874288816559101e+02
3.133114913225173950e+03,7.550874283533498783e+02
3.138152874946594238e+03,7.550874270042692160e+02
3.143188376426696777e+03,7.550874266041446390e+02
3.148226932048797607e+03,7.550874281561387988e+02
3.153258809089660645e+03,7.550874269049143095e+02
3.158297393083572388e+03,7.550874269435804536e+02
3.163336590290069580e+03,7.550874268091714612e+02
3.168374896287918091e+03,7.550874277697751040e+02
3.173412548065185547e+03,7.550874272780912406e+02
3.178445625305175781e+03,7.550874276843125017e+02
3.183479683637619019e+03,7.550874268768437787e+02
3.188519915580749512e+03,7.550874286855128048e+02
3.193555602550506592e+03,7.550874302701223542e+02
3.198591663360595703e+03,7.550874300784411162e+02
3.203636301517486572e+03,7.550874296223506690e+02
3.208669203281402588e+03,7.550874309893466716e+02
3.213704016685485840e+03,7.550874290074229975e+02
3.218748630523681641e+03,7.550874313143457357e+02
3.223780561447143555e+03,7.550874301452615782e+02
3.228811604976654053e+03,7.550874301129795185e+02
3.233846217155456543e+03,7.550874314324823899e+02
3.238882935523986816e+03,7.550874323153119576e+02
3.243918712615966797e+03,7.550874320140653708e+02
3.248958090305328369e+03,7.550874308642721644e+02
3.253993695259094238e+03,7.550874316180921824e+02
3.259027678012847900e+03,7.550874323667231920e+02
3.264069088935852051e+03,7.550874310513039518e+02
3.269100337266921997e+03,7.550874315597906161e+02
3.274137738704681396e+03,7.550874319229548064e+02
3.279180924177169800e+03,7.550874302220792060e+02
3.284226381778717041e+03,7.550874326233486045e+02
3.289257461071014404e+03,7.550874318420144391e+02
3.294303277254104614e+03,7.550874325787045791e+02
3.299344978332519531e+03,7.550874327600191691e+02
3.304381437063217163e+03,7.550874323635117662e+02
3.309418052673339844e+03,7.550874326114887936e+02
3.314458673954010010e+03,7.550874335168837206e+02
3.319502833843231201e+03,7.550874338327402029e+02
3.324538427829742432e+03,7.550874344488714769e+02
3.329578526735305786e+03,7.550874350870025182e+02
3.334615052223205566e+03,7.550874348798987512e+02
3.339652364492416382e+03,7.550874354584026378e+02
3.344692790985107422e+03,7.550874364978930089e+02
3.349729328632354736e+03,7.550874363071507105e+02
3.354767795324325562e+03,7.550874361466940172e+02
3.359803778171539307e+03,7.550874367369665379e+02
3.364839952468872070e+03,7.550874377658919911e+02
3.369870719432830811e+03,7.550874379533164529e+02
3.374909538745880127e+03,7.550874381564377700e+02
3.379951757669448853e+03,7.550874381495365242e+02
3.384980130672454834e+03,7.550874380483735422e+02
3.390011595249176025e+03,7.550874366518793295e+02
3.395051351785659790e+03,7.550874376125102572e+02
3.400086757421493530e+03,7.550874373525618921e+02
3.405123647212982178e+03,7.550874377751714519e+02
3.410162708759307861e+03,7.550874360623035955e+02
3.415200916767120361e+03,7.550874361900314398e+02
3.420237240552902222e+03,7.550874359430034701e+02
3.425272710084915161e+03,7.550874361610573260e+02
3.430310866117477417e+03,7.550874371620242300e+02
3.435347276926040649e+03,7.550874369229887861e+02
3.440385999917984009e+03,7.550874370084164866e+02
3.445426733493804932e+03,7.550874368175817608e+02
3.450459257841110229e+03,7.550874373653164184e+02
3.455498863697052002e+03,7.550874365427505381e+02
3.460540627479553223e+03,7.550874359028285880e+02
3.465575626611709595e+03,7.550874372354710431e+02
3.470613441467285156e+03,7.550874382167470458e+02
3.475647626161575317e+03,7.550874384840203675e+02
3.480687178611755371e+03,7.550874392705762830e+02
3.485727369308471680e+03,7.550874392679961602e+02
3.490760518074035645e+03,7.550874392973352087e+02
3.495800200939178467e+03,7.550874400090929157e+02
3.500835917234420776e+03,7.550874403258900429e+02
3.505872423887252808e+03,7.550874416182102777e+02
3.510916628599166870e+03,7.550874399709650788e+02
3.515948612689971924e+03,7.550874404784824492e+02
3.520983766078948975e+03,7.550874400192838038e+02
3.526025988101959229e+03,7.550874407376311410e+02
3.531068396329879761e+03,7.550874419784719294e+02
3.536101041316986084e+03,7.550874408037313970e+02
3.541143627166748047e+03,7.550874412430765688e+02
3.546174224138259888e+03,7.550874404745791253e+02
3.551208626031875610e+03,7.550874417572296124e+02
3.556242051124572754e+03,7.550874415689380612e+02
3.561280411958694458e+03,7.550874427810814495e+02
3.566315405607223511e+03,7.550874431625185252e+02
3.571361966609954834e+03,7.550874426433022109e+02
3.576394072294235229e+03,7.550874432243346064e+02
3.581430656671524048e+03,7.550874423978218601e+02
3.586472032546997070e+03,7.550874436583095530e+02
3.591519582509994507e+03,7.550874434611963579e+02
3.596544624328613281e+03,7.550874426515791811e+02
3.601575109720230103e+03,7.550874415216874240e+02
3.606612479686737061e+03,7.550874425622079116e+02
3.611652436733245850e+03,7.550874428623476433e+02
3.616693693876266479e+03,7.550874416209925357e+02
3.621733566761016846e+03,7.550874428833495813e+02
3.626770472288131714e+03,7.550874438821233525e+02
3.631807392835617065e+03,7.550874427385415402e+02
3.636844624996185303e+03,7.550874444157022936e+02
3.641882622957229614e+03,7.550874453576503811e+02
3.646921579599380493e+03,7.550874454029936942e+02
3.651962860107421875e+03,7.550874461455173332e+02
3.657000508069992065e+03,7.550874479030160273e+02
3.662041384458541870e+03,7.550874475712814728e+02
3.667083448648452759e+03,7.550874487602920908e+02
3.672118355035781860e+03,7.550874466135259127e+02
3.677147521495819092e+03,7.550874472773170965e+02
3.682184751987457275e+03,7.550874471078610668e+02
3.687221794366836548e+03,7.550874465520303147e+02
3.692255177974700928e+03,7.550874471156298569e+02
3.697289429664611816e+03,7.550874476379344742e+02
3.702323363065719604e+03,7.550874482743166709e+02
3.707358008146286011e+03,7.550874486831480681e+02
3.712394070386886597e+03,7.550874478250168522e+02
3.717433860063552856e+03,7.550874474080875416e+02
3.722476054430007935e+03,7.550874474046752312e+02
3.727511815547943115e+03,7.550874483211832739e+02
3.732544685840606689e+03,7.550874484112713390e+02
3.737583547830581665e+03,7.550874484423488866e+02
3.742621571063995361e+03,7.550874495416334184e+02
3.747664625167846680e+03,7.550874498537153841e+02
3.752693977594375610e+03,7.550874504054169165e+02
3.757731428384780884e+03,7.550874502768417642e+02
3.762772289514541626e+03,7.550874513457461035e+02
3.767815626859664917e+03,7.550874522558392528e+02
3.772854626417160034e+03,7.550874535220040116e+02
3.777898413658142090e+03,7.550874529128743688e+02
3.782942943334579468e+03,7.550874525747509551e+02
3.787979893207550049e+03,7.550874536006672315e+02
3.793023539304733276e+03,7.550874526372268747e+02
3.798060859203338623e+03,7.550874538567516083e+02
3.803098396539688110e+03,7.550874540799198940e+02
3.808132679462432861e+03,7.550874541977044601e+02
3.813171095848083496e+03,7.550874562716771834e+02
3.818211931467056274e+03,7.550874563472779073e+02
3.823247344493865967e+03,7.550874560054999165e+02
3.828294624567031860e+03,7.550874570579726424e+02
3.833325666666030884e+03,7.550874576232176878e+02
3.838364163637161255e+03,7.550874578642309416e+02
3.843402899980545044e+03,7.550874581397607699e+02
3.848442018270492554e+03,7.550874567955108887e+02
3.853478791475296021e+03,7.550874564098792234e+02
3.858514624595642090e+03,7.550874566161351140e+02
3.863549356460571289e+03,7.550874567888412230e+02
3.868584625482559204e+03,7.550874574296029778e+02
3.873617038965225220e+03,7.550874575137289639e+02
3.878656343460083008e+03,7.550874566081863577e+02
3.883691733121871948e+03,7.550874565498112361e+02
3.888724621534347534e+03,7.550874570486886341e+02
3.893762104272842407e+03,7.550874569362605371e+02
3.898800708532333374e+03,7.550874573717865132e+02
3.903844144582748413e+03,7.550874576867065571e+02
3.908879946708679199e+03,7.550874588414470736e+02
3.913922941684722900e+03,7.550874577656674091e+02
3.918955696105957031e+03,7.550874566992407608e+02
3.923999258279800415e+03,7.550874576813223484e+02
3.929033202409744263e+03,7.550874582128192287e+02
3.934065627336502075e+03,7.550874575983135628e+02
3.939100798368453979e+03,7.550874582177290222e+02
3.944141952753067017e+03,7.550874578973475764e+02
3.949180529356002808e+03,7.550874596897052697e+02
3.954214624643325806e+03,7.550874597456797801e+02
3.959247617006301880e+03,7.550874601869709295e+02
3.964281215906143188e+03,7.550874612680602240e+02
3.969323407411575317e+03,7.550874609833894056e+02
3.974356869935989380e+03,7.550874604433429340e+02
3.979390786647796631e+03,7.550874615866943032e+02
3.984428292274475098e+03,7.550874611323446288e+02
3.989462476015090942e+03,7.550874622974744170e+02
3.994497686386108398e+03,7.550874627219303648e+02
3.999526628732681274e+03,7.550874628192342470e+02
4.004575210571289062e+03,7.550874633540362311e+02
4.009606766462326050e+03,7.550874639508597284e+02
4.014640025854110718e+03,7.550874630858045293e+02
4.019683267593383789e+03,7.550874627169264386e+02
4.024716625928878784e+03,7.550874619126934704e+02
4.029756645679473877e+03,7.550874633491894201e+02
4.034793499231338501e+03,7.550874629293095950e+02
4.039837608814239502e+03,7.550874639407650193e+02
4.044870881080627441e+03,7.550874643679203473e+02
4.049908585309982300e+03,7.550874631361633647e+02
4.054943642616271973e+03,7.550874638314795675e+02
4.059987530946731567e+03,7.550874651478856094e+02
4.065029131889343262e+03,7.550874658692257526e+02
4.070064624547958374e+03,7.550874656595449324e+02
4.075105587482452393e+03,7.550874657159906747e+02
4.080148482561111450e+03,7.550874667176535695e+02
4.085179201602935791e+03,7.550874674775519679e+02
4.090209968805313110e+03,7.550874662834487481e+02
4.095238751411437988e+03,7.550874666683520218e+02
4.100276554107666016e+03,7.550874653589351055e+02
4.105314524412155151e+03,7.550874668575298756e+02
4.110352040052413940e+03,7.550874652629128150e+02
4.115388284444808960e+03,7.550874651140043170e+02
4.120426933050155640e+03,7.550874657918112689e+02
4.125465820550918579e+03,7.550874652605334632e+02
4.130500938653945923e+03,7.550874655599774314e+02
4.135539767742156982e+03,7.550874664698282004e+02
4.140579541206359863e+03,7.550874653818837032e+02
4.145620460748672485e+03,7.550874655045266763e+02
4.150657708644866943e+03,7.550874657985614249e+02
4.155698154449462891e+03,7.550874664048149043e+02
4.160738178253173828e+03,7.550874669496406568e+02
4.165775414228439331e+03,7.550874666861733431e+02
4.170809282541275024e+03,7.550874667931269641e+02
4.175843909978866577e+03,7.550874661396934471e+02
4.180883468151092529e+03,7.550874662535592279e+02
4.185920000553131104e+03,7.550874666489480660e+02
4.190957378387451172e+03,7.550874675061135122e+02
4.196002542018890381e+03,7.550874673896342983e+02
4.201026924610137939e+03,7.550874678374116229e+02
4.206059713602066040e+03,7.550874674312043453e+02
4.211095036983489990e+03,7.550874687708776491e+02
4.216131146907806396e+03,7.550874680627351836e+02
4.221163184642791748e+03,7.550874684937124357e+02
4.226200173854827881e+03,7.550874684746067942e+02
4.231250722408294678e+03,7.550874680692313632e+02
4.236286577939987183e+03,7.550874686701299652e+02
4.241322551250457764e+03,7.550874683194646195e+02
4.246356652498245239e+03,7.550874685422421635e+02
4.251392679452896118e+03,7.550874696979769851e+02
4.256425590515136719e+03,7.550874708134373350e+02
4.261467315435409546e+03,7.550874688649487325e+02
4.266501081466674805e+03,7.550874697914759963e+02
4.271536923170089722e+03,7.550874705793114572e+02
4.276571812868118286e+03,7.550874692614331707e+02
4.281609528779983521e+03,7.550874695432883072e+02
4.286648724794387817e+03,7.550874704135502498e+02
4.291687628984451294e+03,7.550874687894023509e+02
4.296718322277069092e+03,7.550874683483365288e+02
4.301755096912384033e+03,7.550874680920248920e+02
4.306790789127349854e+03,7.550874692370693992e+02
4.311828808546066284e+03,7.550874692743616379e+02
4.316862629890441895e+03,7.550874698597483530e+02
4.321907452106475830e+03,7.550874706843815147e+02
4.326941110849380493e+03,7.550874704786998564e+02
4.331981166839599609e+03,7.550874694802676004e+02
4.337014928102493286e+03,7.550874703310197447e+02
4.342054517984390259e+03,7.550874706897753867e+02
4.347088359117507935e+03,7.550874703947561102e+02
4.352127357482910156e+03,7.550874710340250431e+02
4.357165881156921387e+03,7.550874708638619950e+02
4.362202949047088623e+03,7.550874711570378395e+02
4.367238780975341797e+03,7.550874712846172088e+02
4.372268387794494629e+03,7.550874709549561885e+02
4.377306036949157715e+03,7.550874725258254330e+02
4.382343979597091675e+03,7.550874729514147248e+02
4.387376496315002441e+03,7.550874713818325290e+02
4.392418857336044312e+03,7.550874720333788446e+02
4.397460238695144653e+03,7.550874732023344222e+02
4.402489469289779663e+03,7.550874724112470631e+02
4.407523631572723389e+03,7.550874725868472979e+02
4.412554625034332275e+03,7.550874719056909044e+02
4.417593381404876709e+03,7.550874713457192229e+02
4.422633862972259521e+03,7.550874711546101707e+02
4.427668089389801025e+03,7.550874719788846505e+02
4.432707894563674927e+03,7.550874718668826517e+02
4.437754477024078369e+03,7.550874722840305822e+02
4.442790371417999268e+03,7.550874721047871390e+02
4.447823947906494141e+03,7.550874727573976770e+02
4.452860517978668213e+03,7.550874732472877895e+02
4.457898122310638428e+03,7.550874735859940756e+02
4.462936978340148926e+03,7.550874723984666161e+02
4.467977879524230957e+03,7.550874729308451379e+02
4.473010835409164429e+03,7.550874721986140230e+02
4.478044625997543335e+03,7.550874724029980598e+02
4.483083766460418701e+03,7.550874729712136286e+02
4.488121311426162720e+03,7.550874746111436480e+02
4.493148698806762695e+03,7.550874742389439689e+02
4.498185417413711548e+03,7.550874724442546722e+02
4.503211441516876221e+03,7.550874734913378461e+02
4.508247650384902954e+03,7.550874742703929314e+02
4.513291541576385498e+03,7.550874733036195039e+02
4.518330569267272949e+03,7.550874731378565912e+02
4.523364935874938965e+03,7.550874747656567934e+02
4.528405861854553223e+03,7.550874736026873961e+02
4.533445538520812988e+03,7.550874744969098629e+02
4.538480486154556274e+03,7.550874749053681398e+02
4.543521762371063232e+03,7.550874734949269396e+02
4.548562631130218506e+03,7.550874755025917011e+02
4.553605026483535767e+03,7.550874749390396801e+02
4.558646148681640625e+03,7.550874752773976297e+02
4.563684836626052856e+03,7.550874744197418522e+02
4.568723082304000854e+03,7.550874751586142111e+02
4.573766545534133911e+03,7.550874755059005565e+02
4.578809515953063965e+03,7.550874738411243925e+02
4.583843767642974854e+03,7.550874761066435212e+02
4.588878265857696533e+03,7.550874757728920486e+02
4.593921886920928955e+03,7.550874755294564693e+02
4.598952942371368408e+03,7.550874761472942964e+02
4.603984528303146362e+03,7.550874752645921717e+02
4.609029804229736328e+03,7.550874760727440389e+02
4.614066453933715820e+03,7.550874763768453022e+02
4.619098235845565796e+03,7.550874766674123748e+02
4.624134197473526001e+03,7.550874757284215093e+02
4.629168670654296875e+03,7.550874759435395163e+02
4.634204623699188232e+03,7.550874766174734987e+02
4.639241987228393555e+03,7.550874764434253166e+02
4.644282267093658447e+03,7.550874772819144027e+02
4.649326480388641357e+03,7.550874766915379723e+02
4.654366472721099854e+03,7.550874777194827630e+02
4.659393106937408447e+03,7.550874779140240207e+02
4.664433721303939819e+03,7.550874775651582240e+02
4.669472413301467896e+03,7.550874767613987615e+02
4.674518409252166748e+03,7.550874774353172825e+02
4.679548014402389526e+03,7.550874769672227558e+02
4.684584059715270996e+03,7.550874782124179774e+02
4.689626486301422119e+03,7.550874770747553839e+02
4.694659656524658203e+03,7.550874772873397660e+02
4.699698630332946777e+03,7.550874773206395503e+02
4.704736739158630371e+03,7.550874777838698719e+02
4.709771295785903931e+03,7.550874765522871712e+02
4.714805186271667480e+03,7.550874772243221287e+02
4.719835204124450684e+03,7.550874777826734316e+02
4.724875190734863281e+03,7.550874773967802867e+02
4.729916112899780273e+03,7.550874781394774118e+02
4.734949728488922119e+03,7.550874772617453345e+02
4.739983826637268066e+03,7.550874785380337926e+02
4.745023409366607666e+03,7.550874778448580855e+02
4.750056591749191284e+03,7.550874780985453754e+02
4.755098448991775513e+03,7.550874787923219174e+02
4.760135337352752686e+03,7.550874781357997563e+02
4.765170174121856689e+03,7.550874782213917342e+02
4.770208914995193481e+03,7.550874788698713473e+02
4.775247295856475830e+03,7.550874786170415973e+02
4.780289231777191162e+03,7.550874788164271649e+02
4.785327597856521606e+03,7.550874797737335484e+02
4.790362925291061401e+03,7.550874790286054576e+02
4.795406601190567017e+03,7.550874806727243822e+02
4.800443890333175659e+03,7.550874796752437987e+02
4.805479056119918823e+03,7.550874805913937280e+02
4.810517179965972900e+03,7.550874797780784320e+02
4.815561519861221313e+03,7.550874793804762248e+02
4.820602255105972290e+03,7.550874794971963411e+02
4.825643239259719849e+03,7.550874803403874012e+02
4.830687302589416504e+03,7.550874805023504450e+02
4.835720018148422241e+03,7.550874798519462274e+02
4.840755088329315186e+03,7.550874810036061717e+02
4.845801532745361328e+03,7.550874824402052354e+02
4.850838651180267334e+03,7.550874828958365015e+02
4.855867240667343140e+03,7.550874819427492639e+02
4.860905082941055298e+03,7.550874822193754881e+02
4.865945625543594360e+03,7.550874828039243312e+02
4.870985357999801636e+03,7.550874839455323126e+02
4.876014624834060669e+03,7.550874842488639160e+02
4.881051993370056152e+03,7.550874846714339128e+02
4.886096010446548462e+03,7.550874851301698527e+02
4.891127012252807617e+03,7.550874845940271598e+02
4.896162629127502441e+03,7.550874849025508411e+02
4.901200144767761230e+03,7.550874857092741195e+02
4.906239903211593628e+03,7.550874849459419238e+02
4.911274730205535889e+03,7.550874840562145209e+02
4.916315390586853027e+03,7.550874837719613879e+02
4.921350431203842163e+03,7.550874837446567653e+02
4.926384377002716064e+03,7.550874837213580122e+02
4.931418692588806152e+03,7.550874832303521771e+02
4.936456387042999268e+03,7.550874834989110695e+02
4.941490977525711060e+03,7.550874832908499457e+02
4.946527889490127563e+03,7.550874844643889219e+02
4.951565914154052734e+03,7.550874842357263788e+02
4.956602016925811768e+03,7.550874847636255254e+02
4.961643710136413574e+03,7.550874862383311665e+02
4.966680436134338379e+03,7.550874873941568239e+02
4.971716648578643799e+03,7.550874867977997837e+02
4.976758362054824829e+03,7.550874876213530342e+02
4.981797433853149414e+03,7.550874881377865222e+02
4.986828501701354980e+03,7.550874876729423022e+02
4.991863740205764771e+03,7.550874878805875596e+02
4.996896144628524780e+03,7.550874882233628114e+02
5.001938679456710815e+03,7.550874875878348575e+02
5.006973436832427979e+03,7.550874878707924154e+02
5.012010478496551514e+03,7.550874873844451258e+02
5.017045220375061035e+03,7.550874882093526139e+02
5.022080933570861816e+03,7.550874886992979782e+02
5.027117864370346069e+03,7.550874894575032386e+02
5.032159672260284424e+03,7.550874900696637724e+02
5.037198176383972168e+03,7.550874909162189397e+02
5.042230806589126587e+03,7.550874904449192400e+02
5.047270425319671631e+03,7.550874913924292287e+02
5.052308727025985718e+03,7.550874910286203203e+02
5.057336478233337402e+03,7.550874909428529236e+02
5.062372744321823120e+03,7.550874907105192051e+02
5.067410896062850952e+03,7.550874910076475999e+02
5.072442106723785400e+03,7.550874914047807351e+02
5.077478827238082886e+03,7.550874924963137573e+02
5.082517035722732544e+03,7.550874911587428642e+02
5.087551855087280273e+03,7.550874926340947013e+02
5.092589021921157837e+03,7.550874923768051303e+02
5.097626851081848145e+03,7.550874917551642511e+02
5.102669229030609131e+03,7.550874936214923991e+02
5.107713621377944946e+03,7.550874930286652216e+02
5.112750636339187622e+03,7.550874947999240021e+02
5.117786825656890869e+03,7.550874955427429995e+02
5.122831513166427612e+03,7.550874948215682707e+02
5.127866916894912720e+03,7.550874942769321478e+02
5.132899535417556763e+03,7.550874943551575598e+02
5.137939744472503662e+03,7.550874945831448031e+02
5.142983019351959229e+03,7.550874944747571362e+02
5.148026018381118774e+03,7.550874940368378248e+02
5.153053575038909912e+03,7.550874956734475063e+02
5.158098595380783081e+03,7.550874951264735273e+02
5.163140684366226196e+03,7.550874964619325738e+02
5.168182441473007202e+03,7.550874966769060848e+02
5.173217233657836914e+03,7.550874976054202534e+02
5.178259248495101929e+03,7.550874972634823052e+02
5.183296366453170776e+03,7.550874985010824503e+02
5.188329394340515137e+03,7.550874986128528690e+02
5.193364536046981812e+03,7.550874986347112099e+02
5.198399529457092285e+03,7.550874994084229002e+02
5.203433130264282227e+03,7.550874978465931235e+02
5.208470939397811890e+03,7.550874995397809926e+02
5.213511559963226318e+03,7.550874978914356461e+02
5.218549768686294556e+03,7.550874976495678084e+02
5.223595593929290771e+03,7.550874964569550229e+02
5.228624617576599121e+03,7.550874959472357659e+02
5.233667874336242676e+03,7.550874974497747871e+02
5.238703193664550781e+03,7.550874968209465123e+02
5.243736992359161377e+03,7.550874963000909474e+02
5.248776051521301270e+03,7.550874969650675439e+02
5.253809894084930420e+03,7.550874972740490421e+02
5.258846839904785156e+03,7.550874977683320139e+02
5.263886704921722412e+03,7.550874974966371838e+02
5.268927433252334595e+03,7.550874984989654877e+02
5.273962845563888550e+03,7.550874981223046234e+02
5.279005689144134521e+03,7.550874999428619958e+02
5.284052275896072388e+03,7.550875010040742836e+02
5.289078628301620483e+03,7.550874991278301422e+02
5.294115829706192017e+03,7.550874999494807298e+02
5.299154189109802246e+03,7.550875003872001798e+02
5.304188432216644287e+03,7.550874993169206846e+02
5.309229945182800293e+03,7.550875002140271590e+02
5.314260498285293579e+03,7.550874986930243722e+02
5.319292430639266968e+03,7.550874987062820765e+02
5.324330682039260864e+03,7.550874985821943710e+02
5.329365691184997559e+03,7.550874985136442774e+02
5.334404114007949829e+03,7.550874989873431105e+02
5.339438330411911011e+03,7.550874986514702414e+02
5.344474831342697144e+03,7.550874996175832621e+02
5.349523395776748657e+03,7.550875000110742121e+02
5.354562703132629395e+03,7.550875002956781827e+02
5.359594624280929565e+03,7.550874998897870682e+02
5.364628231525421143e+03,7.550875018983566633e+02
5.369662285327911377e+03,7.550875016461629912e+02
5.374696691989898682e+03,7.550875039042490471e+02
5.379726647138595581e+03,7.550875028411455787e+02
5.384767797946929932e+03,7.550875028182485948e+02
5.389808604955673218e+03,7.550875032401927456e+02
5.394853249788284302e+03,7.550875027935385333e+02
5.399886363744735718e+03,7.550875019930673488e+02
5.404922295093536377e+03,7.550875015637071783e+02
5.409958266973495483e+03,7.550875038043961922e+02
5.414996603250503540e+03,7.550875032782948892e+02
5.420024623632431030e+03,7.550875025120092232e+02
5.425060381650924683e+03,7.550875030471027003e+02
5.430101829767227173e+03,7.550875047549556029e+02
5.435136014461517334e+03,7.550875050783620281e+02
5.440168280124664307e+03,7.550875050410530775e+02
5.445213789224624634e+03,7.550875036964315541e+02
5.450247030258178711e+03,7.550875034648480550e+02
5.455281031847000122e+03,7.550875043425414788e+02
5.460325005531311035e+03,7.550875030982811040e+02
5.465361234903335571e+03,7.550875040786763748e+02
5.470393444776535034e+03,7.550875035508881865e+02
5.475432223081588745e+03,7.550875038278834381e+02
5.480461571931838989e+03,7.550875032969205449e+02
5.485500072717666626e+03,7.550875050556854831e+02
5.490543252468109131e+03,7.550875041143419821e+02
5.495576168060302734e+03,7.550875035017395476e+02
5.500607584476470947e+03,7.550875056008624142e+02
5.505654778718948364e+03,7.550875054793824575e+02
5.510694624900817871e+03,7.550875057854887018e+02
5.515727976560592651e+03,7.550875057480573105e+02
5.520768075227737427e+03,7.550875064981046307e+02
5.525806713342666626e+03,7.550875067962874709e+02
5.530846791744232178e+03,7.550875076698598605e+02
5.535890671014785767e+03,7.550875066925416377e+02
5.540923403024673462e+03,7.550875077442326528e+02
5.545963351726531982e+03,7.550875075243891388e+02
5.550998603582382202e+03,7.550875064624964352e+02
5.556036603450775146e+03,7.550875064162096351e+02
5.561096341371536255e+03,7.550875079304191786e+02
5.566125726699829102e+03,7.550875088304402425e+02
5.571165715217590332e+03,7.550875070070408128e+02
5.576200388669967651e+03,7.550875070443536288e+02
5.581252779483795166e+03,7.550875074211861602e+02
5.586281836509704590e+03,7.550875073208076174e+02
5.591318713188171387e+03,7.550875070109257194e+02
5.596354077100753784e+03,7.550875075204945688e+02
5.601397785425186157e+03,7.550875074660029895e+02
5.606425084829330444e+03,7.550875077104483353e+02
5.611456815719604492e+03,7.550875067290198785e+02
5.616491063117980957e+03,7.550875069440853622e+02
5.621534624576568604e+03,7.550875074225280059e+02
5.626572415590286255e+03,7.550875079131053553e+02
5.631611711978912354e+03,7.550875079255068840e+02
5.636652575969696045e+03,7.550875072009799851e+02
5.641688365697860718e+03,7.550875069051461423e+02
5.646723641872406006e+03,7.550875063722620553e+02
5.651761154890060425e+03,7.550875071615387242e+02
5.656801116466522217e+03,7.550875076513669910e+02
5.661840465784072876e+03,7.550875084331921698e+02
5.666876711368560791e+03,7.550875070898157446e+02
5.671924344778060913e+03,7.550875068252469191e+02
5.676964625358581543e+03,7.550875070968639875e+02
5.681994773626327515e+03,7.550875081044564467e+02
5.687029783010482788e+03,7.550875078587803273e+02
5.692070002079010010e+03,7.550875080653629539e+02
5.697099992990493774e+03,7.550875081599245959e+02
5.702128617525100708e+03,7.550875092050584954e+02
5.707161875486373901e+03,7.550875084796165311e+02
5.712199446201324463e+03,7.550875093494998964e+02
5.717239640235900879e+03,7.550875078027879681e+02
5.722279259681701660e+03,7.550875078136713228e+02
5.727312534570693970e+03,7.550875088221051783e+02
5.732347504377365112e+03,7.550875094014212436e+02
5.737389094352722168e+03,7.550875082677497403e+02
5.742418202877044678e+03,7.550875080049938788e+02
5.747457048177719116e+03,7.550875105538433445e+02
5.752491351842880249e+03,7.550875091279971230e+02
5.757531918525695801e+03,7.550875080624506381e+02
5.762569469213485718e+03,7.550875112306908932e+02
5.767607376098632812e+03,7.550875105017687474e+02
5.772653286933898926e+03,7.550875104977229739e+02
5.777687594652175903e+03,7.550875100386871281e+02
5.782718586683273315e+03,7.550875114569785183e+02
5.787754625797271729e+03,7.550875116906454423e+02
5.792797446727752686e+03,7.550875124609311797e+02
5.797828911066055298e+03,7.550875105209281628e+02
5.802869915485382080e+03,7.550875109308421997e+02
5.807907326698303223e+03,7.550875096718584700e+02
5.812944964885711670e+03,7.550875124845232449e+02
5.817991599082946777e+03,7.550875120406977885e+02
5.823028093576431274e+03,7.550875124294811940e+02
5.828067011356353760e+03,7.550875131454531584e+02
5.833099641561508179e+03,7.550875123861562770e+02
5.838142343044281006e+03,7.550875124971028072e+02
5.843175488233566284e+03,7.550875120039139574e+02
5.848212560415267944e+03,7.550875134716814046e+02
5.853255533933639526e+03,7.550875133733335360e+02
5.858285627126693726e+03,7.550875126878379433e+02
5.863321262836456299e+03,7.550875115390550718e+02
5.868360696315765381e+03,7.550875125685902276e+02
5.873390132904052734e+03,7.550875128321598595e+02
5.878424695968627930e+03,7.550875125692664369e+02
5.883459511995315552e+03,7.550875116398883620e+02
5.888502441406250000e+03,7.550875112759374588e+02
5.893535611152648926e+03,7.550875107490107894e+02
5.898576675891876221e+03,7.550875103443985381e+02
5.903609877586364746e+03,7.550875104769262407e+02
5.908652338981628418e+03,7.550875110402565724e+02
5.913687627792358398e+03,7.550875096796193020e+02
5.918725570678710938e+03,7.550875091639453558e+02
5.923759875059127808e+03,7.550875103932469301e+02
5.928798657894134521e+03,7.550875100919171246e+02
5.933836961984634399e+03,7.550875105404752503e+02
5.938867273807525635e+03,7.550875103286709873e+02
5.943899411439895630e+03,7.550875103396263057e+02
5.948934154510498047e+03,7.550875104611581037e+02
5.953971261978149414e+03,7.550875116099164188e+02
5.959007476091384888e+03,7.550875113017737021e+02
5.964045093297958374e+03,7.550875108249856567e+02
5.969080792903900146e+03,7.550875113845415854e+02
5.974116976976394653e+03,7.550875128639370359e+02
5.979147467136383057e+03,7.550875131983788151e+02
5.984203366279602051e+03,7.550875126892308344e+02
5.989224213600158691e+03,7.550875125134009522e+02
5.994259447813034058e+03,7.550875123548333931e+02
5.999298298120498657e+03,7.550875135077531013e+02
6.004333061218261719e+03,7.550875128353338823e+02
6.009368031740188599e+03,7.550875127739064965e+02
6.014399366140365601e+03,7.550875119108801528e+02
6.019435827970504761e+03,7.550875120034467045e+02
6.024473002433776855e+03,7.550875130511982434e+02
6.029508337497711182e+03,7.550875129179705709e+02
6.034542648077011108e+03,7.550875115862017992e+02
6.039585230350494385e+03,7.550875132128081759e+02
6.044614623785018921e+03,7.550875127216082774e+02
6.049651128053665161e+03,7.550875125006690496e+02
6.054686546087265015e+03,7.550875129258740799e+02
6.059723881006240845e+03,7.550875134951014616e+02
6.064755918502807617e+03,7.550875148258419358e+02
6.069795627117156982e+03,7.550875134008369969e+02
6.074839629173278809e+03,7.550875140131258831e+02
6.079880720853805542e+03,7.550875123972438132e+02
6.084919417619705200e+03,7.550875119887390383e+02
6.089967034816741943e+03,7.550875133444421863e+02
6.094997471570968628e+03,7.550875121243300327e+02
6.100032737016677856e+03,7.550875124841442130e+02
6.105071757793426514e+03,7.550875117987425256e+02
6.110106892585754395e+03,7.550875132427386234e+02
6.115143191099166870e+03,7.550875128894493855e+02
6.120178256034851074e+03,7.550875139874781325e+02
6.125217122793197632e+03,7.550875129133454493e+02
6.130253138542175293e+03,7.550875134863973699e+02
6.135290726184844971e+03,7.550875140182475889e+02
6.140326205015182495e+03,7.550875115142770255e+02
6.145365249395370483e+03,7.550875131837249228e+02
6.150403150796890259e+03,7.550875150658092707e+02
6.155437334299087524e+03,7.550875134145964012e+02
6.160470895051956177e+03,7.550875133135214128e+02
6.165508978128433228e+03,7.550875139197837598e+02
6.170549087047576904e+03,7.550875152062535562e+02
6.175592725515365601e+03,7.550875152622339783e+02
6.180633185148239136e+03,7.550875156922345468e+02
6.185673485279083252e+03,7.550875151100563016e+02
6.190711126565933228e+03,7.550875125989892922e+02
6.195744234800338745e+03,7.550875127450927948e+02
6.200787906408309937e+03,7.550875134041975798e+02
6.205823332071304321e+03,7.550875117147651281e+02
6.210866075038909912e+03,7.550875112132923732e+02
6.215898626804351807e+03,7.550875125844862623e+02
6.220935625076293945e+03,7.550875115196147362e+02
6.225968733787536621e+03,7.550875126494822780e+02
6.231009868144989014e+03,7.550875119249310501e+02
6.236040717363357544e+03,7.550875120871107811e+02
6.241092561244964600e+03,7.550875114859524047e+02
6.246113683700561523e+03,7.550875119623326555e+02
6.251150995016098022e+03,7.550875132562844101e+02
6.256185634374618530e+03,7.550875131154174369e+02
6.261225991487503052e+03,7.550875133887412858e+02
6.266262079954147339e+03,7.550875138277143606e+02
6.271288726568222046e+03,7.550875137161179964e+02
6.276320927143096924e+03,7.550875124247105532e+02
6.281352774858474731e+03,7.550875128971584900e+02
6.286389785766601562e+03,7.550875122735177456e+02
6.291423634529113770e+03,7.550875140551727327e+02
6.296459563493728638e+03,7.550875126079972688e+02
6.301493406057357788e+03,7.550875126599650002e+02
6.306522015810012817e+03,7.550875120269859053e+02
6.311560159683227539e+03,7.550875137545157259e+02
6.316594225406646729e+03,7.550875147424052329e+02
6.321625388383865356e+03,7.550875140058946045e+02
6.326663878202438354e+03,7.550875151198428057e+02
6.331701240301132202e+03,7.550875154211572635e+02
6.336741771221160889e+03,7.550875154916486736e+02
6.341776358842849731e+03,7.550875155079522756e+02
6.346822156667709351e+03,7.550875155383627089e+02
6.351853981733322144e+03,7.550875147082385865e+02
6.356893734931945801e+03,7.550875131311013320e+02
6.361939282894134521e+03,7.550875148337487417e+02
6.366972038269042969e+03,7.550875140111825203e+02
6.372010656595230103e+03,7.550875146990152871e+02
6.377064624309539795e+03,7.550875143412470152e+02
6.382093861341476440e+03,7.550875148236284531e+02
6.387134608983993530e+03,7.550875157943499971e+02
6.392172996520996094e+03,7.550875163738803622e+02
6.397210811376571655e+03,7.550875164087959774e+02
6.402248865127563477e+03,7.550875152303493678e+02
6.407286664009094238e+03,7.550875157514457214e+02
6.412329875946044922e+03,7.550875157617696232e+02
6.417357290744781494e+03,7.550875163527059613e+02
6.422393724441528320e+03,7.550875147004793462e+02
6.427439831733703613e+03,7.550875140757535746e+02
6.432473763704299927e+03,7.550875146523945887e+02
6.437511193037033081e+03,7.550875149830687860e+02
6.442545707225799561e+03,7.550875172600401584e+02
6.447580528259277344e+03,7.550875164940254081e+02
6.452614628314971924e+03,7.550875179415589855e+02
6.457646860837936401e+03,7.550875163053584629e+02
6.462680099964141846e+03,7.550875167913383166e+02
6.467714623689651489e+03,7.550875171128236616e+02
6.472750957727432251e+03,7.550875186450193723e+02
6.477786620140075684e+03,7.550875180793036634e+02
6.482823588848114014e+03,7.550875168419707961e+02
6.487860033512115479e+03,7.550875182891466011e+02
6.492900380373001099e+03,7.550875189266831740e+02
6.497939732313156128e+03,7.550875188236113900e+02
6.502976178407669067e+03,7.550875191923749981e+02
6.508023547172546387e+03,7.550875191153827473e+02
6.513056046962738037e+03,7.550875192947477217e+02
6.518086878299713135e+03,7.550875182524254114e+02
6.523131136178970337e+03,7.550875189802234217e+02
6.528172077894210815e+03,7.550875183152095360e+02
6.533213334560394287e+03,7.550875201129746301e+02
6.538251010417938232e+03,7.550875215160871221e+02
6.543289180517196655e+03,7.550875196732346240e+02
6.548329494476318359e+03,7.550875208995389585e+02
6.553374624729156494e+03,7.550875224924675422e+02
6.558412438392639160e+03,7.550875226179828132e+02
6.563450575590133667e+03,7.550875208225326105e+02
6.568490295886993408e+03,7.550875207941065810e+02
6.573523641347885132e+03,7.550875223368178695e+02
6.578557390451431274e+03,7.550875192848824327e+02
6.583598725557327271e+03,7.550875199762754164e+02
6.588628266572952271e+03,7.550875195645462554e+02
6.593667182683944702e+03,7.550875202224514169e+02
6.598706822633743286e+03,7.550875211476177356e+02
6.603745702505111694e+03,7.550875204976098303e+02
6.608787355422973633e+03,7.550875200664557951e+02
6.613819647312164307e+03,7.550875207709526649e+02
6.618853207111358643e+03,7.550875202587194508e+02
6.623893275976181030e+03,7.550875216658780573e+02
6.628929036378860474e+03,7.550875211296680618e+02
6.633971408605575562e+03,7.550875218381188461e+02
6.639009040832519531e+03,7.550875220462006610e+02
6.644037381887435913e+03,7.550875217413636165e+02
6.649081889390945435e+03,7.550875221875994612e+02
6.654112363100051880e+03,7.550875225546395768e+02
6.659150612831115723e+03,7.550875225012257488e+02
6.664187929391860962e+03,7.550875221124255177e+02
6.669230469942092896e+03,7.550875227370921721e+02
6.674260817289352417e+03,7.550875237857288766e+02
6.679298166275024414e+03,7.550875228230969469e+02
6.684337484121322632e+03,7.550875219257287654e+02
6.689370402097702026e+03,7.550875223600778554e+02
6.694405195951461792e+03,7.550875222451223863e+02
6.699441406488418579e+03,7.550875216819495108e+02
6.704476837635040283e+03,7.550875234951538459e+02
6.709514624834060669e+03,7.550875212287485283e+02
6.714556520700454712e+03,7.550875234637876474e+02
6.719596473693847656e+03,7.550875233085957916e+02
6.724637639522552490e+03,7.550875249624949674e+02
6.729672863483428955e+03,7.550875244844814915e+02
6.734713359117507935e+03,7.550875224183863565e+02
6.739756628751754761e+03,7.550875246356866910e+02
6.744796902656555176e+03,7.550875260450756059e+02
6.749836085557937622e+03,7.550875245482069431e+02
6.754868530750274658e+03,7.550875233647661844e+02
6.759909309625625610e+03,7.550875235247606270e+02
6.764951456546783447e+03,7.550875250517740369e+02
6.770005253791809082e+03,7.550875242947171273e+02
6.775027560234069824e+03,7.550875249423919513e+02
6.780067035913467407e+03,7.550875267778574198e+02
6.785109745502471924e+03,7.550875258081517813e+02
6.790141917705535889e+03,7.550875248099564487e+02
6.795173300743103027e+03,7.550875243482373662e+02
6.800215296506881714e+03,7.550875248862777198e+02
6.805247825145721436e+03,7.550875252686323620e+02
6.810277753591537476e+03,7.550875252972911085e+02
6.815313825368881226e+03,7.550875263402651854e+02
6.820346222400665283e+03,7.550875258597060338e+02
6.825389420509338379e+03,7.550875258658844587e+02
6.830424766063690186e+03,7.550875268138623824e+02
6.835457171678543091e+03,7.550875273474301821e+02
6.840490288734436035e+03,7.550875288412204327e+02
6.845525700807571411e+03,7.550875282404954305e+02
6.850563578128814697e+03,7.550875280039336985e+02
6.855602094888687134e+03,7.550875287998337626e+02
6.860641176700592041e+03,7.550875291675339440e+02
6.865679287433624268e+03,7.550875290639337436e+02
6.870711695432662964e+03,7.550875289104096737e+02
6.875747826099395752e+03,7.550875293686503937e+02
6.880787273883819580e+03,7.550875297116947422e+02
6.885827070951461792e+03,7.550875302811774645e+02
6.890859473466873169e+03,7.550875312817994427e+02
6.895893897056579590e+03,7.550875300184609387e+02
6.900928297519683838e+03,7.550875299140141124e+02
6.905963110685348511e+03,7.550875310148747985e+02
6.910994239330291748e+03,7.550875305215574826e+02
6.916032294273376465e+03,7.550875313747311566e+02
6.921074764966964722e+03,7.550875307367432470e+02
6.926108362197875977e+03,7.550875302761909325e+02
6.931146983623504639e+03,7.550875301882340409e+02
6.936174874544143677e+03,7.550875309915735443e+02
6.941205468893051147e+03,7.550875304276005409e+02
6.946246481418609619e+03,7.550875315357443469e+02
6.951283804416656494e+03,7.550875308503965471e+02
6.956312483310699463e+03,7.550875304108878936e+02
6.961344475507736206e+03,7.550875295316920983e+02
6.966387639284133911e+03,7.550875314292890153e+02
6.971428436517715454e+03,7.550875297708784046e+02
6.976463253021240234e+03,7.550875299315557641e+02
6.981498632431030273e+03,7.550875321788352039e+02
6.986540498733520508e+03,7.550875315545819149e+02
6.991567626714706421e+03,7.550875309402613311e+02
6.996602940797805786e+03,7.550875314419857887e+02
7.001640160083770752e+03,7.550875324421281221e+02
7.006681476354598999e+03,7.550875307246302555e+02
7.011721338033676147e+03,7.550875311816355406e+02
7.016760208129882812e+03,7.550875316716799261e+02
7.021799304485321045e+03,7.550875327619675090e+02
7.026836864948272705e+03,7.550875326764011106e+02
7.031880765438079834e+03,7.550875332133654183e+02
7.036912215232849121e+03,7.550875332624607381e+02
7.041949418306350708e+03,7.550875346957508327e+02
7.046990262508392334e+03,7.550875334001939336e+02
7.052032823801040649e+03,7.550875339104923114e+02
7.057064679861068726e+03,7.550875333085310785e+02
7.062101150035858154e+03,7.550875355587284048e+02
7.067135739564895630e+03,7.550875335057813800e+02
7.072170096158981323e+03,7.550875332012456056e+02
7.077206558227539062e+03,7.550875335540291644e+02
7.082243775367736816e+03,7.550875350021727854e+02
7.087280297994613647e+03,7.550875341390498079e+02
7.092313939332962036e+03,7.550875351799646751e+02
7.097354624748229980e+03,7.550875341933083291e+02
7.102395089149475098e+03,7.550875340587241453e+02
7.107431450605392456e+03,7.550875346607089114e+02
7.112472282648086548e+03,7.550875350911376245e+02
7.117509962797164917e+03,7.550875348510443246e+02
7.122550991296768188e+03,7.550875342736112543e+02
7.127589464426040649e+03,7.550875336126384809e+02
7.132630954980850220e+03,7.550875346549773894e+02
7.137665193319320679e+03,7.550875361620804824e+02
7.142706662416458130e+03,7.550875356456695044e+02
7.147742037773132324e+03,7.550875337592121923e+02
7.152771973133087158e+03,7.550875337333230846e+02
7.157802414178848267e+03,7.550875336682496481e+02
7.162843189001083374e+03,7.550875335634534622e+02
7.167879281759262085e+03,7.550875339099095527e+02
7.172919143915176392e+03,7.550875329107052494e+02
7.177954892635345459e+03,7.550875326736049828e+02
7.182989358425140381e+03,7.550875329237715050e+02
7.188030669212341309e+03,7.550875326150702449e+02
7.193075845241546631e+03,7.550875324347844071e+02
7.198102709531784058e+03,7.550875338718043395e+02
7.203137727022171021e+03,7.550875332868520218e+02
7.208175154924392700e+03,7.550875338880700838e+02
7.213208647012710571e+03,7.550875331983370415e+02
7.218246778964996338e+03,7.550875354428081891e+02
7.223292836189270020e+03,7.550875358022357204e+02
7.228326027393341064e+03,7.550875345838595649e+02
7.233358132123947144e+03,7.550875348155701658e+02
7.238416389226913452e+03,7.550875362566214335e+02
7.243451086044311523e+03,7.550875365288762850e+02
7.248489049911499023e+03,7.550875360573124908e+02
7.253526626348495483e+03,7.550875361580277740e+02
7.258566104412078857e+03,7.550875361784710549e+02
7.263613804817199707e+03,7.550875366995047671e+02
7.268641361713409424e+03,7.550875360322030474e+02
7.273679029941558838e+03,7.550875348034084027e+02
7.278712949037551880e+03,7.550875357697817662e+02
7.283750229358673096e+03,7.550875373921053324e+02
7.288786772489547729e+03,7.550875373775750177e+02
7.293821242094039917e+03,7.550875366570062397e+02
7.298855199813842773e+03,7.550875365136353139e+02
7.303894573211669922e+03,7.550875375196011419e+02
7.308931492805480957e+03,7.550875374333252239e+02
7.313966845035552979e+03,7.550875357666687933e+02
7.319007113933563232e+03,7.550875374709470407e+02
7.324048483133316040e+03,7.550875372383359263e+02
7.329076577663421631e+03,7.550875369861804529e+02
7.334110201358795166e+03,7.550875374274403384e+02
7.339153428792953491e+03,7.550875375772936877e+02
7.344189868211746216e+03,7.550875370621971570e+02
7.349234988927841187e+03,7.550875374719262254e+02
7.354267425060272217e+03,7.550875374208297899e+02
7.359309610605239868e+03,7.550875373409511440e+02
7.364349183797836304e+03,7.550875370792679178e+02
7.369381226301193237e+03,7.550875390059748042e+02
7.374416983127593994e+03,7.550875381977548386e+02
7.379456691503524780e+03,7.550875374688424699e+02
7.384497092008590698e+03,7.550875386172622257e+02
7.389531460285186768e+03,7.550875379787642032e+02
7.394570155620574951e+03,7.550875378690506068e+02
7.399604673862457275e+03,7.550875368106101178e+02
7.404642459869384766e+03,7.550875389460845781e+02
7.409675983667373657e+03,7.550875378910469635e+02
7.414717411279678345e+03,7.550875375872429913e+02
7.419757415294647217e+03,7.550875376809998443e+02
7.424786627292633057e+03,7.550875378814072292e+02
7.429828733444213867e+03,7.550875374056943201e+02
7.434862545967102051e+03,7.550875380874991833e+02
7.439896600246429443e+03,7.550875374068934889e+02
7.444932646989822388e+03,7.550875383383998951e+02
7.449971308231353760e+03,7.550875379263924287e+02
7.455011616945266724e+03,7.550875393419800048e+02
7.460047264575958252e+03,7.550875385068792411e+02
7.465083318948745728e+03,7.550875385953881960e+02
7.470120941400527954e+03,7.550875388600669567e+02
7.475165494203567505e+03,7.550875394546272901e+02
7.480201173305511475e+03,7.550875384967213222e+02
7.485239252328872681e+03,7.550875393258268105e+02
7.490277371644973755e+03,7.550875395778780330e+02
7.495319851636886597e+03,7.550875398143597295e+02
7.500354624271392822e+03,7.550875399743551952e+02
7.505400140047073364e+03,7.550875398261712235e+02
7.510443063497543335e+03,7.550875411272982092e+02
7.515488626956939697e+03,7.550875410515022850e+02
7.520521591663360596e+03,7.550875404120824896e+02
7.525562239170074463e+03,7.550875411105355397e+02
7.530602663993835449e+03,7.550875404957938599e+02
7.535640144586563110e+03,7.550875389973878100e+02
7.540686615943908691e+03,7.550875398981543185e+02
7.545728477478027344e+03,7.550875385418390806e+02
7.550768986940383911e+03,7.550875389491491205e+02
7.555803845167160034e+03,7.550875384233738714e+02
7.560839819431304932e+03,7.550875387555061025e+02
7.565878294467926025e+03,7.550875393307401282e+02
7.570916982650756836e+03,7.550875394245791767e+02
7.575957942485809326e+03,7.550875386905034929e+02
7.580992765188217163e+03,7.550875390181488456e+02
7.586029175281524658e+03,7.550875394115624886e+02
7.591057979822158813e+03,7.550875400774024229e+02
7.596091805458068848e+03,7.550875401459106797e+02
7.601131377220153809e+03,7.550875395145168341e+02
7.606171947002410889e+03,7.550875396106904418e+02
7.611216306209564209e+03,7.550875405244901231e+02
7.616249614000320435e+03,7.550875389136318745e+02
7.621288162946701050e+03,7.550875402949143336e+02
7.626325806379318237e+03,7.550875406147814601e+02
7.631352742433547974e+03,7.550875413378438452e+02
7.636386197328567505e+03,7.550875403735874443e+02
7.641419965505599976e+03,7.550875389376726616e+02
7.646462674856185913e+03,7.550875407459820963e+02
7.651490313291549683e+03,7.550875397826824837e+02
7.656523847579956055e+03,7.550875418304245841e+02
7.661561820268630981e+03,7.550875409980072845e+02
7.666604624748229980e+03,7.550875410251408084e+02
7.671641914129257202e+03,7.550875397662167643e+02
7.676674624443054199e+03,7.550875399656613354e+02
7.681714000701904297e+03,7.550875411046658883e+02
7.686752812147140503e+03,7.550875391627261024e+02
7.691796813011169434e+03,7.550875388547432294e+02
7.696832136631011963e+03,7.550875394480727891e+02
7.701870285749435425e+03,7.550875390805979350e+02
7.706907308101654053e+03,7.550875393441325514e+02
7.711944504499435425e+03,7.550875392858533814e+02
7.716980132579803467e+03,7.550875392520867990e+02
7.722016417980194092e+03,7.550875382933711535e+02
7.727053392410278320e+03,7.550875387163852110e+02
7.732086822271347046e+03,7.550875384913564403e+02
7.737123805999755859e+03,7.550875381945754725e+02
7.742159968137741089e+03,7.550875383770846838e+02
7.747198197126388550e+03,7.550875382888239074e+02
7.752231994152069092e+03,7.550875390106735949e+02
7.757273757219314575e+03,7.550875382932479170e+02
7.762314220190048218e+03,7.550875385205675911e+02
7.767347567081451416e+03,7.550875388326742268e+02
7.772389655351638794e+03,7.550875391418082927e+02
7.777422783851623535e+03,7.550875395739607256e+02
7.782457854270935059e+03,7.550875404888644198e+02
7.787502009868621826e+03,7.550875403870329592e+02
7.792530999422073364e+03,7.550875403184411425e+02
7.797569182395935059e+03,7.550875404283337957e+02
7.802609000682830811e+03,7.550875405250986887e+02
7.807640029430389404e+03,7.550875394546491179e+02
7.812673581123352051e+03,7.550875399327619562e+02
7.817717439413070679e+03,7.550875417585564264e+02
7.822757773160934448e+03,7.550875402678956334e+02
7.827789725303649902e+03,7.550875411222481262e+02
7.832826736211776733e+03,7.550875408126876209e+02
7.837861703872680664e+03,7.550875418443280296e+02
7.842896087169647217e+03,7.550875424234435513e+02
7.847937164783477783e+03,7.550875419102153501e+02
7.852974532365798950e+03,7.550875408679314660e+02
7.858016129016876221e+03,7.550875413153023601e+02
7.863053443193435669e+03,7.550875423513401756e+02
7.868090156316757202e+03,7.550875417806665837e+02
7.873133665084838867e+03,7.550875423206391588e+02
7.878159207582473755e+03,7.550875422213648562e+02
7.883194701433181763e+03,7.550875425439684250e+02
7.888223223924636841e+03,7.550875419033077378e+02
7.893259944915771484e+03,7.550875423818440595e+02
7.898300587892532349e+03,7.550875437762725824e+02
7.903340883493423462e+03,7.550875436200066133e+02
7.908381336927413940e+03,7.550875427115835237e+02
7.913423275232315063e+03,7.550875434623874298e+02
7.918458775043487549e+03,7.550875440203695916e+02
7.923494697093963623e+03,7.550875444657507387e+02
7.928530041933059692e+03,7.550875453399681874e+02
7.933567069768905640e+03,7.550875452889923736e+02
7.938605597972869873e+03,7.550875450931379191e+02
7.943635671138763428e+03,7.550875457032193481e+02
7.948676008701324463e+03,7.550875455635017488e+02
7.953710376739501953e+03,7.550875458143462993e+02
7.958744343757629395e+03,7.550875457330688505e+02
7.963785218715667725e+03,7.550875443179870672e+02
7.968817029476165771e+03,7.550875453830855122e+02
7.973853648900985718e+03,7.550875463017277980e+02
7.978894653558731079e+03,7.550875456132546333e+02
7.983925354242324829e+03,7.550875458263150222e+02
7.988958468675613403e+03,7.550875443582601747e+02
7.993999696493148804e+03,7.550875453067050103e+02
7.999041080236434937e+03,7.550875455888966599e+02
8.004076927900314331e+03,7.550875451026752216e+02
8.009114644289016724e+03,7.550875470941558660e+02
8.014154736757278442e+03,7.550875477768373685e+02
8.019189458847045898e+03,7.550875450341987971e+02
8.024231966495513916e+03,7.550875451429186569e+02
8.029263008117675781e+03,7.550875455019612446e+02
8.034297805786132812e+03,7.550875462787754486e+02
8.039332538604736328e+03,7.550875459401307808e+02
8.044365516424179077e+03,7.550875453104251847e+02
8.049399734020233154e+03,7.550875446173225782e+02
8.054432013034820557e+03,7.550875446705600780e+02
8.059469217300415039e+03,7.550875455735007336e+02
8.064505754947662354e+03,7.550875459399213696e+02
8.069540988445281982e+03,7.550875449238923238e+02
8.074579150915145874e+03,7.550875451497598760e+02
8.079616214752197266e+03,7.550875450937713822e+02
8.084655063629150391e+03,7.550875454873163335e+02
8.089692674160003662e+03,7.550875446115564955e+02
8.094722547769546509e+03,7.550875453506204167e+02
8.099757573843002319e+03,7.550875451418344255e+02
8.104793621540069580e+03,7.550875459746371234e+02
8.109832769393920898e+03,7.550875461820176042e+02
8.114868831872940063e+03,7.550875445200442755e+02
8.119910211563110352e+03,7.550875441118422486e+02
8.124939957380294800e+03,7.550875435899442891e+02
8.129974149703979492e+03,7.550875441314526597e+02
8.135007951021194458e+03,7.550875433976053728e+02
8.140050364494323730e+03,7.550875436429060983e+02
8.145088377952575684e+03,7.550875433156086274e+02
8.150124473333358765e+03,7.550875438404870010e+02
8.155165323019027710e+03,7.550875439320760734e+02
8.160202351570129395e+03,7.550875440216990455e+02
8.165235274791717529e+03,7.550875436965512790e+02
8.170273071527481079e+03,7.550875427546659466e+02
8.175310220718383789e+03,7.550875430751507338e+02
8.180343671798706055e+03,7.550875429916252415e+02
8.185383213758468628e+03,7.550875428762599313e+02
8.190425827741622925e+03,7.550875433825655136e+02
8.195456293106079102e+03,7.550875432221588426e+02
8.200492923259735107e+03,7.550875421938769705e+02
8.205529800176620483e+03,7.550875426491993494e+02
8.210574900150299072e+03,7.550875422905980940e+02
8.215612576246261597e+03,7.550875425405645274e+02
8.220652149438858032e+03,7.550875435849221731e+02
8.225693476438522339e+03,7.550875426521138252e+02
8.230734287738800049e+03,7.550875420181146183e+02
8.235773904085159302e+03,7.550875425126624805e+02
8.240812132358551025e+03,7.550875426484933541e+02
8.245838902711868286e+03,7.550875434268292565e+02
8.250883428812026978e+03,7.550875435529833339e+02
8.255923331499099731e+03,7.550875434613136576e+02
8.260955538749694824e+03,7.550875447416937050e+02
8.265986627101898193e+03,7.550875444916970309e+02
8.271022729158401489e+03,7.550875453167660680e+02
8.276058895349502563e+03,7.550875448625760100e+02
8.281101979970932007e+03,7.550875446882178039e+02
8.286134698867797852e+03,7.550875458538148450e+02
8.291167731761932373e+03,7.550875451322855270e+02
8.296205381631851196e+03,7.550875460058314275e+02
8.301239664077758789e+03,7.550875453020471468e+02
8.306276884555816650e+03,7.550875450237174391e+02
8.311323911190032959e+03,7.550875444204727955e+02
8.316361882686614990e+03,7.550875442866015419e+02
8.321398095846176147e+03,7.550875457945688822e+02
8.326447585344314575e+03,7.550875441570487965e+02
8.331473545312881470e+03,7.550875449768882390e+02
8.336508626699447632e+03,7.550875445513675004e+02
8.341543613672256470e+03,7.550875461819666725e+02
8.346570624589920044e+03,7.550875458415395087e+02
8.351613727569580078e+03,7.550875443186690745e+02
8.356643712759017944e+03,7.550875457231844621e+02
8.361681027650833130e+03,7.550875459338557221e+02
8.366717899084091187e+03,7.550875456670228232e+02
8.371759937047958374e+03,7.550875459890391994e+02
8.376792818784713745e+03,7.550875471707508950e+02
8.381826411247253418e+03,7.550875484315853328e+02
8.386864624500274658e+03,7.550875492756267704e+02
8.391907627344131470e+03,7.550875501028671124e+02
8.396933335542678833e+03,7.550875490363811195e+02
8.401976794242858887e+03,7.550875486438186499e+02
8.407002567768096924e+03,7.550875486643699332e+02
8.412041112422943115e+03,7.550875478442311532e+02
8.417078459739685059e+03,7.550875494908937071e+02
8.422111249923706055e+03,7.550875486078427912e+02
8.427141720771789551e+03,7.550875486088859816e+02
8.432180747509002686e+03,7.550875485064683517e+02
8.437212351560592651e+03,7.550875476589136497e+02
8.442250701427459717e+03,7.550875468717812282e+02
8.447288486480712891e+03,7.550875471552312774e+02
8.452322340488433838e+03,7.550875474772526559e+02
8.457359568834304810e+03,7.550875481349592064e+02
8.462394564867019653e+03,7.550875475690667145e+02
8.467434624671936035e+03,7.550875479636212049e+02
8.472466642379760742e+03,7.550875488670328650e+02
8.477500003099441528e+03,7.550875497610331877e+02
8.482535630464553833e+03,7.550875493983139677e+02
8.487573690176010132e+03,7.550875505304020407e+02
8.492613310575485229e+03,7.550875508450869802e+02
8.497647774457931519e+03,7.550875494283093303e+02
8.502690330505371094e+03,7.550875507210294018e+02
8.507723498821258545e+03,7.550875506906343162e+02
8.512760063648223877e+03,7.550875513124517511e+02
8.517793697834014893e+03,7.550875494406158168e+02
8.522827132701873779e+03,7.550875501567031733e+02
8.527860831022262573e+03,7.550875514645274507e+02
8.532900196552276611e+03,7.550875510315969450e+02
8.537942965507507324e+03,7.550875509717599243e+02
8.542995393276214600e+03,7.550875487859894974e+02
8.548023513078689575e+03,7.550875497367029539e+02
8.553061803579330444e+03,7.550875511486049163e+02
8.558102098941802979e+03,7.550875508635182314e+02
8.563143305063247681e+03,7.550875516544674610e+02
8.568183959722518921e+03,7.550875508982232986e+02
8.573219414472579956e+03,7.550875500107349581e+02
8.578253359079360962e+03,7.550875505063468154e+02
8.583289317607879639e+03,7.550875501596427739e+02
8.588333331584930420e+03,7.550875499593383893e+02
8.593365880489349365e+03,7.550875500703529042e+02
8.598391093969345093e+03,7.550875512127186084e+02
8.603428113937377930e+03,7.550875510987615371e+02
8.608468482494354248e+03,7.550875505205574427e+02
8.613508691072463989e+03,7.550875504143698436e+02
8.618544624090194702e+03,7.550875509721058734e+02
8.623584055662155151e+03,7.550875511467978640e+02
8.628621109247207642e+03,7.550875493388410860e+02
8.633655511617660522e+03,7.550875520837755630e+02
8.638693097352981567e+03,7.550875501450841512e+02
8.643727781534194946e+03,7.550875495121923677e+02
8.648763579130172729e+03,7.550875517009174018e+02
8.653807872056961060e+03,7.550875526728482328e+02
8.658843573570251465e+03,7.550875501666841956e+02
8.663897391319274902e+03,7.550875520100701124e+02
8.668923723220825195e+03,7.550875513570957764e+02
8.673961080074310303e+03,7.550875510142928988e+02
8.679000264644622803e+03,7.550875519206699664e+02
8.684033795356750488e+03,7.550875502304804741e+02
8.689071480274200439e+03,7.550875524304180999e+02
8.694116707563400269e+03,7.550875513385908562e+02
8.699150586366653442e+03,7.550875511105418809e+02
8.704188459634780884e+03,7.550875522577694028e+02
8.709230010032653809e+03,7.550875535211962415e+02
8.714266829252243042e+03,7.550875523630277257e+02
8.719311848163604736e+03,7.550875533245443876e+02
8.724345625877380371e+03,7.550875532665252194e+02
8.729384998321533203e+03,7.550875533167318281e+02
8.734423524379730225e+03,7.550875520848204587e+02
8.739461440563201904e+03,7.550875535403516778e+02
8.744501129150390625e+03,7.550875533239214974e+02
8.749535626173019409e+03,7.550875514559394333e+02
8.754570077657699585e+03,7.550875527899911503e+02
8.759613862276077271e+03,7.550875529160020960e+02
8.764648794651031494e+03,7.550875535970417332e+02
8.769689238071441650e+03,7.550875520035053796e+02
8.774728609800338745e+03,7.550875537573608653e+02
8.779767009496688843e+03,7.550875542313284541e+02
8.784806594133377075e+03,7.550875548252473664e+02
8.789840403795242310e+03,7.550875539792050404e+02
8.794876626968383789e+03,7.550875538765938018e+02
8.799911983728408813e+03,7.550875537423696642e+02
8.804942461490631104e+03,7.550875538240271680e+02
8.809976585865020752e+03,7.550875536662867944e+02
8.815011494398117065e+03,7.550875536845035185e+02
8.820053550243377686e+03,7.550875527918141188e+02
8.825087684631347656e+03,7.550875521745377910e+02
8.830139085531234741e+03,7.550875536033698836e+02
8.835168971061706543e+03,7.550875537115757652e+02
8.840209123849868774e+03,7.550875529831822632e+02
8.845248852729797363e+03,7.550875539304323638e+02
8.850281848669052124e+03,7.550875558019992013e+02
8.855317574262619019e+03,7.550875542321803096e+02
8.860357866764068604e+03,7.550875543403243455e+02
8.865394439220428467e+03,7.550875543704520396e+02
8.870430807352066040e+03,7.550875532523132279e+02
8.875469071626663208e+03,7.550875540969403801e+02
8.880509049415588379e+03,7.550875548671842807e+02
8.885542789697647095e+03,7.550875547598317326e+02
8.890581632614135742e+03,7.550875552003450366e+02
8.895619996547698975e+03,7.550875553240808813e+02
8.900657397270202637e+03,7.550875559623574418e+02
8.905696824073791504e+03,7.550875568459119904e+02
8.910734624862670898e+03,7.550875564488148939e+02
8.915771565675735474e+03,7.550875568772506767e+02
8.920810210227966309e+03,7.550875565954507920e+02
8.925845480442047119e+03,7.550875568437602396e+02
8.930888484477996826e+03,7.550875568250979768e+02
8.935924623727798462e+03,7.550875572105315996e+02
8.940964632987976074e+03,7.550875561959313700e+02
8.946001482248306274e+03,7.550875561886084597e+02
8.951038027524948120e+03,7.550875561824218494e+02
8.956075786828994751e+03,7.550875584266825626e+02
8.961110853672027588e+03,7.550875570754299133e+02
8.966144709825515747e+03,7.550875571617604010e+02
8.971180635213851929e+03,7.550875567387707861e+02
8.976217985630035400e+03,7.550875567217470916e+02
8.981257586717605591e+03,7.550875564816864198e+02
8.986292756319046021e+03,7.550875565970293337e+02
8.991330585956573486e+03,7.550875564383735536e+02
8.996382634401321411e+03,7.550875574152991021e+02
9.001404625177383423e+03,7.550875577188310217e+02
9.006440627336502075e+03,7.550875573598558503e+02
9.011480787038803101e+03,7.550875585980872984e+02
9.016520661115646362e+03,7.550875583100811355e+02
9.021548627614974976e+03,7.550875568716645603e+02
9.026588399887084961e+03,7.550875561770017157e+02
9.031628983497619629e+03,7.550875568491520653e+02
9.036658574819564819e+03,7.550875574557738901e+02
9.041696492910385132e+03,7.550875579523468559e+02
9.046736333847045898e+03,7.550875564229312431e+02
9.051777084350585938e+03,7.550875577194800599e+02
9.056806867361068726e+03,7.550875564280870549e+02
9.061844608068466187e+03,7.550875566259059042e+02
9.066886254310607910e+03,7.550875567697055430e+02
9.071919024705886841e+03,7.550875562607989195e+02
9.076953795433044434e+03,7.550875572951498498e+02
9.081992856264114380e+03,7.550875578063008788e+02
9.087034535169601440e+03,7.550875575160316657e+02
9.092072830200195312e+03,7.550875600616290058e+02
9.097112601280212402e+03,7.550875584851256690e+02
9.102152331352233887e+03,7.550875586113082818e+02
9.107179215431213379e+03,7.550875602205750283e+02
9.112216626644134521e+03,7.550875579381923899e+02
9.117262029409408569e+03,7.550875586036916047e+02
9.122281619310379028e+03,7.550875592151994624e+02
9.127319097280502319e+03,7.550875571681029896e+02
9.132359463930130005e+03,7.550875565751023260e+02
9.137391890525817871e+03,7.550875578386794587e+02
9.142421871423721313e+03,7.550875567935526078e+02
9.147462618827819824e+03,7.550875593455955368e+02
9.152498498916625977e+03,7.550875575406294047e+02
9.157529587030410767e+03,7.550875588510550642e+02
9.162575078248977661e+03,7.550875578953015292e+02
9.167606361150741577e+03,7.550875579348750080e+02
9.172646507024765015e+03,7.550875591108175513e+02
9.177687777996063232e+03,7.550875573259341991e+02
9.182720268487930298e+03,7.550875583107439297e+02
9.187757160186767578e+03,7.550875583041610071e+02
9.192794275760650635e+03,7.550875598460733045e+02
9.197831079483032227e+03,7.550875605377624424e+02
9.202868578910827637e+03,7.550875593194473367e+02
9.207906062126159668e+03,7.550875609996536468e+02
9.212950464010238647e+03,7.550875604620682680e+02
9.217991165399551392e+03,7.550875606939382578e+02
9.223023850202560425e+03,7.550875597811258331e+02
9.228066417455673218e+03,7.550875587573646044e+02
9.233097640752792358e+03,7.550875588804898371e+02
9.238133055210113525e+03,7.550875575959779553e+02
9.243169555664062500e+03,7.550875576522505526e+02
9.248208835840225220e+03,7.550875581323070946e+02
9.253243335008621216e+03,7.550875585907297136e+02
9.258286359786987305e+03,7.550875583903557526e+02
9.263324644327163696e+03,7.550875581983004849e+02
9.268357970952987671e+03,7.550875579995035878e+02
9.273392142534255981e+03,7.550875580194675649e+02
9.278430350780487061e+03,7.550875586067961649e+02
9.283463650465011597e+03,7.550875602497852697e+02
9.288505454540252686e+03,7.550875601028593564e+02
9.293539135932922363e+03,7.550875597206006660e+02
9.298578474283218384e+03,7.550875596431907297e+02
9.303615917921066284e+03,7.550875610252999195e+02
9.308653753280639648e+03,7.550875620538427029e+02
9.313693668842315674e+03,7.550875605762121268e+02
9.318736814975738525e+03,7.550875618226198185e+02
9.323765063285827637e+03,7.550875625422424946e+02
9.328800323009490967e+03,7.550875619040083393e+02
9.333833498954772949e+03,7.550875599166434995e+02
9.338865933895111084e+03,7.550875601820595193e+02
9.343902011394500732e+03,7.550875612794217204e+02
9.348940440416336060e+03,7.550875625240008731e+02
9.353984503269195557e+03,7.550875615571673052e+02
9.359017684698104858e+03,7.550875626873649935e+02
9.364053010940551758e+03,7.550875628108221918e+02
9.369088912725448608e+03,7.550875616854058308e+02
9.374124831438064575e+03,7.550875624664197403e+02
9.379166786432266235e+03,7.550875636406708509e+02
9.384199951887130737e+03,7.550875622594217020e+02
9.389233313560485840e+03,7.550875634156507203e+02
9.394270631551742554e+03,7.550875642932152232e+02
9.399325705051422119e+03,7.550875638686347884e+02
9.404377138376235962e+03,7.550875642309194973e+02
9.409401693820953369e+03,7.550875649436743515e+02
9.414440430641174316e+03,7.550875634602258515e+02
9.419476721525192261e+03,7.550875643298126079e+02
9.424521139144897461e+03,7.550875636996330513e+02
9.429552853107452393e+03,7.550875617277679339e+02
9.434589561939239502e+03,7.550875626463980552e+02
9.439620518207550049e+03,7.550875627469634992e+02
9.444655615806579590e+03,7.550875626934673619e+02
9.449689432382583618e+03,7.550875625869676924e+02
9.454726131916046143e+03,7.550875629576305528e+02
9.459756398439407349e+03,7.550875630484813428e+02
9.464791150331497192e+03,7.550875641368156721e+02
9.469827739000320435e+03,7.550875659699257767e+02
9.474864227533340454e+03,7.550875658481602386e+02
9.479903771400451660e+03,7.550875654341906511e+02
9.484938881635665894e+03,7.550875651519708072e+02
9.489974162101745605e+03,7.550875648806932077e+02
9.495005149364471436e+03,7.550875648130424906e+02
9.500041734933853149e+03,7.550875637132754719e+02
9.505087819099426270e+03,7.550875629793009693e+02
9.510122812747955322e+03,7.550875632884419701e+02
9.515161086320877075e+03,7.550875639891617084e+02
9.520196626901626587e+03,7.550875640594274500e+02
9.525241471767425537e+03,7.550875640235450419e+02
9.530280497074127197e+03,7.550875629510984481e+02
9.535313676834106445e+03,7.550875645240294034e+02
9.540347208976745605e+03,7.550875631043081739e+02
9.545383275985717773e+03,7.550875640636656954e+02
9.550420378923416138e+03,7.550875645922692456e+02
9.555453903198242188e+03,7.550875654483178323e+02
9.560492914438247681e+03,7.550875651792906638e+02
9.565531620025634766e+03,7.550875641416002964e+02
9.570567663431167603e+03,7.550875652288082165e+02
9.575614970445632935e+03,7.550875639979994958e+02
9.580652712821960449e+03,7.550875650051165167e+02
9.585690787315368652e+03,7.550875655388458654e+02
9.590727998495101929e+03,7.550875657190638321e+02
9.595764955520629883e+03,7.550875659070699157e+02
9.600804615974426270e+03,7.550875649081709753e+02
9.605850556612014771e+03,7.550875648073343882e+02
9.610883641481399536e+03,7.550875655727840012e+02
9.615920118570327759e+03,7.550875675142300452e+02
9.620963079690933228e+03,7.550875673230739267e+02
9.626006579875946045e+03,7.550875680482665757e+02
9.631040308237075806e+03,7.550875677418748637e+02
9.636075745820999146e+03,7.550875674228446996e+02
9.641121382951736450e+03,7.550875691076112162e+02
9.646155660390853882e+03,7.550875678238961655e+02
9.651194047451019287e+03,7.550875691774328970e+02
9.656228923559188843e+03,7.550875693811345855e+02
9.661264624118804932e+03,7.550875695638015941e+02
9.666298065423965454e+03,7.550875694013835755e+02
9.671334286451339722e+03,7.550875703722974777e+02
9.676363286733627319e+03,7.550875698632285093e+02
9.681397694587707520e+03,7.550875691097072604e+02
9.686434732198715210e+03,7.550875692027384503e+02
9.691464625358581543e+03,7.550875696351640727e+02
9.696502612352371216e+03,7.550875684254426687e+02
9.701529689073562622e+03,7.550875682432618987e+02
9.706575126886367798e+03,7.550875690894041554e+02
9.711612572431564331e+03,7.550875694731388421e+02
9.716651517868041992e+03,7.550875686608608248e+02
9.721685717821121216e+03,7.550875691588948939e+02
9.726725759506225586e+03,7.550875689966964046e+02
9.731760368824005127e+03,7.550875703155352312e+02
9.736802634477615356e+03,7.550875696519102576e+02
9.741848281621932983e+03,7.550875692826422210e+02
9.746880270719528198e+03,7.550875706630888544e+02
9.751920495033264160e+03,7.550875697705495213e+02
9.756956997156143188e+03,7.550875707595738504e+02
9.761988620758056641e+03,7.550875693269236990e+02
9.767023782968521118e+03,7.550875696080981925e+02
9.772066094160079956e+03,7.550875695178140177e+02
9.777100474357604980e+03,7.550875691029659720e+02
9.782130612850189209e+03,7.550875713195289336e+02
9.787170773983001709e+03,7.550875702838472989e+02
9.792205714941024780e+03,7.550875708287173893e+02
9.797232694625854492e+03,7.550875704610000412e+02
9.802269586563110352e+03,7.550875699792102296e+02
9.807303975343704224e+03,7.550875710432948154e+02
9.812346222877502441e+03,7.550875705337867885e+02
9.817383834600448608e+03,7.550875705902078607e+02
9.822427207946777344e+03,7.550875723217983477e+02
9.827453002929687500e+03,7.550875725727712506e+02
9.832489124536514282e+03,7.550875733524686666e+02
9.837526880979537964e+03,7.550875728345799871e+02
9.842566505432128906e+03,7.550875730474422198e+02
9.847595565319061279e+03,7.550875737267649583e+02
9.852624633789062500e+03,7.550875747406797700e+02
9.857661165475845337e+03,7.550875728613067395e+02
9.862694617509841919e+03,7.550875736140853860e+02
9.867728186130523682e+03,7.550875729749877792e+02
9.872764623641967773e+03,7.550875742872590308e+02
9.877803431749343872e+03,7.550875743698645692e+02
9.882838869810104370e+03,7.550875747669788325e+02
9.887870493412017822e+03,7.550875759552966429e+02
9.892914638757705688e+03,7.550875749341328174e+02
9.897943005561828613e+03,7.550875761692323067e+02
9.902982500791549683e+03,7.550875743666448443e+02
9.908022596359252930e+03,7.550875754009613274e+02
9.913060178756713867e+03,7.550875750531153017e+02
9.918103831052780151e+03,7.550875756082967882e+02
9.923134267330169678e+03,7.550875750302884626e+02
9.928168943166732788e+03,7.550875752463936124e+02
9.933211895942687988e+03,7.550875749457784423e+02
9.938245891809463501e+03,7.550875735541859513e+02
9.943285821437835693e+03,7.550875746438608758e+02
9.948322428941726685e+03,7.550875739574003092e+02
9.953355963230133057e+03,7.550875744667479239e+02
9.958389827251434326e+03,7.550875748736247033e+02
9.963425992727279663e+03,7.550875743253669725e+02
9.968463710308074951e+03,7.550875754387109282e+02
9.973496992588043213e+03,7.550875744803410043e+02
9.978533607482910156e+03,7.550875759045998166e+02
9.983565713167190552e+03,7.550875739896694085e+02
9.988601350307464600e+03,7.550875733365078304e+02
9.993641019582748413e+03,7.550875728065329895e+02
9.998677313327789307e+03,7.550875735954286938e+02
1.000371085238456726e+04,7.550875746777074937e+02
1.000875998353958130e+04,7.550875734473710281e+02
1.001378664255142212e+04,7.550875745243187112e+02
1.001882479333877563e+04,7.550875751929843318e+02
1.002386664009094238e+04,7.550875747227868260e+02
1.002889427280426025e+04,7.550875741333263704e+02
1.003392808198928833e+04,7.550875736496848276e+02
1.003896363115310669e+04,7.550875736647783469e+02
1.004400338339805603e+04,7.550875730900041845e+02
1.004904438400268555e+04,7.550875734187866328e+02
1.005408792376518250e+04,7.550875742132798223e+02
1.005912583088874817e+04,7.550875737988355922e+02
1.006415967226028442e+04,7.550875739437409493e+02
1.006919283199310303e+04,7.550875735026796747e+02
1.007422315931320190e+04,7.550875732265575380e+02
1.007926053833961487e+04,7.550875747096678197e+02
1.008429986214637756e+04,7.550875740252990909e+02
1.008933300399780273e+04,7.550875731787867835e+02
1.009436323833465576e+04,7.550875732145511847e+02
1.009940697431564331e+04,7.550875732027205913e+02
1.010445197701454163e+04,7.550875742740099668e+02
1.010947562646865845e+04,7.550875738575784908e+02
1.011450591969490051e+04,7.550875746743294030e+02
1.011954931879043579e+04,7.550875737038418265e+02
1.012457979059219360e+04,7.550875734263205459e+02
1.012961820745468140e+04,7.550875751393715518e+02
1.013465820288658142e+04,7.550875737884313139e+02
1.013968768954277039e+04,7.550875741314625884e+02
1.014472261857986450e+04,7.550875741200053426e+02
1.014975938940048218e+04,7.550875746922614553e+02
1.015479266285896301e+04,7.550875745945585322e+02
1.015982862281799316e+04,7.550875744228283111e+02
1.016486959362030029e+04,7.550875739560975717e+02
1.016990683341026306e+04,7.550875751856718807e+02
1.017494677901268005e+04,7.550875737910744192e+02
1.017999825263023376e+04,7.550875748536478795e+02
1.018503815078735352e+04,7.550875757545277338e+02
1.019007049918174744e+04,7.550875740532439977e+02
1.019510767793655396e+04,7.550875761727286317e+02
1.020014789271354675e+04,7.550875753522187779e+02
1.020518568301200867e+04,7.550875758678133707e+02
1.021021988201141357e+04,7.550875768594672763e+02
1.021527026605606079e+04,7.550875775506423224e+02
1.022030289816856384e+04,7.550875766111189478e+02
1.022534097552299500e+04,7.550875766204505908e+02
1.023037772655487061e+04,7.550875747750341134e+02
1.023541598653793335e+04,7.550875762326104450e+02
1.024045252919197083e+04,7.550875765508349104e+02
1.024549097108840942e+04,7.550875752845158786e+02
1.025053325390815735e+04,7.550875750605970325e+02
1.025557308077812195e+04,7.550875736056037795e+02
1.026061311173439026e+04,7.550875735911178026e+02
1.026564805507659912e+04,7.550875735864774470e+02
1.027068224430084229e+04,7.550875728730504761e+02
1.027571590852737427e+04,7.550875740170793051e+02
1.028076979708671570e+04,7.550875751845528612e+02
1.028578985476493835e+04,7.550875738317919286e+02
1.029082854127883911e+04,7.550875739857285680e+02
1.029587324023246765e+04,7.550875741558860454e+02
1.030089786005020142e+04,7.550875725925116058e+02
1.030593562793731689e+04,7.550875740673446899e+02
1.031096910905838013e+04,7.550875753729151256e+02
1.031600563812255859e+04,7.550875741521490454e+02
1.032104897475242615e+04,7.550875753867716185e+02
1.032608462429046631e+04,7.550875749876940972e+02
1.033112591171264648e+04,7.550875764714511433e+02
1.033616750049591064e+04,7.550875759742251603e+02
1.034120274448394775e+04,7.550875766675227396e+02
1.034624225950241089e+04,7.550875762765404033e+02
1.035128289341926575e+04,7.550875767853312936e+02
1.035631556272506714e+04,7.550875762406110425e+02
1.036135298681259155e+04,7.550875755579797897e+02
1.036638099193572998e+04,7.550875750951083774e+02
1.037142017507553101e+04,7.550875766720432694e+02
1.037645003437995911e+04,7.550875767634184967e+02
1.038149311184883118e+04,7.550875764746282357e+02
1.038653412151336670e+04,7.550875762802602367e+02
1.039156916141510010e+04,7.550875764024926866e+02
1.039660673570632935e+04,7.550875763217655958e+02
1.040164562630653381e+04,7.550875771749424530e+02
1.040668514943122864e+04,7.550875761402430726e+02
1.041172405958175659e+04,7.550875764017592928e+02
1.041675952935218811e+04,7.550875766339053143e+02
1.042179937982559204e+04,7.550875764916460184e+02
1.042683273315429688e+04,7.550875762817436225e+02
1.043186623311042786e+04,7.550875778562384539e+02
1.043690729045867920e+04,7.550875774422969471e+02
1.044195040965080261e+04,7.550875777842942398e+02
1.044698086476325989e+04,7.550875776489490363e+02
1.045201961851119995e+04,7.550875760891196933e+02
1.045707025504112244e+04,7.550875767020095282e+02
1.046209480023384094e+04,7.550875770076546587e+02
1.046713213968276978e+04,7.550875750594167357e+02
1.047217911195755005e+04,7.550875767841719153e+02
1.047720562648773193e+04,7.550875762568023220e+02
1.048224691605567932e+04,7.550875753726566018e+02
1.048728807687759399e+04,7.550875763663086673e+02
1.049231745266914368e+04,7.550875760628471198e+02
1.049735092854499817e+04,7.550875762534391242e+02
1.050238613414764404e+04,7.550875760477007361e+02
1.050741663908958435e+04,7.550875763419768418e+02
1.051245716333389282e+04,7.550875763966840850e+02
1.051750217700004578e+04,7.550875762755273399e+02
1.052253383469581604e+04,7.550875763626000889e+02
1.052757689166069031e+04,7.550875766960301689e+02
1.053261577939987183e+04,7.550875752068850488e+02
1.053765413451194763e+04,7.550875752052734242e+02
1.054269164896011353e+04,7.550875747114921523e+02
1.054772265625000000e+04,7.550875764401234846e+02
1.055276167488098145e+04,7.550875759141313210e+02
1.055779462480545044e+04,7.550875748851789240e+02
1.056283022117614746e+04,7.550875763860176448e+02
1.056787677955627441e+04,7.550875756351167638e+02
1.057290997481346130e+04,7.550875752240094698e+02
1.057794268035888672e+04,7.550875767310899391e+02
1.058298268580436707e+04,7.550875759570234322e+02
1.058802543163299561e+04,7.550875758228889936e+02
1.059306130957603455e+04,7.550875758262741329e+02
1.059809201574325562e+04,7.550875765970296243e+02
1.060313065147399902e+04,7.550875772551568161e+02
1.060817092132568359e+04,7.550875776766129093e+02
1.061320747852325439e+04,7.550875770611521602e+02
1.061824864268302917e+04,7.550875768609718079e+02
1.062329570150375366e+04,7.550875770422906044e+02
1.062833207249641418e+04,7.550875770136432266e+02
1.063337861824035645e+04,7.550875765742246131e+02
1.063840845108032227e+04,7.550875781886153391e+02
1.064344183969497681e+04,7.550875777994821192e+02
1.064848046398162842e+04,7.550875778202448600e+02
1.065351471853256226e+04,7.550875769723926396e+02
1.065855300354957581e+04,7.550875774764302832e+02
1.066359105277061462e+04,7.550875785881833053e+02
1.066862350416183472e+04,7.550875784595202731e+02
1.067366140413284302e+04,7.550875771778427179e+02
1.067869563436508179e+04,7.550875769307622249e+02
1.068373286223411560e+04,7.550875769882703707e+02
1.068876516556739807e+04,7.550875779712416715e+02
1.069381459021568298e+04,7.550875779271765396e+02
1.069884637880325317e+04,7.550875777554598471e+02
1.070388395786285400e+04,7.550875771547664499e+02
1.070892687582969666e+04,7.550875762533780744e+02
1.071395929241180420e+04,7.550875762167470384e+02
1.071899966096878052e+04,7.550875766215523299e+02
1.072404571723937988e+04,7.550875754568061211e+02
1.072907712149620056e+04,7.550875740574582551e+02
1.073411085724830627e+04,7.550875759836033012e+02
1.073914462304115295e+04,7.550875771173043631e+02
1.074418860411643982e+04,7.550875773397756348e+02
1.074921899151802063e+04,7.550875760086282753e+02
1.075425668883323669e+04,7.550875765610517192e+02
1.075928650832176208e+04,7.550875775830047587e+02
1.076432930922508240e+04,7.550875760883752719e+02
1.076936346006393433e+04,7.550875764443487697e+02
1.077439782047271729e+04,7.550875771016998215e+02
1.077942832159996033e+04,7.550875775504132434e+02
1.078445780539512634e+04,7.550875768382873048e+02
1.078949212479591370e+04,7.550875769628644321e+02
1.079453103256225586e+04,7.550875759865105010e+02
1.079956668591499329e+04,7.550875760143234174e+02
1.080460205340385437e+04,7.550875760943412160e+02
1.080963676333427429e+04,7.550875768274054280e+02
1.081467252922058105e+04,7.550875759133818974e+02
1.081971009206771851e+04,7.550875775144666022e+02
1.082475172686576843e+04,7.550875773142630578e+02
1.082978091907501221e+04,7.550875769845559944e+02
1.083481823039054871e+04,7.550875777307144290e+02
1.083986265683174133e+04,7.550875767489960708e+02
1.084488299798965454e+04,7.550875782475137612e+02
1.084992462348937988e+04,7.550875791157648109e+02
1.085495831966400146e+04,7.550875782244503398e+02
1.085999462580680847e+04,7.550875796464872565e+02
1.086503662681579590e+04,7.550875797662256446e+02
1.087007894206047058e+04,7.550875790441642721e+02
1.087511029577255249e+04,7.550875801346114713e+02
1.088014124298095703e+04,7.550875785936011653e+02
1.088519374537467957e+04,7.550875775231623948e+02
1.089023117780685425e+04,7.550875772579173599e+02
1.089527503919601440e+04,7.550875779837373329e+02
1.090031200528144836e+04,7.550875781403921110e+02
1.090535462450981140e+04,7.550875790824234173e+02
1.091038969516754150e+04,7.550875793352095116e+02
1.091542564439773560e+04,7.550875782667408203e+02
1.092046900439262390e+04,7.550875784141813938e+02
1.092550302052497864e+04,7.550875778156579372e+02
1.093054335999488831e+04,7.550875775168714199e+02
1.093557931041717529e+04,7.550875775052405743e+02
1.094061462450027466e+04,7.550875785531595739e+02
1.094564992642402649e+04,7.550875791080177351e+02
1.095068971896171570e+04,7.550875792962465312e+02
1.095572224736213684e+04,7.550875798290818466e+02
1.096076416516304016e+04,7.550875783520000368e+02
1.096580638384819031e+04,7.550875793559455360e+02
1.097083895254135132e+04,7.550875806729487749e+02
1.097587894201278687e+04,7.550875786668539149e+02
1.098091911077499390e+04,7.550875779968391726e+02
1.098595327591896057e+04,7.550875790863118482e+02
1.099099496197700500e+04,7.550875788157899251e+02
1.099602662682533264e+04,7.550875786604173072e+02
1.100106735253334045e+04,7.550875795414282265e+02
1.100609998917579651e+04,7.550875784178992944e+02
1.101113754343986511e+04,7.550875794214581447e+02
1.101617327022552490e+04,7.550875785551500030e+02
1.102121344232559204e+04,7.550875789071092186e+02
1.102625162863731384e+04,7.550875794171121242e+02
1.103128271627426147e+04,7.550875802390952458e+02
1.103631476712226868e+04,7.550875806364958862e+02
1.104135398483276367e+04,7.550875803089563760e+02
1.104638370013237000e+04,7.550875819796960968e+02
1.105142380881309509e+04,7.550875804778358997e+02
1.105646467041969299e+04,7.550875811868608025e+02
1.106149757647514343e+04,7.550875809736047586e+02
1.106653663587570190e+04,7.550875823958655246e+02
1.107157175564765930e+04,7.550875816986030031e+02
1.107661201143264771e+04,7.550875804113730965e+02
1.108164089369773865e+04,7.550875803607143553e+02
1.108668015551567078e+04,7.550875810010016949e+02
1.109171700692176819e+04,7.550875814740699070e+02
1.109675751066207886e+04,7.550875813600524680e+02
1.110179295897483826e+04,7.550875808460820053e+02
1.110683521366119385e+04,7.550875818670529043e+02
1.111188392424583435e+04,7.550875813500167624e+02
1.111691273880004883e+04,7.550875828382971804e+02
1.112195280003547668e+04,7.550875822920459086e+02
1.112698497056961060e+04,7.550875814373968069e+02
1.113201771402359009e+04,7.550875813600932815e+02
1.113705892682075500e+04,7.550875817858677692e+02
1.114210138630867004e+04,7.550875826607535828e+02
1.114713245725631714e+04,7.550875835033085650e+02
1.115216862988471985e+04,7.550875831162244367e+02
1.115721235203742981e+04,7.550875834832380633e+02
1.116224837064743042e+04,7.550875843072852831e+02
1.116728565645217896e+04,7.550875837223661620e+02
1.117232239890098572e+04,7.550875829417645946e+02
1.117736352062225342e+04,7.550875830157298196e+02
1.118240291166305542e+04,7.550875832664140717e+02
1.118745028638839722e+04,7.550875834660259898e+02
1.119249373602867126e+04,7.550875834581438539e+02
1.119752174520492554e+04,7.550875825346383863e+02
1.120255660080909729e+04,7.550875835756127117e+02
1.120758973026275635e+04,7.550875835786059724e+02
1.121263313364982605e+04,7.550875838287510078e+02
1.121766800618171692e+04,7.550875834304438285e+02
1.122269778704643250e+04,7.550875826214393101e+02
1.122773357629776001e+04,7.550875823766286885e+02
1.123277006053924561e+04,7.550875828117192441e+02
1.123781268143653870e+04,7.550875825037944651e+02
1.124284519600868225e+04,7.550875828465909763e+02
1.124788406419754028e+04,7.550875815637300548e+02
1.125292894172668457e+04,7.550875818945032734e+02
1.125796150422096252e+04,7.550875816009834125e+02
1.126300063800811768e+04,7.550875825583647156e+02
1.126803860354423523e+04,7.550875825741402423e+02
1.127307647585868835e+04,7.550875820768592348e+02
1.127811450147628784e+04,7.550875826348471946e+02
1.128314746022224426e+04,7.550875821735132831e+02
1.128819399070739746e+04,7.550875825600219287e+02
1.129322301030158997e+04,7.550875831820501389e+02
1.129825716280937195e+04,7.550875830874417716e+02
1.130329978728294373e+04,7.550875830147186889e+02
1.130834398698806763e+04,7.550875824217993113e+02
1.131337861990928650e+04,7.550875833629906992e+02
1.131841642618179321e+04,7.550875842067533767e+02
1.132345355701446533e+04,7.550875826653638114e+02
1.132848635244369507e+04,7.550875854021743407e+02
1.133351873803138733e+04,7.550875844503885901e+02
1.133855230927467346e+04,7.550875843674692760e+02
1.134359086656570435e+04,7.550875839047520230e+02
1.134862860345840454e+04,7.550875829463273021e+02
1.135366532826423645e+04,7.550875833283415659e+02
1.135870579934120178e+04,7.550875836343617493e+02
1.136374196958541870e+04,7.550875824001481078e+02
1.136878275871276855e+04,7.550875800963195843e+02
1.137381278491020203e+04,7.550875814333057860e+02
1.137884483075141907e+04,7.550875812526387563e+02
1.138388288211822510e+04,7.550875831748020346e+02
1.138892586469650269e+04,7.550875820090060415e+02
1.139396540498733521e+04,7.550875827421289159e+02
1.139900863456726074e+04,7.550875847584511575e+02
1.140405064892768860e+04,7.550875838778920297e+02
1.140908519649505615e+04,7.550875845905668484e+02
1.141412078857421875e+04,7.550875852478994830e+02
1.141916426301002502e+04,7.550875846368221573e+02
1.142420330882072449e+04,7.550875853331532426e+02
1.142924334168434143e+04,7.550875853864569081e+02
1.143428802800178528e+04,7.550875836284607203e+02
1.143932349085807800e+04,7.550875854027909782e+02
1.144436503505706787e+04,7.550875837536361814e+02
1.144940320920944214e+04,7.550875843818494104e+02
1.145444280576705933e+04,7.550875852965143622e+02
1.145947987580299377e+04,7.550875854365332316e+02
1.146450879478454590e+04,7.550875856920529259e+02
1.146954372525215149e+04,7.550875855056201544e+02
1.147458651161193848e+04,7.550875863910473527e+02
1.147961576318740845e+04,7.550875864932515924e+02
1.148464667510986328e+04,7.550875852377198498e+02
1.148969036483764648e+04,7.550875862091729687e+02
1.149473180890083313e+04,7.550875863328067226e+02
1.149976035666465759e+04,7.550875866564456373e+02
1.150479562640190125e+04,7.550875870926082598e+02
1.150982948398590088e+04,7.550875868347754931e+02
1.151486270570755005e+04,7.550875866103372118e+02
1.151990042519569397e+04,7.550875868965094924e+02
1.152494024682044983e+04,7.550875885732014012e+02
1.152997769641876221e+04,7.550875876387984817e+02
1.153501231598854065e+04,7.550875878165392123e+02
1.154005543875694275e+04,7.550875863126914282e+02
1.154510062265396118e+04,7.550875851033512163e+02
1.155013562631607056e+04,7.550875848966996955e+02
1.155517419409751892e+04,7.550875861426062556e+02
1.156020883631706238e+04,7.550875856004980733e+02
1.156523958897590637e+04,7.550875839615316636e+02
1.157027289175987244e+04,7.550875848322566526e+02
1.157530691123008728e+04,7.550875844084091568e+02
1.158034848761558533e+04,7.550875840325197714e+02
1.158538225102424622e+04,7.550875846010085297e+02
1.159042155456542969e+04,7.550875842694730409e+02
1.159545471596717834e+04,7.550875853357342748e+02
1.160049369049072266e+04,7.550875852427680002e+02
1.160552936601638794e+04,7.550875854370985962e+02
1.161056696653366089e+04,7.550875858030896097e+02
1.161560438871383667e+04,7.550875859908223902e+02
1.162064608144760132e+04,7.550875873560102036e+02
1.162568765330314636e+04,7.550875872350226246e+02
1.163071765589714050e+04,7.550875884440499703e+02
1.163576462435722351e+04,7.550875870960815064e+02
1.164080367660522461e+04,7.550875874894528579e+02
1.164583766293525696e+04,7.550875888329802592e+02
1.165087647461891174e+04,7.550875881013830622e+02
1.165591318893432617e+04,7.550875892074865305e+02
1.166095365881919861e+04,7.550875886871887133e+02
1.166599322533607483e+04,7.550875898704920246e+02
1.167103011441230774e+04,7.550875896467217672e+02
1.167606872987747192e+04,7.550875894998772537e+02
1.168110535073280334e+04,7.550875900117691799e+02
1.168614120435714722e+04,7.550875905683128622e+02
1.169117496919631958e+04,7.550875910016576427e+02
1.169622716593742371e+04,7.550875899607146948e+02
1.170126337027549744e+04,7.550875915852958542e+02
1.170630139374732971e+04,7.550875911595983325e+02
1.171133862566947937e+04,7.550875909880520567e+02
1.171636935019493103e+04,7.550875908369873741e+02
1.172140172743797302e+04,7.550875903782040268e+02
1.172643919706344604e+04,7.550875901418648937e+02
1.173147259259223938e+04,7.550875906828284769e+02
1.173651119065284729e+04,7.550875894849431234e+02
1.174155208373069763e+04,7.550875901692683101e+02
1.174657968759536743e+04,7.550391165623362895e+02
1.175161636567115784e+04,7.550377969471866209e+02
1.175665310001373291e+04,7.550372542988621944e+02
1.176168335175514221e+04,7.550386420762114312e+02
1.176671604490280151e+04,7.550866710559023431e+02
1.177175945329666138e+04,7.551343395480844265e+02
1.177678895187377930e+04,7.551346071591564169e+02
1.178182356715202332e+04,7.550784398226348912e+02
1.178685726857185364e+04,7.550878568155120547e+02
1.179190222835540771e+04,7.550878605712304079e+02
1.179694627070426941e+04,7.550878365798562299e+02
1.180198134422302246e+04,7.550878187496982719e+02
1.180702007532119751e+04,7.550877817837575776e+02
1.181205395054817200e+04,7.550877540747385410e+02
1.181708838534355164e+04,7.550877230547957879e+02
1.182212760114669800e+04,7.550876995577689286e+02
1.182716954278945923e+04,7.550876816186961378e+02
1.183220368790626526e+04,7.550876721754077607e+02
1.183723885488510132e+04,7.550876620870517399e+02
1.184227925014495850e+04,7.550876543698974501e+02
1.184733564543724060e+04,7.550876493653067882e+02
1.185237534952163696e+04,7.550876458175380321e+02
1.185742152523994446e+04,7.550876421745938387e+02
1.186245855808258057e+04,7.550876401952108381e+02
1.186748898911476135e+04,7.550876377193727649e+02
1.187253130078315735e+04,7.550876359856638373e+02
1.187757835555076599e+04,7.550876336759840797e+02
1.188261041259765625e+04,7.550876321201130850e+02
1.188764848828315735e+04,7.550876319613765872e+02
1.189268266677856445e+04,7.550876302111500991e+02
1.189772661232948303e+04,7.550876302571840597e+02
1.190276751065254211e+04,7.550876300135339534e+02
1.190780088186264038e+04,7.550876303678219301e+02
1.191283919811248779e+04,7.550876273396382885e+02
1.191787989735603333e+04,7.550876281227120899e+02
1.192292252016067505e+04,7.550876277044391145e+02
1.192795260739326477e+04,7.550876264299851073e+02
1.193299036335945129e+04,7.550876266323659820e+02
1.193802661991119385e+04,7.550876247105838956e+02
1.194306130528450012e+04,7.550876249308230399e+02
1.194809524774551392e+04,7.550876244682569904e+02
1.195312704324722290e+04,7.550876234572090198e+02
1.195816261315345764e+04,7.550876227913306593e+02
1.196320405054092407e+04,7.550876218915544769e+02
1.196823882842063904e+04,7.550876219414966499e+02
1.197327892684936523e+04,7.550876207642301097e+02
1.197832562971115112e+04,7.550876204623331205e+02
1.198335165357589722e+04,7.550876210374208313e+02
1.198838720226287842e+04,7.550876209400763628e+02
1.199342558193206787e+04,7.550876190714765244e+02
1.199846638584136963e+04,7.550876203050219146e+02
1.200350396466255188e+04,7.550876197338965312e+02
1.200854128766059875e+04,7.550876195073876715e+02
1.201358380913734436e+04,7.550876181903360020e+02
1.201861881661415100e+04,7.550876187503718029e+02
1.202364776778221130e+04,7.550876194838659785e+02
1.202868926429748535e+04,7.550876190444944314e+02
1.203372403955459595e+04,7.550876186251014133e+02
1.203875750160217285e+04,7.550876194824303411e+02
1.204379953002929688e+04,7.550876171928183567e+02
1.204882992005348206e+04,7.550876181693743092e+02
1.205387058615684509e+04,7.550876189521882225e+02
1.205890895104408264e+04,7.550876188608281154e+02
1.206394045329093933e+04,7.550876187942727711e+02
1.206897934937477112e+04,7.550876196387291657e+02
1.207401378989219666e+04,7.550876204927527624e+02
1.207905198431015015e+04,7.550876206298362376e+02
1.208409583902359009e+04,7.550876211600201486e+02
1.208913844895362854e+04,7.550876217127587324e+02
1.209417061471939087e+04,7.550876200647603582e+02
1.209920044112205505e+04,7.550876214106932593e+02
1.210424244022369385e+04,7.550876214568997966e+02
1.210928085136413574e+04,7.550876213334659042e+02
1.211431794691085815e+04,7.550876210293920394e+02
1.211935532593727112e+04,7.550876200221298404e+02
1.212438958454132080e+04,7.550876210656089143e+02
1.212943101024627686e+04,7.550876219114958303e+02
1.213447009110450745e+04,7.550876208810988146e+02
1.213950375795364380e+04,7.550876210620540405e+02
1.214453895473480225e+04,7.550876201887599564e+02
1.214957497239112854e+04,7.550876206200542811e+02
1.215460933065414429e+04,7.550876198814988811e+02
1.215965037107467651e+04,7.550876189147005562e+02
1.216468454051017761e+04,7.550876192956495743e+02
1.216972053432464600e+04,7.550876198495456038e+02
1.217476394629478455e+04,7.550876194383884012e+02
1.217979725170135498e+04,7.550876205692404710e+02
1.218483360624313354e+04,7.550876196698008016e+02
1.218987511539459229e+04,7.550876202050006896e+02
1.219491244602203369e+04,7.550876204178546232e+02
1.219995166635513306e+04,7.550876206559904631e+02
1.220499368762969971e+04,7.550876208031526176e+02
1.221002868223190308e+04,7.550876214612285366e+02
1.221505979967117310e+04,7.550876203212350219e+02
1.222010487890243530e+04,7.550876215971683223e+02
1.222513662719726562e+04,7.550876212539930066e+02
1.223016945910453796e+04,7.550876208620024954e+02
1.223521002793312073e+04,7.550876221969025437e+02
1.224024863147735596e+04,7.550876211834222431e+02
1.224528698730468750e+04,7.550876208382412642e+02
1.225031949830055237e+04,7.550876205246764812e+02
1.225535663199424744e+04,7.550876205264747796e+02
1.226039127016067505e+04,7.550876201899748139e+02
1.226542769718170166e+04,7.550876210519546703e+02
1.227046244692802429e+04,7.550876204862820487e+02
1.227550632262229919e+04,7.550876203051124094e+02
1.228054129624366760e+04,7.550876209087667803e+02
1.228557814002037048e+04,7.550876210976575749e+02
1.229061632370948792e+04,7.550876228268225532e+02
1.229565049314498901e+04,7.550876220796840244e+02
1.230068767786026001e+04,7.550876219052817078e+02
1.230572091126441956e+04,7.550876214800917978e+02
1.231075655984878540e+04,7.550876215476980633e+02
1.231579754924774170e+04,7.550876216534622927e+02
1.232097686743736267e+04,7.550876216184001350e+02
1.232599462461471558e+04,7.550876214404393068e+02
1.233101433587074280e+04,7.550876209171198070e+02
1.233604785871505737e+04,7.550876209196134141e+02
1.234108162951469421e+04,7.550876209094503793e+02
1.234611243748664856e+04,7.550876211388779211e+02
1.235115580272674561e+04,7.550876214671519620e+02
1.235619063472747803e+04,7.550876209929052720e+02
1.236122448968887329e+04,7.550876223564066549e+02
1.236626110434532166e+04,7.550876222210929427e+02
1.237129692721366882e+04,7.550876223376972121e+02
1.237633511161804199e+04,7.550876230491084016e+02
1.238137310242652893e+04,7.550876222686021038e+02
1.238640523147583008e+04,7.550876244627037295e+02
1.239143979263305664e+04,7.550876238965087168e+02
1.239647892093658447e+04,7.550876235502591953e+02
1.240151679873466492e+04,7.550876244284697805e+02
1.240655672812461853e+04,7.550876240267235744e+02
1.241158812451362610e+04,7.550876242183040858e+02
1.241662672638893127e+04,7.550876236199983396e+02
1.242167212748527527e+04,7.550876243243935733e+02
1.242669406127929688e+04,7.550876248285904921e+02
1.243173763179779053e+04,7.550876235114560586e+02
1.243677650952339172e+04,7.550876243096982989e+02
1.244181708931922913e+04,7.550876226795795674e+02
1.244685606503486633e+04,7.550876228582525300e+02
1.245189798498153687e+04,7.550876225496458574e+02
1.245693455719947815e+04,7.550876229914491660e+02
1.246197514891624451e+04,7.550876230520431136e+02
1.246700372481346130e+04,7.550876223626294177e+02
1.247204511570930481e+04,7.550876214986028572e+02
1.247707852983474731e+04,7.550876221566575168e+02
1.248211840391159058e+04,7.550876225665278980e+02
1.248715197491645813e+04,7.550876227776647056e+02
1.249219243454933167e+04,7.550876222357296683e+02
1.249723031449317932e+04,7.550876226668571007e+02
1.250226863098144531e+04,7.550876215744733599e+02
1.250730348443984985e+04,7.550876228640782983e+02
1.251233786153793335e+04,7.550876239560751628e+02
1.251738505268096924e+04,7.550876243915365649e+02
1.252241977024078369e+04,7.550876241065661816e+02
1.252745612621307373e+04,7.550876253305083310e+02
1.253249060630798340e+04,7.550876252196453606e+02
1.253752974700927734e+04,7.550876245255011554e+02
1.254255827021598816e+04,7.550876256571359590e+02
1.254759359812736511e+04,7.550876261708593802e+02
1.255262682533264160e+04,7.550876255330035747e+02
1.255766613769531250e+04,7.550876252890342357e+02
1.256270163273811340e+04,7.550876255667152464e+02
1.256773066616058350e+04,7.550876246848171149e+02
1.257276462507247925e+04,7.550876251332915672e+02
1.257780174064636230e+04,7.550876254557501852e+02
1.258283908963203430e+04,7.550876268456986509e+02
1.258787034273147583e+04,7.550876257484865164e+02
1.259291817498207092e+04,7.550876262452261471e+02
1.259794483804702759e+04,7.550876254835312693e+02
1.260298682546615601e+04,7.550876267428049005e+02
1.260802414417266846e+04,7.550876248115113185e+02
1.261305799841880798e+04,7.550876245840205456e+02
1.261809841895103455e+04,7.550876238185049942e+02
1.262313889050483704e+04,7.550876251175604921e+02
1.262817758393287659e+04,7.550876255341979686e+02
1.263321973657608032e+04,7.550876255333577092e+02
1.263825087738037109e+04,7.550876247706462436e+02
1.264329088807106018e+04,7.550876249435120826e+02
1.264833188533782959e+04,7.550876258223929653e+02
1.265336346650123596e+04,7.550876258504216594e+02
1.265839950394630432e+04,7.550876246963442782e+02
1.266343519186973572e+04,7.550876261415097588e+02
1.266846823883056641e+04,7.550876252124728580e+02
1.267350462436676025e+04,7.550876242152588702e+02
1.267854183793067932e+04,7.550876256248077425e+02
1.268357546377182007e+04,7.550876260187558273e+02
1.268861387157440186e+04,7.550876251509887425e+02
1.269364733266830444e+04,7.550876261930916371e+02
1.269868301057815552e+04,7.550876255160861774e+02
1.270372065973281860e+04,7.550876250443748177e+02
1.270876645731925964e+04,7.550876263631731717e+02
1.271380218625068665e+04,7.550876272893464147e+02
1.271884167432785034e+04,7.550876269944535579e+02
1.272387339043617249e+04,7.550876269799932743e+02
1.272890322160720825e+04,7.550876291101932338e+02
1.273394184875488281e+04,7.550876275726541280e+02
1.273898128914833069e+04,7.550876280207106674e+02
1.274401462388038635e+04,7.550876289238534582e+02
1.274905030345916748e+04,7.550876280380574599e+02
1.275408448386192322e+04,7.550876282189886979e+02
1.275912654614448547e+04,7.550876270322887649e+02
1.276415829777717590e+04,7.550876272927849868e+02
1.276919819974899292e+04,7.550876282534800339e+02
1.277423005723953247e+04,7.550876279288078194e+02
1.277926133036613464e+04,7.550876285889380597e+02
1.278429378366470337e+04,7.550876271509622484e+02
1.278933294558525085e+04,7.550876277214603078e+02
1.279437492585182190e+04,7.550876287770819317e+02
1.279941656732559204e+04,7.550876280974621295e+02
1.280445462417602539e+04,7.550876286727027491e+02
1.280949187922477722e+04,7.550876270454540418e+02
1.281453636932373047e+04,7.550876282997005546e+02
1.281957265043258667e+04,7.550876294531519761e+02
1.282461096024513245e+04,7.550876283744059947e+02
1.282964216566085815e+04,7.550876296252084785e+02
1.283468774247169495e+04,7.550876293442452152e+02
1.283971876549720764e+04,7.550876290264392310e+02
1.284475911664962769e+04,7.550876290572178959e+02
1.284979003334045410e+04,7.550876272343425626e+02
1.285483052134513855e+04,7.550876283619727474e+02
1.285986146092414856e+04,7.550876282106650024e+02
1.286490286397933960e+04,7.550876277610742591e+02
1.286994297170639038e+04,7.550876284631433464e+02
1.287497727560997009e+04,7.550876277597831177e+02
1.288001398253440857e+04,7.550876290012009804e+02
1.288506211900711060e+04,7.550876285614767767e+02
1.289009591937065125e+04,7.550876289861046189e+02
1.289512726426124573e+04,7.550876301511510746e+02
1.290016896796226501e+04,7.550876291821753057e+02
1.290519868898391724e+04,7.550876272724675573e+02
1.291023975968360901e+04,7.550876286362095016e+02
1.291527711868286133e+04,7.550876284060792614e+02
1.292032030749320984e+04,7.550876286113183369e+02
1.292535661220550537e+04,7.550876283620980303e+02
1.293039423704147339e+04,7.550876281065956164e+02
1.293542861461639404e+04,7.550876289200369911e+02
1.294046764421463013e+04,7.550876280583237303e+02
1.294550634455680847e+04,7.550876278453376926e+02
1.295055245399475098e+04,7.550876281114769881e+02
1.295558909487724304e+04,7.550876295325110732e+02
1.296062882256507874e+04,7.550876282800683157e+02
1.296567809796333313e+04,7.550876290886263860e+02
1.297071547746658325e+04,7.550876276434808005e+02
1.297575399136543274e+04,7.550876283003374283e+02
1.298079460096359253e+04,7.550876296409588804e+02
1.298583302736282349e+04,7.550876278875359731e+02
1.299087064266204834e+04,7.550876280551362925e+02
1.299591049003601074e+04,7.550876287911356712e+02
1.300094147062301636e+04,7.550876279384951886e+02
1.300597796630859375e+04,7.550876293801775319e+02
1.301100776219367981e+04,7.550876290290142379e+02
1.301603759050369263e+04,7.550876292547142157e+02
1.302107553577423096e+04,7.550876292131121090e+02
1.302610991978645325e+04,7.550876298737078969e+02
1.303114760541915894e+04,7.550876293326534778e+02
1.303617765545845032e+04,7.550876307250880473e+02
1.304121169424057007e+04,7.550876305951749146e+02
1.304624890637397766e+04,7.550876303122147419e+02
1.305129028558731079e+04,7.550876286289833388e+02
1.305632077383995056e+04,7.550876300127840750e+02
1.306135876131057739e+04,7.550876301322583686e+02
1.306639820551872253e+04,7.550876294480106026e+02
1.307145513391494751e+04,7.550876308109296815e+02
1.307648936414718628e+04,7.550876297896691085e+02
1.308152799439430237e+04,7.550876309303275775e+02
1.308656362009048462e+04,7.550876308134420469e+02
1.309159631967544556e+04,7.550876312874552241e+02
1.309663295531272888e+04,7.550876319188117805e+02
1.310166462421417236e+04,7.550876315241972634e+02
1.310670342946052551e+04,7.550876316275729323e+02
1.311173944067955017e+04,7.550876324327749671e+02
1.311677962517738342e+04,7.550876315619718753e+02
1.312181705713272095e+04,7.550876301209300436e+02
1.312685063791275024e+04,7.550876300997673525e+02
1.313188524031639099e+04,7.550876307046330567e+02
1.313692662692070007e+04,7.550876326252865738e+02
1.314196865129470825e+04,7.550876319584571092e+02
1.314699944138526917e+04,7.550876324700286659e+02
1.315203659105300903e+04,7.550876324450828179e+02
1.315707549405097961e+04,7.550876317138800005e+02
1.316211269545555115e+04,7.550876327998988700e+02
1.316715009403228760e+04,7.550876319651005133e+02
1.317218562841415405e+04,7.550876306854704580e+02
1.317723283481597900e+04,7.550876307807358216e+02
1.318226820635795593e+04,7.550876307734824877e+02
1.318730956172943115e+04,7.550876301432002720e+02
1.319234644365310669e+04,7.550876299492520047e+02
1.319739088749885559e+04,7.550876295940043974e+02
1.320242329859733582e+04,7.550876304512158868e+02
1.320746025490760803e+04,7.550876306655927692e+02
1.321249718618392944e+04,7.550876315822989682e+02
1.321753424882888794e+04,7.550876311271330223e+02
1.322257238745689392e+04,7.550876316671312907e+02
1.322760742616653442e+04,7.550876316064005778e+02
1.323264788460731506e+04,7.550876314904256787e+02
1.323768488454818726e+04,7.550876323664597294e+02
1.324272168636322021e+04,7.550876324062719505e+02
1.324775828599929810e+04,7.550876306361338948e+02
1.325279049301147461e+04,7.550876322434295389e+02
1.325783155512809753e+04,7.550876339391488727e+02
1.326286546802520752e+04,7.550876337285003501e+02
1.326790204334259033e+04,7.550876335192373290e+02
1.327293783092498779e+04,7.550876341129152252e+02
1.327798287773132324e+04,7.550876332662147661e+02
1.328301305270195007e+04,7.550876333385232329e+02
1.328805662536621094e+04,7.550876325454330527e+02
1.329308948063850403e+04,7.550876336160655455e+02
1.329812839126586914e+04,7.550876340659947346e+02
1.330316151881217957e+04,7.550876345280202031e+02
1.330819657874107361e+04,7.550876329765509354e+02
1.331322356152534485e+04,7.550876316179011383e+02
1.331826255536079407e+04,7.550876328476812205e+02
1.332329015588760376e+04,7.550876329134187017e+02
1.332833562469482422e+04,7.550876321783590583e+02
1.333337313485145569e+04,7.550876328836907305e+02
1.333840734934806824e+04,7.550876327430928541e+02
1.334344386816024780e+04,7.550876333590523473e+02
1.334847243881225586e+04,7.550876327533268295e+02
1.335350719022750854e+04,7.550876339623910098e+02
1.335854687547683716e+04,7.550876324269657971e+02
1.336359033799171448e+04,7.550876320161819422e+02
1.336862696552276611e+04,7.550876330866857415e+02
1.337366325616836548e+04,7.550876330931630491e+02
1.337870067262649536e+04,7.550876324135197137e+02
1.338374791693687439e+04,7.550876321557193478e+02
1.338877695822715759e+04,7.550876330641553977e+02
1.339381487011909485e+04,7.550876326895752300e+02
1.339884727096557617e+04,7.550876308631297888e+02
1.340387599587440491e+04,7.550876321630240682e+02
1.340891379523277283e+04,7.550876306859419174e+02
1.341395165872573853e+04,7.550876314762600714e+02
1.341898969149589539e+04,7.550876319333003721e+02
1.342402450680732727e+04,7.550876332704543756e+02
1.342906551074981689e+04,7.550876324960072452e+02
1.343411065983772278e+04,7.550876319201940987e+02
1.343913462328910828e+04,7.550876325487607801e+02
1.344416685104370117e+04,7.550876315946242130e+02
1.344920061492919922e+04,7.550876319851203107e+02
1.345424562644958496e+04,7.550876335292334716e+02
1.345927928662300110e+04,7.550876312924801823e+02
1.346431891679763794e+04,7.550876323501902334e+02
1.346935540843009949e+04,7.550876325873248334e+02
1.347438371467590332e+04,7.550876322616894640e+02
1.347942671227455139e+04,7.550876313964163273e+02
1.348446259093284607e+04,7.550876315627418762e+02
1.348949951219558716e+04,7.550876322022320437e+02
1.349453764295578003e+04,7.550876318385277273e+02
1.349957562828063965e+04,7.550876319750793755e+02
1.350460440826416016e+04,7.550876315849703815e+02
1.350964359426498413e+04,7.550876317807087617e+02
1.351469390416145325e+04,7.550876320882533719e+02
1.351973383378982544e+04,7.550876311975068802e+02
1.352476332426071167e+04,7.550876323225826354e+02
1.352979574346542358e+04,7.550876309284727768e+02
1.353483067083358765e+04,7.550876318759800370e+02
1.353987230753898621e+04,7.550876319715309819e+02
1.354491186046600342e+04,7.550876312388351153e+02
1.354994621109962463e+04,7.550876315411944688e+02
1.355498613643646240e+04,7.550876314702622949e+02
1.356002241897583008e+04,7.550876303080901835e+02
1.356506457090377808e+04,7.550876317810300407e+02
1.357010013341903687e+04,7.550876318934379015e+02
1.357513790893554688e+04,7.550876310319303002e+02
1.358017706465721130e+04,7.550876296827379974e+02
1.358521207094192505e+04,7.550876317920503880e+02
1.359025492691993713e+04,7.550876305828844579e+02
1.359528681969642639e+04,7.550876294680439287e+02
1.360033338260650635e+04,7.550876300005584199e+02
1.360536788105964661e+04,7.550876308765582507e+02
1.361040812468528748e+04,7.550876310803296292e+02
1.361544950437545776e+04,7.550876311398977805e+02
1.362048611950874329e+04,7.550876319015189893e+02
1.362552076625823975e+04,7.550876305291185417e+02
1.363055354619026184e+04,7.550876306417499109e+02
1.363559203648567200e+04,7.550876304120929490e+02
1.364062981843948364e+04,7.550876298736540093e+02
1.364565996980667114e+04,7.550876287011169552e+02
1.365068920350074768e+04,7.550876310429176783e+02
1.365572373127937317e+04,7.550876297476087302e+02
1.366077085089683533e+04,7.550876286586302513e+02
1.366581127953529358e+04,7.550876298338356492e+02
1.367084730243682861e+04,7.550876297978752518e+02
1.367588957810401917e+04,7.550876299253635580e+02
1.368092371869087219e+04,7.550876292343936029e+02
1.368595787954330444e+04,7.550876308524318574e+02
1.369099682164192200e+04,7.550876285907058900e+02
1.369603286838531494e+04,7.550876289136336936e+02
1.370107337689399719e+04,7.550876285838020294e+02
1.370611243319511414e+04,7.550876278767086660e+02
1.371115331840515137e+04,7.550876279422528796e+02
1.371618363308906555e+04,7.550876285382702235e+02
1.372121775364875793e+04,7.550876290624771627e+02
1.372625000357627869e+04,7.550876297584967460e+02
1.373128136730194092e+04,7.550876285265778733e+02
1.373631150364875793e+04,7.550876279189980096e+02
1.374135050249099731e+04,7.550876284956384552e+02
1.374638950800895691e+04,7.550876284675421175e+02
1.375142315030097961e+04,7.550876300478223584e+02
1.375645772838592529e+04,7.550876302054903135e+02
1.376149197912216187e+04,7.550876293426931625e+02
1.376653053450584412e+04,7.550876302304083083e+02
1.377156521797180176e+04,7.550876302214942370e+02
1.377659958124160767e+04,7.550876320145840737e+02
1.378163746094703674e+04,7.550876309543432399e+02
1.378668368792533875e+04,7.550876309414551315e+02
1.379172046852111816e+04,7.550876318430482570e+02
1.379676046943664551e+04,7.550876329733940793e+02
1.380180611443519592e+04,7.550876319875042100e+02
1.380684078788757324e+04,7.550876323325456951e+02
1.381188260436058044e+04,7.550876331437932549e+02
1.381692317533493042e+04,7.550876315991820320e+02
1.382196460604667664e+04,7.550876319037005260e+02
1.382700545477867126e+04,7.550876327019692553e+02
1.383204464054107666e+04,7.550876325485783127e+02
1.383707562589645386e+04,7.550876311388676640e+02
1.384211404705047607e+04,7.550876332485594276e+02
1.384715352916717529e+04,7.550876321241930782e+02
1.385219298768043518e+04,7.550876331795233227e+02
1.385722748279571533e+04,7.550876312928270409e+02
1.386226191306114197e+04,7.550876323157173147e+02
1.386729955172538757e+04,7.550876314510845759e+02
1.387233267927169800e+04,7.550876326441286892e+02
1.387736884236335754e+04,7.550876318675955190e+02
1.388240820336341858e+04,7.550876306556103827e+02
1.388744147849082947e+04,7.550876316077008141e+02
1.389247610616683960e+04,7.550876320393588230e+02
1.389751584768295288e+04,7.550876324266049551e+02
1.390256113123893738e+04,7.550876330059910515e+02
1.390759408473968506e+04,7.550876319817919011e+02
1.391263946938514709e+04,7.550876335526079401e+02
1.391767635369300842e+04,7.550876329672298652e+02
1.392271045351028442e+04,7.550876340420883253e+02
1.392774735832214355e+04,7.550876323024141357e+02
1.393279140496253967e+04,7.550876323377568724e+02
1.393782907986640930e+04,7.550876344805291183e+02
1.394286840796470642e+04,7.550876333657223540e+02
1.394790510988235474e+04,7.550876319839259168e+02
1.395294116377830505e+04,7.550876319924615245e+02
1.395798462629318237e+04,7.550876341624737051e+02
1.396302410912513733e+04,7.550876340682640375e+02
1.396806212425231934e+04,7.550876346580050722e+02
1.397309577202796936e+04,7.550876355476635808e+02
1.397813183689117432e+04,7.550876341836378742e+02
1.398317030477523804e+04,7.550876344117153849e+02
1.398820462536811829e+04,7.550876340818340395e+02
1.399324685430526733e+04,7.550876350937529651e+02
1.399828575325012207e+04,7.550876344894730892e+02
1.400332506728172302e+04,7.550876342154205076e+02
1.400836176085472107e+04,7.550876331868934130e+02
1.401339071273803711e+04,7.550876334822567060e+02
1.401842538237571716e+04,7.550876332446464403e+02
1.402347322797775269e+04,7.550876331449724148e+02
1.402850614356994629e+04,7.550876335727679134e+02
1.403354087615013123e+04,7.550876336299277227e+02
1.403857462501525879e+04,7.550876350649048163e+02
1.404360994124412537e+04,7.550876352688181896e+02
1.404864305925369263e+04,7.550876339505060741e+02
1.405367762708663940e+04,7.550876349524990019e+02
1.405871870875358582e+04,7.550876342794041420e+02
1.406375674605369568e+04,7.550876342025992471e+02
1.406879511666297913e+04,7.550876337179809070e+02
1.407383230042457581e+04,7.550876317743020536e+02
1.407887056207656860e+04,7.550876331105497457e+02
1.408390284132957458e+04,7.550876313107244187e+02
1.408894665622711182e+04,7.550876331052488695e+02
1.409398170018196106e+04,7.550876335764861551e+02
1.409901049470901489e+04,7.550876322550140003e+02
1.410404680061340332e+04,7.550876320314046097e+02
1.410908944964408875e+04,7.550876324118158891e+02
1.411412826514244080e+04,7.550876331939342663e+02
1.411916608405113220e+04,7.550876317610830029e+02
1.412420350599288940e+04,7.550876340404014400e+02
1.412923485636711121e+04,7.550876321367447872e+02
1.413427152371406555e+04,7.550876334855067853e+02
1.413930773568153381e+04,7.550876339650372984e+02
1.414434480476379395e+04,7.550876347200124883e+02
1.414936886358261108e+04,7.550876339666331205e+02
1.415440271735191345e+04,7.550876336963362974e+02
1.415943363738059998e+04,7.550876345978048221e+02
1.416446909260749817e+04,7.550876340771026207e+02
1.416950552988052368e+04,7.550876353799800427e+02
1.417454768657684326e+04,7.550876338325259667e+02
1.417958526515960693e+04,7.550876345176299083e+02
1.418462172198295593e+04,7.550876343118028444e+02
1.418965712809562683e+04,7.550876352898936830e+02
1.419469625520706177e+04,7.550876356340187385e+02
1.419972821187973022e+04,7.550876358375039672e+02
1.420476576447486877e+04,7.550876354428620516e+02
1.420981078076362610e+04,7.550876354000077981e+02
1.421484285187721252e+04,7.550876350602464981e+02
1.421987238955497742e+04,7.550876361233844136e+02
1.422490440416336060e+04,7.550876355010167345e+02
1.422994136047363281e+04,7.550876353952850195e+02
1.423498462367057800e+04,7.550876365093763525e+02
1.424002462363243103e+04,7.550876373410218321e+02
1.424505301976203918e+04,7.550876363791767290e+02
1.425008468580245972e+04,7.550876365028950659e+02
1.425512682294845581e+04,7.550876364787961847e+02
1.426015915727615356e+04,7.550876357497523941e+02
1.426520040869712830e+04,7.550876359442339663e+02
1.427023255395889282e+04,7.550876369934342165e+02
1.427527258157730103e+04,7.550876363642270235e+02
1.428030608153343201e+04,7.550876373468626070e+02
1.428534675645828247e+04,7.550876363573419212e+02
1.429037511229515076e+04,7.550876353083119739e+02
1.429541428184509277e+04,7.550876365887917245e+02
1.430045076394081116e+04,7.550876356016100317e+02
1.430548056983947754e+04,7.550876345309947055e+02
1.431051619362831116e+04,7.550876356433195724e+02
1.431555121994018555e+04,7.550876352576543695e+02
1.432059020733833313e+04,7.550876352896646040e+02
1.432562535429000854e+04,7.550876354527208605e+02
1.433066551613807678e+04,7.550876363978335348e+02
1.433570003867149353e+04,7.550876361030914268e+02
1.434073683834075928e+04,7.550876371799758999e+02
1.434577462506294250e+04,7.550876374286016244e+02
1.435081666183471680e+04,7.550876370073885937e+02
1.435584264254570007e+04,7.550876364224887993e+02
1.436088273096084595e+04,7.550876350453941086e+02
1.436592340230941772e+04,7.550876351998390419e+02
1.437095775365829468e+04,7.550876361202962244e+02
1.437598726558685303e+04,7.550876357186890573e+02
1.438102862691879272e+04,7.550876345256510831e+02
1.438606554746627808e+04,7.550876340160671134e+02
1.439110100030899048e+04,7.550876349849187363e+02
1.439613862609863281e+04,7.550876340725882301e+02
1.440117244625091553e+04,7.550876329169632299e+02
1.440620914745330811e+04,7.550876354788040317e+02
1.441125025248527527e+04,7.550876351561296360e+02
1.441628818130493164e+04,7.550876354805848223e+02
1.442132817697525024e+04,7.550876344783195009e+02
1.442636226439476013e+04,7.550876348370009055e+02
1.443139720869064331e+04,7.550876345893519783e+02
1.443643407583236694e+04,7.550876355801423188e+02
1.444147595643997192e+04,7.550876363016084269e+02
1.444650727272033691e+04,7.550876356757195254e+02
1.445155408716201782e+04,7.550876362412118397e+02
1.445659674143791199e+04,7.550876358981472549e+02
1.446163541674613953e+04,7.550876355175188337e+02
1.446667075300216675e+04,7.550876363594420582e+02
1.447171225810050964e+04,7.550876364410545420e+02
1.447675876164436340e+04,7.550876367963984421e+02
1.448179898476600647e+04,7.550876368980540292e+02
1.448683336186408997e+04,7.550876371904039388e+02
1.449186716985702515e+04,7.550876364671216834e+02
1.449690373349189758e+04,7.550876371129012341e+02
1.450194424057006836e+04,7.550876357015048370e+02
1.450698896026611328e+04,7.550876355894777134e+02
1.451201871705055237e+04,7.550876364630821627e+02
1.451706535506248474e+04,7.550876362352829574e+02
1.452209279870986938e+04,7.550876355514551506e+02
1.452712715458869934e+04,7.550876345506769667e+02
1.453216264939308167e+04,7.550876349178270175e+02
1.453720622420310974e+04,7.550876353308544822e+02
1.454224051165580750e+04,7.550876349611530713e+02
1.454727739596366882e+04,7.550876352687693043e+02
1.455231375551223755e+04,7.550876355187222089e+02
1.455734902715682983e+04,7.550876352554446385e+02
1.456238162994384766e+04,7.550876370363511114e+02
1.456742382144927979e+04,7.550876361280609217e+02
1.457246290516853333e+04,7.550876347670316591e+02
1.457749558877944946e+04,7.550876356938250638e+02
1.458253373908996582e+04,7.550876369380016513e+02
1.458757365179061890e+04,7.550876357977862199e+02
1.459260530376434326e+04,7.550876361443824862e+02
1.459764436793327332e+04,7.550876363712726516e+02
1.460267758107185364e+04,7.550876341202465483e+02
1.460771542716026306e+04,7.550876346854732901e+02
1.461275118470191956e+04,7.550876363010482919e+02
1.461778798294067383e+04,7.550876355885985731e+02
1.462281874275207520e+04,7.550876371443400785e+02
1.462785722494125366e+04,7.550876359301148568e+02
1.463288873505592346e+04,7.550876362145484109e+02
1.463791825389862061e+04,7.550876353400523158e+02
1.464295674586296082e+04,7.550876362894925933e+02
1.464799535417556763e+04,7.550876371361638348e+02
1.465302696728706360e+04,7.550876364525983035e+02
1.465806515502929688e+04,7.550876375325165100e+02
1.466309806752204895e+04,7.550876373193234485e+02
1.466813082551956177e+04,7.550876371697775085e+02
1.467317007493972778e+04,7.550876374066569952e+02
1.467820222139358521e+04,7.550876367980346231e+02
1.468323105955123901e+04,7.550876376743018454e+02
1.468826462483406067e+04,7.550876371435429064e+02
1.469329462456703186e+04,7.550876368871226987e+02
1.469833221650123596e+04,7.550876374278169578e+02
1.470337421178817749e+04,7.550876369061500100e+02
1.470841284513473511e+04,7.550876363471040804e+02
1.471346175503730774e+04,7.550876354513418391e+02
1.471849462866783142e+04,7.550876362356209484e+02
1.472352809476852417e+04,7.550876361028805377e+02
1.472855845093727112e+04,7.550876373491672666e+02
1.473360094475746155e+04,7.550876368428519072e+02
1.473863262510299683e+04,7.550876374812555696e+02
1.474367119693756104e+04,7.550876381506415100e+02
1.474871092128753662e+04,7.550876375216017777e+02
1.475374794864654541e+04,7.550876380833909707e+02
1.475877991151809692e+04,7.550876383017083526e+02
1.476381858015060425e+04,7.550876379157357405e+02
1.476885045981407166e+04,7.550876373496897713e+02
1.477388384795188904e+04,7.550876383234218565e+02
1.477891187191009521e+04,7.550876378765042318e+02
1.478395064115524292e+04,7.550876377023311079e+02
1.478898275566101074e+04,7.550876379458052270e+02
1.479402409005165100e+04,7.550876389063745364e+02
1.479906186819076538e+04,7.550876382795613608e+02
1.480408554959297180e+04,7.550876380862533779e+02
1.480912634181976318e+04,7.550876380848060307e+02
1.481416572213172913e+04,7.550876380604405540e+02
1.481920583009719849e+04,7.550876367695399267e+02
1.482423784446716309e+04,7.550876357206636840e+02
1.482926991653442383e+04,7.550876362973604046e+02
1.483430789947509766e+04,7.550876367437282397e+02
1.483934225630760193e+04,7.550876359188400784e+02
1.484437957453727722e+04,7.550876364953631992e+02
1.484941465473175049e+04,7.550876369660632008e+02
1.485445462512969971e+04,7.550876394856932166e+02
1.485949554085731506e+04,7.550876388882294350e+02
1.486453299903869629e+04,7.550876388823257912e+02
1.486956987237930298e+04,7.550876395808054440e+02
1.487460050487518311e+04,7.550876394136109866e+02
1.487963937306404114e+04,7.550876394190775045e+02
1.488466984224319458e+04,7.550876389491759255e+02
1.488970394706726074e+04,7.550876385251239071e+02
1.489473521614074707e+04,7.550876383689610520e+02
1.489976884222030640e+04,7.550876389442398704e+02
1.490481183075904846e+04,7.550876399662198537e+02
1.490985462427139282e+04,7.550876385168826346e+02
1.491489091658592224e+04,7.550876395774414505e+02
1.491993135762214661e+04,7.550876389180972410e+02
1.492496392536163330e+04,7.550876394648205405e+02
1.493000184249877930e+04,7.550876409216896263e+02
1.493503012275695801e+04,7.550876409958234490e+02
1.494007616901397705e+04,7.550876413305182950e+02
1.494511062836647034e+04,7.550876429342590654e+02
1.495015053272247314e+04,7.550876425080850822e+02
1.495518657922744751e+04,7.550876427212231192e+02
1.496022075676918030e+04,7.550876422320507118e+02
1.496525471806526184e+04,7.550876416162789155e+02
1.497029260373115540e+04,7.550876414821292428e+02
1.497532793378829956e+04,7.550876411812732840e+02
1.498036081743240356e+04,7.550876418422596998e+02
1.498539662122726440e+04,7.550876424965963452e+02
1.499043333601951599e+04,7.550876418257424803e+02
1.499549501872062683e+04,7.550876417789696688e+02
1.500051324319839478e+04,7.550876424265109108e+02
1.500553632044792175e+04,7.550876412514387539e+02
1.501057377195358276e+04,7.550876421027761580e+02
1.501560864210128784e+04,7.550876416811171339e+02
1.502064903163909912e+04,7.550876423569313829e+02
1.502568044137954712e+04,7.550876424034933052e+02
1.503071575856208801e+04,7.550876429634956821e+02
1.503575272560119629e+04,7.550876438091082719e+02
1.504079362368583679e+04,7.550876430327692788e+02
1.504583141660690308e+04,7.550876426905266499e+02
1.505087531948089600e+04,7.550876433077785350e+02
1.505591659069061279e+04,7.550876445896851692e+02
1.506095304226875305e+04,7.550876437364956928e+02
1.506599029326438904e+04,7.550876432045848787e+02
1.507102581810951233e+04,7.550876430043709888e+02
1.507606532764434814e+04,7.550876429770858067e+02
1.508110539293289185e+04,7.550876453710581018e+02
1.508614147257804871e+04,7.550876448584315312e+02
1.509117848825454712e+04,7.550876443327769039e+02
1.509621462583541870e+04,7.550876450812736493e+02
1.510124955821037292e+04,7.550876444662646918e+02
1.510628990411758423e+04,7.550876443141207801e+02
1.511133028197288513e+04,7.550876443246853569e+02
1.511635990118980408e+04,7.550876446306895104e+02
1.512140102672576904e+04,7.550876435762495476e+02
1.512644423675537109e+04,7.550876428517296972e+02
1.513147188997268677e+04,7.550876434057930737e+02
1.513650923800468445e+04,7.550876438200880330e+02
1.514154731416702271e+04,7.550876435487098206e+02
1.514659205985069275e+04,7.550876439996563931e+02
1.515162747812271118e+04,7.550876428460303487e+02
1.515666462635993958e+04,7.550876433552731442e+02
1.516170462489128113e+04,7.550876431628516912e+02
1.516674108600616455e+04,7.550876431442316061e+02
1.517177604413032532e+04,7.550876431631747892e+02
1.517681284928321838e+04,7.550876441583529868e+02
1.518185673260688782e+04,7.550876429910535990e+02
1.518688484835624695e+04,7.550876443637787361e+02
1.519191965174674988e+04,7.550876429717785641e+02
1.519695708656311035e+04,7.550876449016268452e+02
1.520199467086791992e+04,7.550876441148917593e+02
1.520702851128578186e+04,7.550876454439721783e+02
1.521206608271598816e+04,7.550876441557122689e+02
1.521710442900657654e+04,7.550876454250297911e+02
1.522213743233680725e+04,7.550876459181291693e+02
1.522718214035034180e+04,7.550876444467864985e+02
1.523221170210838318e+04,7.550876443296531306e+02
1.523725354456901550e+04,7.550876439811601131e+02
1.524228763294219971e+04,7.550876431879200936e+02
1.524732539939880371e+04,7.550876461628450897e+02
1.525236683392524719e+04,7.550876452824420539e+02
1.525739564657211304e+04,7.550876448461307291e+02
1.526243255281448364e+04,7.550876455561724470e+02
1.526746858978271484e+04,7.550876440959818865e+02
1.527250699973106384e+04,7.550876445193883910e+02
1.527753853917121887e+04,7.550876445325282020e+02
1.528257828593254089e+04,7.550876449820619882e+02
1.528761818552017212e+04,7.550876441660620912e+02
1.529265946912765503e+04,7.550876450701894100e+02
1.529769852304458618e+04,7.550876452597617572e+02
1.530273149299621582e+04,7.550876446566575169e+02
1.530777052903175354e+04,7.550876453212325714e+02
1.531280424618721008e+04,7.550876459333142066e+02
1.531784134387969971e+04,7.550876452663062537e+02
1.532287454628944397e+04,7.550876439502449102e+02
1.532790907311439514e+04,7.550876442520034288e+02
1.533294668650627136e+04,7.550876451946985526e+02
1.533797860574722290e+04,7.550876456517896713e+02
1.534301404595375061e+04,7.550876450447419757e+02
1.534805221319198608e+04,7.550876453932515915e+02
1.535308949875831604e+04,7.550876455210002405e+02
1.535812777352333069e+04,7.550876442857579605e+02
1.536316216063499451e+04,7.550876448105461805e+02
1.536820350480079651e+04,7.550876441502904299e+02
1.537324424576759338e+04,7.550876448119001907e+02
1.537827509188652039e+04,7.550876439473553319e+02
1.538331475353240967e+04,7.550876447772035363e+02
1.538834931635856628e+04,7.550876445100440151e+02
1.539338268375396729e+04,7.550876456451678678e+02
1.539841968917846680e+04,7.550876445133734478e+02
1.540345771455764771e+04,7.550876447878745239e+02
1.540849174547195435e+04,7.550876453144472862e+02
1.541352485728263855e+04,7.550876454991525861e+02
1.541856006574630737e+04,7.550876464495522669e+02
1.542359462547302246e+04,7.550876461641755668e+02
1.542863225245475769e+04,7.550876462148718247e+02
1.543366954922676086e+04,7.550876465515005975e+02
1.543870955109596252e+04,7.550876453432503013e+02
1.544374049925804138e+04,7.550876461223986098e+02
1.544877362775802612e+04,7.550876460815220526e+02
1.545381361484527588e+04,7.550876458491351286e+02
1.545884276819229126e+04,7.550876457913891500e+02
1.546388667035102844e+04,7.550876455897132473e+02
1.546892249727249146e+04,7.550876462919283085e+02
1.547395558238029480e+04,7.550876474314853795e+02
1.547899545860290527e+04,7.550876476832106619e+02
1.548402561855316162e+04,7.550876468688553587e+02
1.548906675338745117e+04,7.550876486904313651e+02
1.549409920978546143e+04,7.550876477618534182e+02
1.549913866686820984e+04,7.550876468544297495e+02
1.550417089414596558e+04,7.550876468236998562e+02
1.550920072126388550e+04,7.550876483252365006e+02
1.551424363589286804e+04,7.550876474729061556e+02
1.551928204512596130e+04,7.550876468929666316e+02
1.552431300950050354e+04,7.550876473552791595e+02
1.552934770250320435e+04,7.550876464907784111e+02
1.553438648319244385e+04,7.550876465922830221e+02
1.553942385482788086e+04,7.550876461244818074e+02
1.554445461177825928e+04,7.550876467613639988e+02
1.554950044560432434e+04,7.550876470848743338e+02
1.555453577375411987e+04,7.550876466554256012e+02
1.555957266306877136e+04,7.550876470360373105e+02
1.556460753798484802e+04,7.550876482256010149e+02
1.556964979934692383e+04,7.550876467648827202e+02
1.557467768716812134e+04,7.550876469326411780e+02
1.557972150778770447e+04,7.550876494602898674e+02
1.558475989508628845e+04,7.550876493616203788e+02
1.558979557061195374e+04,7.550876486233199785e+02
1.559483277511596680e+04,7.550876493166155115e+02
1.559987120866775513e+04,7.550876484329115783e+02
1.560490776586532593e+04,7.550876482989153828e+02
1.560993856024742126e+04,7.550876482717141016e+02
1.561497679686546326e+04,7.550876480649325231e+02
1.562001314353942871e+04,7.550876482491340767e+02
1.562504219293594360e+04,7.550876485759860088e+02
1.563008005356788635e+04,7.550876495543511737e+02
1.563512054276466370e+04,7.550876476843820910e+02
1.564014740610122681e+04,7.550876485772362230e+02
1.564517889380455017e+04,7.550876476230585013e+02
1.565021365022659302e+04,7.550876477754911775e+02
1.565525375771522522e+04,7.550876466701508889e+02
1.566028555250167847e+04,7.550876477773501847e+02
1.566532372450828552e+04,7.550876470685545883e+02
1.567037359905242920e+04,7.550876482936299681e+02
1.567539707779884338e+04,7.550876493562169571e+02
1.568043515038490295e+04,7.550876489577863140e+02
1.568547378301620483e+04,7.550876478984014284e+02
1.569051164889335632e+04,7.550876480018536085e+02
1.569554841494560242e+04,7.550876481507872313e+02
1.570058263731002808e+04,7.550876487370993573e+02
1.570562035155296326e+04,7.550876490975468869e+02
1.571065465760231018e+04,7.550876480785634612e+02
1.571568809533119202e+04,7.550876491168858138e+02
1.572073364090919495e+04,7.550876493811409773e+02
1.572576462602615356e+04,7.550876494542900446e+02
1.573080305075645447e+04,7.550876500755529150e+02
1.573584416913986206e+04,7.550876495573019156e+02
1.574088079285621643e+04,7.550876485683462533e+02
1.574591237497329712e+04,7.550876485158545393e+02
1.575096664071083069e+04,7.550876490096728730e+02
1.575601112246513367e+04,7.550876480513348952e+02
1.576103413128852844e+04,7.550876496032711884e+02
1.576607745027542114e+04,7.550876497153759601e+02
1.577111264634132385e+04,7.550876481762290950e+02
1.577614983844757080e+04,7.550876490699083661e+02
1.578119234848022461e+04,7.550876486885568966e+02
1.578621787548065186e+04,7.550876485124975943e+02
1.579125758099555969e+04,7.550876479877277916e+02
1.579629523587226868e+04,7.550876484627768832e+02
1.580132359719276428e+04,7.550876482051564835e+02
1.580635959649085999e+04,7.550876482531010652e+02
1.581139560627937317e+04,7.550876481314758166e+02
1.581642559909820557e+04,7.550876484177202883e+02
1.582146462464332581e+04,7.550876476799339798e+02
1.582650012540817261e+04,7.550876471426755643e+02
1.583153735351562500e+04,7.550876478121894024e+02
1.583657462596893311e+04,7.550876475570005368e+02
1.584161759138107300e+04,7.550876469507827551e+02
1.584665346026420593e+04,7.550876481740037889e+02
1.585169393873214722e+04,7.550876477272539660e+02
1.585674105405807495e+04,7.550876479856190144e+02
1.586177080249786377e+04,7.550876474058425174e+02
1.586680815100669861e+04,7.550876476061226867e+02
1.587185170030593872e+04,7.550876469097316885e+02
1.587689077019691467e+04,7.550876465271893494e+02
1.588193006992340088e+04,7.550876480871710328e+02
1.588696980738639832e+04,7.550876469584389952e+02
1.589201105690002441e+04,7.550876465969133733e+02
1.589704297494888306e+04,7.550876475485998753e+02
1.590207865023612976e+04,7.550876473353279152e+02
1.590711728978157043e+04,7.550876469809641094e+02
1.591215350508689880e+04,7.550876476425196415e+02
1.591718740653991699e+04,7.550876474429467180e+02
1.592222607159614563e+04,7.550876477735856724e+02
1.592726893997192383e+04,7.550876472478248616e+02
1.593229972863197327e+04,7.550876475210309309e+02
1.593734293007850647e+04,7.550876455412454789e+02
1.594237562680244446e+04,7.550876465688207873e+02
1.594741236972808838e+04,7.550876465892638407e+02
1.595244832420349121e+04,7.550876460171851932e+02
1.595749362468719482e+04,7.550876460978463456e+02
1.596252271223068237e+04,7.550876451772695646e+02
1.596756130194664001e+04,7.550876464987500185e+02
1.597259501099586487e+04,7.550876468490575917e+02
1.597763267540931702e+04,7.550876469624671472e+02
1.598267108416557312e+04,7.550876472608395034e+02
1.598771660017967224e+04,7.550876489423753810e+02
1.599273708653450012e+04,7.550876483972609776e+02
1.599777730989456177e+04,7.550876487414143412e+02
1.600281502294540405e+04,7.550876485835552785e+02
1.600785890889167786e+04,7.550876497199998312e+02
1.601289220142364502e+04,7.550876521527500245e+02
1.601793433618545532e+04,7.550876515237936246e+02
1.602296960544586182e+04,7.550876512102536253e+02
1.602800754380226135e+04,7.550876512225992201e+02
1.603304585599899292e+04,7.550876504544539785e+02
1.603809454751014709e+04,7.550876497159255223e+02
1.604312535429000854e+04,7.550876495578525009e+02
1.604816539454460144e+04,7.550876508076966047e+02
1.605321008896827698e+04,7.550876503603315086e+02
1.605824164915084839e+04,7.550876505637234004e+02
1.606327624869346619e+04,7.550876489903395168e+02
1.606831227111816406e+04,7.550876494085871400e+02
1.607335462498664856e+04,7.550876491142853411e+02
1.607838966083526611e+04,7.550876485961259732e+02
1.608343167710304260e+04,7.550876482709047650e+02
1.608847582173347473e+04,7.550876489339924547e+02
1.609349701881408691e+04,7.550876477716585669e+02
1.609852880072593689e+04,7.550876490484620263e+02
1.610357289600372314e+04,7.550876480824206283e+02
1.610860787844657898e+04,7.550876485413658656e+02
1.611363998055458069e+04,7.550876490218729487e+02
1.611867901897430420e+04,7.550876478263726312e+02
1.612371406149864197e+04,7.550876479141074924e+02
1.612875809502601624e+04,7.550876482958982479e+02
1.613379422044754028e+04,7.550876489670221190e+02
1.613883512139320374e+04,7.550876492487321912e+02
1.614387067246437073e+04,7.550876483293202455e+02
1.614890153956413269e+04,7.550876502568962678e+02
1.615393917274475098e+04,7.550876491259650720e+02
1.615898113131523132e+04,7.550876499158969182e+02
1.616401558971405029e+04,7.550876485793581878e+02
1.616905326080322266e+04,7.550876483169295170e+02
1.617408741331100464e+04,7.550876490547467483e+02
1.617912471508979797e+04,7.550876479371539745e+02
1.618415635633468628e+04,7.550876482171013322e+02
1.618919656944274902e+04,7.550876491265339610e+02
1.619423724913597107e+04,7.550876487012711777e+02
1.619927571487426758e+04,7.550876485883236455e+02
1.620431268453598022e+04,7.550876476990515584e+02
1.620935028791427612e+04,7.550876492522152148e+02
1.621439177656173706e+04,7.550876499794666188e+02
1.621943010354042053e+04,7.550876493803582434e+02
1.622446469473838806e+04,7.550876485549082417e+02
1.622949984288215637e+04,7.550876492217900022e+02
1.623453372669219971e+04,7.550876504571810983e+02
1.623957119965553284e+04,7.550876494834509458e+02
1.624460424351692200e+04,7.550876488409794547e+02
1.624963758301734924e+04,7.550876497535826957e+02
1.625467969822883606e+04,7.550876492080866456e+02
1.625972562694549561e+04,7.550876494069676710e+02
1.626476927280426025e+04,7.550876485973749368e+02
1.626980234575271606e+04,7.550876500858362306e+02
1.627482688760757446e+04,7.550876498554820273e+02
1.627986547875404358e+04,7.550876504797359985e+02
1.628490562605857849e+04,7.550876484916888103e+02
1.628994936895370483e+04,7.550876481625446104e+02
1.629498666167259216e+04,7.550876493916523486e+02
1.630002939367294312e+04,7.550876493538198702e+02
1.630507068419456482e+04,7.550876487098562393e+02
1.631010617017745972e+04,7.550876490901180205e+02
1.631514887332916260e+04,7.550876493806031249e+02
1.632019399166107178e+04,7.550876503478039012e+02
1.632522194314002991e+04,7.550876510600103302e+02
1.633025879025459290e+04,7.550876514721144304e+02
1.633530258822441101e+04,7.550876497160425060e+02
1.634034069728851318e+04,7.550876514210718824e+02
1.634537926197052002e+04,7.550876512068775810e+02
1.635041743111610413e+04,7.550876518539402014e+02
1.635545662522315979e+04,7.550876520822711200e+02
1.636049193739891052e+04,7.550876509070094471e+02
1.636552869343757629e+04,7.550876527555303710e+02
1.637057018184661865e+04,7.550876527391747004e+02
1.637559667658805847e+04,7.550876521031323136e+02
1.638063276457786560e+04,7.550876530622522296e+02
1.638567089772224426e+04,7.550876520523147519e+02
1.639071407341957092e+04,7.550876519548457964e+02
1.639574346232414246e+04,7.550876531255287318e+02
1.640077767777442932e+04,7.550876535729903480e+02
1.640581707572937012e+04,7.550876536005819162e+02
1.641085465073585510e+04,7.550876532589643375e+02
1.641588928794860840e+04,7.550876534231211963e+02
1.642093343544006348e+04,7.550876520960407561e+02
1.642596806073188782e+04,7.550876520971562513e+02
1.643100904870033264e+04,7.550876535341992621e+02
1.643604607152938843e+04,7.550876531022292966e+02
1.644107667303085327e+04,7.550876525700994080e+02
1.644611242914199829e+04,7.550876527029734007e+02
1.645115495800971985e+04,7.550876534024088187e+02
1.645619361352920532e+04,7.550876537851780768e+02
1.646122557640075684e+04,7.550876527911243556e+02
1.646626927781105042e+04,7.550876541731008729e+02
1.647129930233955383e+04,7.550876538264743658e+02
1.647633562684059143e+04,7.550876539070535500e+02
1.648137630534172058e+04,7.550876537483003403e+02
1.648641737651824951e+04,7.550876549424405084e+02
1.649144009470939636e+04,7.550876539490010373e+02
1.649647958230972290e+04,7.550876544293995494e+02
1.650151590251922607e+04,7.550876550884407834e+02
1.650655105066299438e+04,7.550876550440726760e+02
1.651159462523460388e+04,7.550876566326189732e+02
1.651664230251312256e+04,7.550876542022300555e+02
1.652167415428161621e+04,7.550876551180931529e+02
1.652670941424369812e+04,7.550876533743435175e+02
1.653174904727935791e+04,7.550876530233032327e+02
1.653678777718544006e+04,7.550876520075313465e+02
1.654182314205169678e+04,7.550876523730884173e+02
1.654685649323463440e+04,7.550876529369825221e+02
1.655189286160469055e+04,7.550876542318222846e+02
1.655693808865547180e+04,7.550876530082900899e+02
1.656196810555458069e+04,7.550876532462878004e+02
1.656699964857101440e+04,7.550876533004451403e+02
1.657203827071189880e+04,7.550876533040370759e+02
1.657707061004638672e+04,7.550876529891592099e+02
1.658210238385200500e+04,7.550876525660014522e+02
1.658713724327087402e+04,7.550876521243518482e+02
1.659217277836799622e+04,7.550876521349443919e+02
1.659720838356018066e+04,7.550876521540607200e+02
1.660224639010429382e+04,7.550876527903744773e+02
1.660728462457656860e+04,7.550876524598655806e+02
1.661232009577751160e+04,7.550876520454654610e+02
1.661735060477256775e+04,7.550876504803713942e+02
1.662238462352752686e+04,7.550876500919591763e+02
1.662742878341674805e+04,7.550876507475483095e+02
1.663246232724189758e+04,7.550876505405681201e+02
1.663750562739372253e+04,7.550876518162262983e+02
1.664254889035224915e+04,7.550876529308936824e+02
1.664758700442314148e+04,7.550876535517777484e+02
1.665263843250274658e+04,7.550876522002445199e+02
1.665767140579223633e+04,7.550876533527600714e+02
1.666270760750770569e+04,7.550876524669530454e+02
1.666774598026275635e+04,7.550876521331641698e+02
1.667278220129013062e+04,7.550876528774869030e+02
1.667781714463233948e+04,7.550876525098087768e+02
1.668285786223411560e+04,7.550876515351350236e+02
1.668789686369895935e+04,7.550876527806346985e+02
1.669293094873428345e+04,7.550876521051753798e+02
1.669798141312599182e+04,7.550876503436352323e+02
1.670302068877220154e+04,7.550876528101429130e+02
1.670806188106536865e+04,7.550876511239102911e+02
1.671309375262260437e+04,7.550876521861363244e+02
1.671813197469711304e+04,7.550876510565312856e+02
1.672316564559936523e+04,7.550876517433041499e+02
1.672820255136489868e+04,7.550876526370091142e+02
1.673324112510681152e+04,7.550876530672745730e+02
1.673827306580543518e+04,7.550876521739056670e+02
1.674331880521774292e+04,7.550876520874824109e+02
1.674835229921340942e+04,7.550876523173963051e+02
1.675338632965087891e+04,7.550876520424169485e+02
1.675843475031852722e+04,7.550876516844967909e+02
1.676347088336944580e+04,7.550876517760278830e+02
1.676850992703437805e+04,7.550876526621017319e+02
1.677354432225227356e+04,7.550876524125148990e+02
1.677857749438285828e+04,7.550876513475218417e+02
1.678362591934204102e+04,7.550876515441849506e+02
1.678865690112113953e+04,7.550876538093206136e+02
1.679369714117050171e+04,7.550876531325137648e+02
1.679873761749267578e+04,7.550876528533671035e+02
1.680378733205795288e+04,7.550876526708298115e+02
1.680882071161270142e+04,7.550876531986541522e+02
1.681386582231521606e+04,7.550876545949838601e+02
1.681889656066894531e+04,7.550876538196371257e+02
1.682393805265426636e+04,7.550876554707964488e+02
1.682897705698013306e+04,7.550876550316996827e+02
1.683401527547836304e+04,7.550876546390215935e+02
1.683905064702033997e+04,7.550876546005588352e+02
1.684409354925155640e+04,7.550876548081615738e+02
1.684912550282478333e+04,7.550876562240805470e+02
1.685416011953353882e+04,7.550876545408405036e+02
1.685919351696968079e+04,7.550876547147112205e+02
1.686422266149520874e+04,7.550876543160702568e+02
1.686925955843925476e+04,7.550876548438407099e+02
1.687430062699317932e+04,7.550876537106231581e+02
1.687933264994621277e+04,7.550876562685665476e+02
1.688436430978775024e+04,7.550876559375643637e+02
1.688940188646316528e+04,7.550876551498830622e+02
1.689443990206718445e+04,7.550876555785857818e+02
1.689946963095664978e+04,7.550876559354136361e+02
1.690450170183181763e+04,7.550876558311460940e+02
1.690953950071334839e+04,7.550876557271872116e+02
1.691457741475105286e+04,7.550876544789661011e+02
1.691962022233009338e+04,7.550876547310153910e+02
1.692465479493141174e+04,7.550876553746654736e+02
1.692968871474266052e+04,7.550876571125633063e+02
1.693473079824447632e+04,7.550876562633375215e+02
1.693976726746559143e+04,7.550876567261656191e+02
1.694480360674858093e+04,7.550876555768314802e+02
1.694983865261077881e+04,7.550876552562538109e+02
1.695487441372871399e+04,7.550876560102503845e+02
1.695990949392318726e+04,7.550876564441955452e+02
1.696494438576698303e+04,7.550876560140594620e+02
1.696998155522346497e+04,7.550876558952662663e+02
1.697501751399040222e+04,7.550876553667801545e+02
1.698005359005928040e+04,7.550876561049957445e+02
1.698508995461463928e+04,7.550876549145833678e+02
1.699012321352958679e+04,7.550876555852271395e+02
1.699516020464897156e+04,7.550876557628395176e+02
1.700020644974708557e+04,7.550876560059813301e+02
1.700523560738563538e+04,7.550876543428875038e+02
1.701026404237747192e+04,7.550876557549156587e+02
1.701530517578125000e+04,7.550876549886509110e+02
1.702033865404129028e+04,7.550876557154507509e+02
1.702536708760261536e+04,7.550876554011542794e+02
1.703040295791625977e+04,7.550876567429218085e+02
1.703544227862358093e+04,7.550876555265091383e+02
1.704047462630271912e+04,7.550876577657928692e+02
1.704551817250251770e+04,7.550876599031272463e+02
1.705054872632026672e+04,7.550876584723052929e+02
1.705558866238594055e+04,7.550876582838558306e+02
1.706062837767601013e+04,7.550876573796660978e+02
1.706566682124137878e+04,7.550876593258279854e+02
1.707070263981819153e+04,7.550876582101954000e+02
1.707574561095237732e+04,7.550876583516209166e+02
1.708077372026443481e+04,7.550876589563757761e+02
1.708580562448501587e+04,7.550876592081116314e+02
1.709084171080589294e+04,7.550876597093326836e+02
1.709588153862953186e+04,7.550876599622696403e+02
1.710091826081275940e+04,7.550876601523796126e+02
1.710595374584197998e+04,7.550876607275463357e+02
1.711098887491226196e+04,7.550876600752237664e+02
1.711602555751800537e+04,7.550876592482873093e+02
1.712106305932998657e+04,7.550876603556324653e+02
1.712609462475776672e+04,7.550876593259482661e+02
1.713112506437301636e+04,7.550876602236871804e+02
1.713617129993438721e+04,7.550876604062164006e+02
1.714120583653450012e+04,7.550876595870762458e+02
1.714623736739158630e+04,7.550876603076769698e+02
1.715127331542968750e+04,7.550876599162119192e+02
1.715630310869216919e+04,7.550876594078920334e+02
1.716134208822250366e+04,7.550876601748395842e+02
1.716638063549995422e+04,7.550876597455196588e+02
1.717142187452316284e+04,7.550876599950751142e+02
1.717645551228523254e+04,7.550876592699390812e+02
1.718149520611763000e+04,7.550876604872692042e+02
1.718652620363235474e+04,7.550876602860298590e+02
1.719156228041648865e+04,7.550876604361075124e+02
1.719660036206245422e+04,7.550876609889986639e+02
1.720163871550559998e+04,7.550876607751835081e+02
1.720668967437744141e+04,7.550876610365432953e+02
1.721172012042999268e+04,7.550876609432471014e+02
1.721676564145088196e+04,7.550876620725684916e+02
1.722179527306556702e+04,7.550876613997238564e+02
1.722682781815528870e+04,7.550876619387453275e+02
1.723186344957351685e+04,7.550876612826667724e+02
1.723689712667465210e+04,7.550876611942509271e+02
1.724194067597389221e+04,7.550876601164480917e+02
1.724698622989654541e+04,7.550876596273889163e+02
1.725201949405670166e+04,7.550876612827557892e+02
1.725705684232711792e+04,7.550876597944793502e+02
1.726209107565879822e+04,7.550876591930395989e+02
1.726713800764083862e+04,7.550876597154125420e+02
1.727217559432983398e+04,7.550876606826300304e+02
1.727721266937255859e+04,7.550876589707230551e+02
1.728225092005729675e+04,7.550876602426444606e+02
1.728728477859497070e+04,7.550876605439221976e+02
1.729232402348518372e+04,7.550876607081271459e+02
1.729736298656463623e+04,7.550876611606573761e+02
1.730239591145515442e+04,7.550876604399019243e+02
1.730742882871627808e+04,7.550876613805314719e+02
1.731246406269073486e+04,7.550876620964775157e+02
1.731750111722946167e+04,7.550876615238348677e+02
1.732253797030448914e+04,7.550876626516021588e+02
1.732757771539688110e+04,7.550876609675482314e+02
1.733261191153526306e+04,7.550876608988808130e+02
1.733765081954002380e+04,7.550876602057504670e+02
1.734268748784065247e+04,7.550876622757853056e+02
1.734772313904762268e+04,7.550876607888890248e+02
1.735275965452194214e+04,7.550876614454238052e+02
1.735780192470550537e+04,7.550876613017172758e+02
1.736283919954299927e+04,7.550876605559648169e+02
1.736787644004821777e+04,7.550876602658555612e+02
1.737291736555099487e+04,7.550876608686598956e+02
1.737795401310920715e+04,7.550876606334293228e+02
1.738299566292762756e+04,7.550876600486047892e+02
1.738802664184570312e+04,7.550876600776260830e+02
1.739306668567657471e+04,7.550876601368100864e+02
1.739810138058662415e+04,7.550876602210825013e+02
1.740313714027404785e+04,7.550876591766309502e+02
1.740817694687843323e+04,7.550876595229856321e+02
1.741321611261367798e+04,7.550876601691328460e+02
1.741825200796127319e+04,7.550876616251346150e+02
1.742328397202491760e+04,7.550876599362378556e+02
1.742832058691978455e+04,7.550876607918241916e+02
1.743335887622833252e+04,7.550876614661677877e+02
1.743839231014251709e+04,7.550876611427150920e+02
1.744343049311637878e+04,7.550876627815692927e+02
1.744847018909454346e+04,7.550876637742250068e+02
1.745351488518714905e+04,7.550876622399246116e+02
1.745854869055747986e+04,7.550876634663072764e+02
1.746358671021461487e+04,7.550876639147371634e+02
1.746861857604980469e+04,7.550876631855888945e+02
1.747364962863922119e+04,7.550876636342086385e+02
1.747868323040008545e+04,7.550876633978025438e+02
1.748372462821006775e+04,7.550876632806383668e+02
1.748876503205299377e+04,7.550876625124886914e+02
1.749380215501785278e+04,7.550876616576445031e+02
1.749884187006950378e+04,7.550876617958906536e+02
1.750388084959983826e+04,7.550876634275753077e+02
1.750892006611824036e+04,7.550876624376237487e+02
1.751395240879058838e+04,7.550876640969368054e+02
1.751899741315841675e+04,7.550876638059952484e+02
1.752403113675117493e+04,7.550876640634028263e+02
1.752907803630828857e+04,7.550876625626431178e+02
1.753411596894264221e+04,7.550876621841789529e+02
1.753915898537635803e+04,7.550876627371197856e+02
1.754418623924255371e+04,7.550876630618703302e+02
1.754922462487220764e+04,7.550876626749602565e+02
1.755426052665710449e+04,7.550876626259071145e+02
1.755929768586158752e+04,7.550876630442563737e+02
1.756433542990684509e+04,7.550876623140081847e+02
1.756937309837341309e+04,7.550876639288994738e+02
1.757441604948043823e+04,7.550876646225832474e+02
1.757945473670959473e+04,7.550876653114476085e+02
1.758448699188232422e+04,7.550876640251700564e+02
1.758952187991142273e+04,7.550876650954373872e+02
1.759455614280700684e+04,7.550876637606629629e+02
1.759959651255607605e+04,7.550876641490667680e+02
1.760463164162635803e+04,7.550876636835259887e+02
1.760967556786537170e+04,7.550876640928383949e+02
1.761471552228927612e+04,7.550876646498302307e+02
1.761974762678146362e+04,7.550876656423475879e+02
1.762478118991851807e+04,7.550876656876148445e+02
1.762981841731071472e+04,7.550876654328205859e+02
1.763485662698745728e+04,7.550876659394002672e+02
1.763989250826835632e+04,7.550876655776652342e+02
1.764493178629875183e+04,7.550876660029005052e+02
1.764996243405342102e+04,7.550876650403204167e+02
1.765500049066543579e+04,7.550876645851742524e+02
1.766004140639305115e+04,7.550876642981335181e+02
1.766508120250701904e+04,7.550876637806281906e+02
1.767011624145507812e+04,7.550876646284689286e+02
1.767514869213104248e+04,7.550876636147147565e+02
1.768018106722831726e+04,7.550876641652300805e+02
1.768522063136100769e+04,7.550876642603413984e+02
1.769025173497200012e+04,7.550876637391226041e+02
1.769528665995597839e+04,7.550876632528891150e+02
1.770032194924354553e+04,7.550876621588010948e+02
1.770536807632446289e+04,7.550876628163412079e+02
1.771041092896461487e+04,7.550876630204149933e+02
1.771544372844696045e+04,7.550876630937942764e+02
1.772048104357719421e+04,7.550876633884084868e+02
1.772551541399955750e+04,7.550876638245255208e+02
1.773056211304664612e+04,7.550876642540616785e+02
1.773559324741363525e+04,7.550876631448087437e+02
1.774063325381278992e+04,7.550876625489281651e+02
1.774566642904281616e+04,7.550876642600682089e+02
1.775070229721069336e+04,7.550876635512502162e+02
1.775573906874656677e+04,7.550876654995915942e+02
1.776077855610847473e+04,7.550876644636256287e+02
1.776581562566757202e+04,7.550876654163458852e+02
1.777085364294052124e+04,7.550876646879337386e+02
1.777589377260208130e+04,7.550876659861660301e+02
1.778092631888389587e+04,7.550876649839400443e+02
1.778596119356155396e+04,7.550876679702303136e+02
1.779100108551979065e+04,7.550876671781045388e+02
1.779603871417045593e+04,7.550876675179620179e+02
1.780107473468780518e+04,7.550876663274056000e+02
1.780611015868186951e+04,7.550876671655929613e+02
1.781114781641960144e+04,7.550876667009620178e+02
1.781619218897819519e+04,7.550876666757842486e+02
1.782122264528274536e+04,7.550876663575133989e+02
1.782625762605667114e+04,7.550876662293557047e+02
1.783129901599884033e+04,7.550876666184269652e+02
1.783632462406158447e+04,7.550876662497183816e+02
1.784135869908332825e+04,7.550876651055577895e+02
1.784639035558700562e+04,7.550876637858148115e+02
1.785142942619323730e+04,7.550876650001616781e+02
1.785646804594993591e+04,7.550876640999332494e+02
1.786150762987136841e+04,7.550876647132773769e+02
1.786654103040695190e+04,7.550876645865239425e+02
1.787158062386512756e+04,7.550876652365518567e+02
1.787661602997779846e+04,7.550876648535379445e+02
1.788165370798110962e+04,7.550876649492845445e+02
1.788668162941932678e+04,7.550876663422319552e+02
1.789172291135787964e+04,7.550876664754897547e+02
1.789675189685821533e+04,7.550876682198675098e+02
1.790178116416931152e+04,7.550876688082582859e+02
1.790681984996795654e+04,7.550876676674636201e+02
1.791185659003257751e+04,7.550876678405464872e+02
1.791690063595771790e+04,7.550876679301742342e+02
1.792193223094940186e+04,7.550876693902209809e+02
1.792697044920921326e+04,7.550876683770409272e+02
1.793200956082344055e+04,7.550876678201381083e+02
1.793703123402595520e+04,7.550876681034850435e+02
1.794206448459625244e+04,7.550876682025291302e+02
1.794710184454917908e+04,7.550876702495784230e+02
1.795213978981971741e+04,7.550876700417536540e+02
1.795717185068130493e+04,7.550876697681327414e+02
1.796220653533935547e+04,7.550876690221529088e+02
1.796725876474380493e+04,7.550876688783941972e+02
1.797229361867904663e+04,7.550876685583996277e+02
1.797733560228347778e+04,7.550876684994603920e+02
1.798238385915756226e+04,7.550876677293774719e+02
1.798741119670867920e+04,7.550876684408357278e+02
1.799244810795783997e+04,7.550876665623668487e+02
1.799749769592285156e+04,7.550876672200275834e+02
1.800253970885276794e+04,7.550876671478847584e+02
1.800756736660003662e+04,7.550876687082461558e+02
1.801261018300056458e+04,7.550876671727965004e+02
1.801764363956451416e+04,7.550876669317055985e+02
1.802267662692070007e+04,7.550876685022367383e+02
1.802771307563781738e+04,7.550876685613077370e+02
1.803274835562705994e+04,7.550876674597795954e+02
1.803777679228782654e+04,7.550876682071186679e+02
1.804281562161445618e+04,7.550876679369310978e+02
1.804785562562942505e+04,7.550876690460539749e+02
1.805289388728141785e+04,7.550876683438664259e+02
1.805792989706993103e+04,7.550876694534413218e+02
1.806296462464332581e+04,7.550876695163990462e+02
1.806800434708595276e+04,7.550876684319904371e+02
1.807304529380798340e+04,7.550876687987637297e+02
1.807808654189109802e+04,7.550876691320072496e+02
1.808312107110023499e+04,7.550876681351483057e+02
1.808815861725807190e+04,7.550876691573898825e+02
1.809319836783409119e+04,7.550876702189675598e+02
1.809824218058586121e+04,7.550876703725573407e+02
1.810327642965316772e+04,7.550876714763600148e+02
1.810831534457206726e+04,7.550876715219638982e+02
1.811335330963134766e+04,7.550876711940688892e+02
1.811839008593559265e+04,7.550876697884173154e+02
1.812342786145210266e+04,7.550876715721250321e+02
1.812847028946876526e+04,7.550876707196773623e+02
1.813349859237670898e+04,7.550876716384608471e+02
1.813853523540496826e+04,7.550876702753763539e+02
1.814356403255462646e+04,7.550876716929794839e+02
1.814860199809074402e+04,7.550876708472444534e+02
1.815364606404304504e+04,7.550876724202056494e+02
1.815868345808982849e+04,7.550876723872943330e+02
1.816371778464317322e+04,7.550876721803690543e+02
1.816875685000419617e+04,7.550876730752165713e+02
1.817378438282012939e+04,7.550876717018990121e+02
1.817882104086875916e+04,7.550876734295303550e+02
1.818386197686195374e+04,7.550876741210166756e+02
1.818889343380928040e+04,7.550876750778304540e+02
1.819393045067787170e+04,7.550876753637958245e+02
1.819897104334831238e+04,7.550876730946353064e+02
1.820400641393661499e+04,7.550876726148239868e+02
1.820904933977127075e+04,7.550876740929843436e+02
1.821408463335037231e+04,7.550876749651338287e+02
1.821912658762931824e+04,7.550876746634409074e+02
1.822416231536865234e+04,7.550876729891938339e+02
1.822920727896690369e+04,7.550876736068057653e+02
1.823424620699882507e+04,7.550876739002947033e+02
1.823928361511230469e+04,7.550876733537373866e+02
1.824432551908493042e+04,7.550876733739637530e+02
1.824936762547492981e+04,7.550876737379038559e+02
1.825440462327003479e+04,7.550876736583768434e+02
1.825944662594795227e+04,7.550876720019759887e+02
1.826448579955101013e+04,7.550876725504704154e+02
1.826952232813835144e+04,7.550876711835375090e+02
1.827456398224830627e+04,7.550876724072832076e+02
1.827960063171386719e+04,7.550876729548862158e+02
1.828464183878898621e+04,7.550876725862739249e+02
1.828967897272109985e+04,7.550876724348458993e+02
1.829472323155403137e+04,7.550876715411793612e+02
1.829976765370368958e+04,7.550876718196100228e+02
1.830479753565788269e+04,7.550876728235504061e+02
1.830983828163146973e+04,7.550876720317439776e+02
1.831487250471115112e+04,7.550876728229301307e+02
1.831990562701225281e+04,7.550876729577795459e+02
1.832494362711906433e+04,7.550876727107956867e+02
1.832998227262496948e+04,7.550876729827759846e+02
1.833501691937446594e+04,7.550876717310046615e+02
1.834005905795097351e+04,7.550876725048586877e+02
1.834510064101219177e+04,7.550876725298732026e+02
1.835013640332221985e+04,7.550876715747468779e+02
1.835517889356613159e+04,7.550876727646320887e+02
1.836021976900100708e+04,7.550876720202871866e+02
1.836525658988952637e+04,7.550876712778427873e+02
1.837029268765449524e+04,7.550876715775041248e+02
1.837532818913459778e+04,7.550876727238016883e+02
1.838036502814292908e+04,7.550876722338722402e+02
1.838539686679840088e+04,7.550876723525499301e+02
1.839043264651298523e+04,7.550876738893761058e+02
1.839547787523269653e+04,7.550876741330711184e+02
1.840051627492904663e+04,7.550876722740796367e+02
1.840555798888206482e+04,7.550876733394471785e+02
1.841059244823455811e+04,7.550876725194693790e+02
1.841563387966156006e+04,7.550876726347709109e+02
1.842066781353950500e+04,7.550876715571580462e+02
1.842570730495452881e+04,7.550876719367016676e+02
1.843074257683753967e+04,7.550876716717762065e+02
1.843578680253028870e+04,7.550876717587393614e+02
1.844082365655899048e+04,7.550876715874973115e+02
1.844586706161499023e+04,7.550876722538054082e+02
1.845090271687507629e+04,7.550876704276546434e+02
1.845594102835655212e+04,7.550876713052089144e+02
1.846098313021659851e+04,7.550876710208947316e+02
1.846601897883415222e+04,7.550876705425438331e+02
1.847104320430755615e+04,7.550876714538691203e+02
1.847608327674865723e+04,7.550876698631806221e+02
1.848112492799758911e+04,7.550876712207625587e+02
1.848615022230148315e+04,7.550876713368160154e+02
1.849119034743309021e+04,7.550876721939844174e+02
1.849622171354293823e+04,7.550876715878821415e+02
1.850125518083572388e+04,7.550876720736883954e+02
1.850629349327087402e+04,7.550876716418329124e+02
1.851133340811729431e+04,7.550876713536501939e+02
1.851637241315841675e+04,7.550876717736543924e+02
1.852141523361206055e+04,7.550876737309057489e+02
1.852644567894935608e+04,7.550876720414244119e+02
1.853148285698890686e+04,7.550876733080507393e+02
1.853651556658744812e+04,7.550876732874083928e+02
1.854155260848999023e+04,7.550876738659054581e+02
1.854658817267417908e+04,7.550876741215083712e+02
1.855162637877464294e+04,7.550876737726240435e+02
1.855666863179206848e+04,7.550876739308623655e+02
1.856170313310623169e+04,7.550876731043258587e+02
1.856673562622070312e+04,7.550876731459167104e+02
1.857177686429023743e+04,7.550876725488917600e+02
1.857681780624389648e+04,7.550876718482954857e+02
1.858185425281524658e+04,7.550876727092461351e+02
1.858689489102363586e+04,7.550876711919956961e+02
1.859193133234977722e+04,7.550876718245912116e+02
1.859696988987922668e+04,7.550876717433126259e+02
1.860200114440917969e+04,7.550876718870866853e+02
1.860703378653526306e+04,7.550876731824962462e+02
1.861206943511962891e+04,7.550876724841162968e+02
1.861711147665977478e+04,7.550876724456450120e+02
1.862214880013465881e+04,7.550876740726116623e+02
1.862718462419509888e+04,7.550876735456207598e+02
1.863221707868576050e+04,7.550876737269861678e+02
1.863725649642944336e+04,7.550876730503800900e+02
1.864228899121284485e+04,7.550876737144765229e+02
1.864732550406455994e+04,7.550876730277564093e+02
1.865236462521553040e+04,7.550876750017732775e+02
1.865740653324127197e+04,7.550876744841859818e+02
1.866244041013717651e+04,7.550876741313084040e+02
1.866747834539413452e+04,7.550876753699169512e+02
1.867251703667640686e+04,7.550876754296530180e+02
1.867755558037757874e+04,7.550876749325104811e+02
1.868258780193328857e+04,7.550876745170818367e+02
1.868762320327758789e+04,7.550876755615594220e+02
1.869266617417335510e+04,7.550876749493082798e+02
1.869770292711257935e+04,7.550876748834930368e+02
1.870274312853813171e+04,7.550876747367577764e+02
1.870778066897392273e+04,7.550876759071257993e+02
1.871281764245033264e+04,7.550876758794984198e+02
1.871785688471794128e+04,7.550876750504335178e+02
1.872289368057250977e+04,7.550876754736103749e+02
1.872793282485008240e+04,7.550876763915191532e+02
1.873296423816680908e+04,7.550876761867157256e+02
1.873799970817565918e+04,7.550876752674350882e+02
1.874304266524314880e+04,7.550876764245265349e+02
1.874808303642272949e+04,7.550876755586913305e+02
1.875312103223800659e+04,7.550876767635903661e+02
1.875815647697448730e+04,7.550876773799078592e+02
1.876319009470939636e+04,7.550876784337546042e+02
1.876822512435913086e+04,7.550876775199861868e+02
1.877326550149917603e+04,7.550876775575293323e+02
1.877830641460418701e+04,7.550876773960994797e+02
1.878333871984481812e+04,7.550876767647819179e+02
1.878837578487396240e+04,7.550876764637810084e+02
1.879341462445259094e+04,7.550876772756436139e+02
1.879845094990730286e+04,7.550876776913146387e+02
1.880349106383323669e+04,7.550876779939422931e+02
1.880852799558639526e+04,7.550876767563959220e+02
1.881356314086914062e+04,7.550876759958140383e+02
1.881859733891487122e+04,7.550876768101729795e+02
1.882363331604003906e+04,7.550876777447945187e+02
1.882867358541488647e+04,7.550876770235573758e+02
1.883370684337615967e+04,7.550876778227338946e+02
1.883874462413787842e+04,7.550876777942030458e+02
1.884378087687492371e+04,7.550876777095477337e+02
1.884881831598281860e+04,7.550876774844422243e+02
1.885385472917556763e+04,7.550876774547444938e+02
1.885888272428512573e+04,7.550876765877460457e+02
1.886392462444305420e+04,7.550876774489961463e+02
1.886896506547927856e+04,7.550876766781559581e+02
1.887399268674850464e+04,7.550876765190863580e+02
1.887902927684783936e+04,7.550876770547731667e+02
1.888406561112403870e+04,7.550876778312419901e+02
1.888909927582740784e+04,7.550876777282965122e+02
1.889413196396827698e+04,7.550876776387484597e+02
1.889917197179794312e+04,7.550876788851543324e+02
1.890421803522109985e+04,7.550876797384429437e+02
1.890925462532043457e+04,7.550876795988758658e+02
1.891430255413055420e+04,7.550876795519626512e+02
1.891933970093727112e+04,7.550876797037667529e+02
1.892437462401390076e+04,7.550876789893787873e+02
1.892941959881782532e+04,7.550876783070114016e+02
1.893445710158348083e+04,7.550876792265773929e+02
1.893949251317977905e+04,7.550876785361231214e+02
1.894453375816345215e+04,7.550876796075999664e+02
1.894957380628585815e+04,7.550876797560979412e+02
1.895460769104957581e+04,7.550876794750155341e+02
1.895964163422584534e+04,7.550876797973543262e+02
1.896467809605598450e+04,7.550876793941382630e+02
1.896971105265617371e+04,7.550876788242889006e+02
1.897474791383743286e+04,7.550876793114550765e+02
1.897978092646598816e+04,7.550876802105846082e+02
1.898482666039466858e+04,7.550876804896143994e+02
1.898986471486091614e+04,7.550876811539792470e+02
1.899490040111541748e+04,7.550876810514954514e+02
1.899993948602676392e+04,7.550876809931194202e+02
1.900497462463378906e+04,7.550876820644510872e+02
1.901001629972457886e+04,7.550876830016237591e+02
1.901505662393569946e+04,7.550876816204158786e+02
1.902009451031684875e+04,7.550876817407117869e+02
1.902512958121299744e+04,7.550876833258354281e+02
1.903016198277473450e+04,7.550876810052897099e+02
1.903520150208473206e+04,7.550876810864405115e+02
1.904024529099464417e+04,7.550876814751102302e+02
1.904527694892883301e+04,7.550876814107708697e+02
1.905031770420074463e+04,7.550876823065713097e+02
1.905536740326881409e+04,7.550876811552994923e+02
1.906039830207824707e+04,7.550876820063479045e+02
1.906544144558906555e+04,7.550876816689534508e+02
1.907047960424423218e+04,7.550876829633833722e+02
1.907552063155174255e+04,7.550876814964008190e+02
1.908055457472801208e+04,7.550876832835950836e+02
1.908559589266777039e+04,7.550876826565241799e+02
1.909063648056983948e+04,7.550876841112651618e+02
1.909568603563308716e+04,7.550876833967878383e+02
1.910071987295150757e+04,7.550876830826778132e+02
1.910576573204994202e+04,7.550876834833885596e+02
1.911079821872711182e+04,7.550876831085709000e+02
1.911583997726440430e+04,7.550876843134717546e+02
1.912087740015983582e+04,7.550876845197146849e+02
1.912591345787048340e+04,7.550876837988020043e+02
1.913095904874801636e+04,7.550876846277773211e+02
1.913598904728889465e+04,7.550876841750674657e+02
1.914103167104721069e+04,7.550876850156660112e+02
1.914606776595115662e+04,7.550876839977769350e+02
1.915110679841041565e+04,7.550876845697017643e+02
1.915614283323287964e+04,7.550876842406469223e+02
1.916118168878555298e+04,7.550876849595831573e+02
1.916621892666816711e+04,7.550876858107761791e+02
1.917125813770294189e+04,7.550876846801444344e+02
1.917629116392135620e+04,7.550876864796966856e+02
1.918132011127471924e+04,7.550876850962879416e+02
1.918635911774635315e+04,7.550876852364389151e+02
1.919141036367416382e+04,7.550876840256231617e+02
1.919644833326339722e+04,7.550876852040100857e+02
1.920148449349403381e+04,7.550876852764022260e+02
1.920651596617698669e+04,7.550876863789479785e+02
1.921155080604553223e+04,7.550876852971016433e+02
1.921659187817573547e+04,7.550876859881371956e+02
1.922161860561370850e+04,7.550876861640462039e+02
1.922665240502357483e+04,7.550876861878371074e+02
1.923169631695747375e+04,7.550876857916481413e+02
1.923672929406166077e+04,7.550876867429924459e+02
1.924176365184783936e+04,7.550876866760432904e+02
1.924679906082153320e+04,7.550876868369099384e+02
1.925183854484558105e+04,7.550876856022722450e+02
1.925687462496757507e+04,7.550876861459209977e+02
1.926190881061553955e+04,7.550876863999535544e+02
1.926694462513923645e+04,7.550876873812298982e+02
1.927198237109184265e+04,7.550876868722530162e+02
1.927701383972167969e+04,7.550876870186502856e+02
1.928205077457427979e+04,7.550876865834358114e+02
1.928709776043891907e+04,7.550876872768633348e+02
1.929212735462188721e+04,7.550876879893299929e+02
1.929716339206695557e+04,7.550876872379484439e+02
1.930220128774642944e+04,7.550876875031245845e+02
1.930723562550544739e+04,7.550876873857367855e+02
1.931227115368843079e+04,7.550876866063028956e+02
1.931731243848800659e+04,7.550876881818738866e+02
1.932234745264053345e+04,7.550876884888377845e+02
1.932738411998748779e+04,7.550876885913332899e+02
1.933242595577239990e+04,7.550876880020763338e+02
1.933746238112449646e+04,7.550876884581009563e+02
1.934249373888969421e+04,7.550876880872456240e+02
1.934753554391860962e+04,7.550876886332622462e+02
1.935256241297721863e+04,7.550876885785218064e+02
1.935759884214401245e+04,7.550876883295354673e+02
1.936263532209396362e+04,7.550876880666280613e+02
1.936766943454742432e+04,7.550876891046663104e+02
1.937271405839920044e+04,7.550876883517828446e+02
1.937776612448692322e+04,7.550876869204863624e+02
1.938280462431907654e+04,7.550876878238884728e+02
1.938784462475776672e+04,7.550876878292471019e+02
1.939287739157676697e+04,7.550876872203535868e+02
1.939791407275199890e+04,7.550876868435018423e+02
1.940294515013694763e+04,7.550876880452537989e+02
1.940798358583450317e+04,7.550876886569359385e+02
1.941301772999763489e+04,7.550876875719994814e+02
1.941804988002777100e+04,7.550876878895923028e+02
1.942308582973480225e+04,7.550876886660399805e+02
1.942812902021408081e+04,7.550876895745750517e+02
1.943316144299507141e+04,7.550876897087522366e+02
1.943819265508651733e+04,7.550876894811582360e+02
1.944323413586616516e+04,7.550876895440509315e+02
1.944826278162002563e+04,7.550876907022116029e+02
1.945330462360382080e+04,7.550876894263788017e+02
1.945833877682685852e+04,7.550876905569502924e+02
1.946337089228630066e+04,7.550876887972302711e+02
1.946840785670280457e+04,7.550876891498735404e+02
1.947344085001945496e+04,7.550876875046063788e+02
1.947847785711288452e+04,7.550876893349452530e+02
1.948351415610313416e+04,7.550876899324629221e+02
1.948855056118965149e+04,7.550876899199741956e+02
1.949358076262474060e+04,7.550876895719175081e+02
1.949861562681198120e+04,7.550876892185945053e+02
1.950365400171279907e+04,7.550876885469075432e+02
1.950868518972396851e+04,7.550876890840206670e+02
1.951371891212463379e+04,7.550876894542952869e+02
1.951876313185691833e+04,7.550876904998094687e+02
1.952379535317420959e+04,7.550876913194916824e+02
1.952882956409454346e+04,7.550876890092754365e+02
1.953386611509323120e+04,7.550876887488672082e+02
1.953889957690238953e+04,7.550876903502057758e+02
1.954393555021286011e+04,7.550876899769491502e+02
1.954897543644905090e+04,7.550876887832550892e+02
1.955401863431930542e+04,7.550876893478790635e+02
1.955905544018745422e+04,7.550876891432307048e+02
1.956409073376655579e+04,7.550876891641987640e+02
1.956912375688552856e+04,7.550876893767152751e+02
1.957415869426727295e+04,7.550876899090507095e+02
1.957919618487358093e+04,7.550876909950167146e+02
1.958423861408233643e+04,7.550876895910018902e+02
1.958926842880249023e+04,7.550876904039104147e+02
1.959430483818054199e+04,7.550876905476874299e+02
1.959935084176063538e+04,7.550876906275216243e+02
1.960437917041778564e+04,7.550876920354622825e+02
1.960941810631752014e+04,7.550876916617299912e+02
1.961446051597595215e+04,7.550876911247456746e+02
1.961949268460273743e+04,7.550876918806801541e+02
1.962452685952186584e+04,7.550876922902167507e+02
1.962957204651832581e+04,7.550876922274559320e+02
1.963460517191886902e+04,7.550876932071064402e+02
1.963964102315902710e+04,7.550876929144604901e+02
1.964468628764152527e+04,7.550876921753799706e+02
1.964972540783882141e+04,7.550876926224049157e+02
1.965475444364547729e+04,7.550876926550247390e+02
1.965979063367843628e+04,7.550876910597418146e+02
1.966482789540290833e+04,7.550876925260635062e+02
1.966987336421012878e+04,7.550876928166920834e+02
1.967490562582015991e+04,7.550876926005122414e+02
1.967994595932960510e+04,7.550876926955706949e+02
1.968497976112365723e+04,7.550876940232079733e+02
1.969001967096328735e+04,7.550876929607867396e+02
1.969505873560905457e+04,7.550876935954123610e+02
1.970010195899009705e+04,7.550876940128713386e+02
1.970513503432273865e+04,7.550876926855715965e+02
1.971017797088623047e+04,7.550876931319805863e+02
1.971521284818649292e+04,7.550876930516033099e+02
1.972025655531883240e+04,7.550876929196585934e+02
1.972529211497306824e+04,7.550876949080927716e+02
1.973032894277572632e+04,7.550876946119685726e+02
1.973537428164482117e+04,7.550876940334621850e+02
1.974041136980056763e+04,7.550876965406255295e+02
1.974544546270370483e+04,7.550876963832030242e+02
1.975049019098281860e+04,7.550876970662974372e+02
1.975552836370468140e+04,7.550876982976678846e+02
1.976056276631355286e+04,7.550876986937061019e+02
1.976559567236900330e+04,7.550876985337580436e+02
1.977062459826469421e+04,7.550876976593870040e+02
1.977566767168045044e+04,7.550876980030017194e+02
1.978070981359481812e+04,7.550876961523808859e+02
1.978574551272392273e+04,7.550876967421363588e+02
1.979078611135482788e+04,7.550876958866398354e+02
1.979582557988166809e+04,7.550876964058977592e+02
1.980086369514465332e+04,7.550876959260625654e+02
1.980589734387397766e+04,7.550876962495839280e+02
1.981093941307067871e+04,7.550876963955370229e+02
1.981597357058525085e+04,7.550876959150814400e+02
1.982100742673873901e+04,7.550876975634729433e+02
1.982604996633529663e+04,7.550876975567025511e+02
1.983108729743957520e+04,7.550876968388873820e+02
1.983612635207176208e+04,7.550876973123791913e+02
1.984116984033584595e+04,7.550876967094073962e+02
1.984619272446632385e+04,7.550876967132971913e+02
1.985122155308723450e+04,7.550876963085148645e+02
1.985625681829452515e+04,7.550876967668814359e+02
1.986128879046440125e+04,7.550876959032370905e+02
1.986632562541961670e+04,7.550876972450910216e+02
1.987136863541603088e+04,7.550876968166687675e+02
1.987640560460090637e+04,7.550876966235653072e+02
1.988144308447837830e+04,7.550876975272702794e+02
1.988647864270210266e+04,7.550876970475053440e+02
1.989151662468910217e+04,7.550876955408349431e+02
1.989655209660530090e+04,7.550876977698065957e+02
1.990159107494354248e+04,7.550876974190405235e+02
1.990662815904617310e+04,7.550876982668140727e+02
1.991166971254348755e+04,7.550876990761612433e+02
1.991669862627983093e+04,7.550876990102483433e+02
1.992173950457572937e+04,7.550876979810545890e+02
1.992676856732368469e+04,7.550876994381924305e+02
1.993180562543869019e+04,7.550876993861786559e+02
1.993684237885475159e+04,7.550876997863337010e+02
1.994188189244270325e+04,7.550877000313259941e+02
1.994692072486877441e+04,7.550876990028101545e+02
1.995195476579666138e+04,7.550876999444036528e+02
1.995699413037300110e+04,7.550877003313713658e+02
1.996203444361686707e+04,7.550877014186679617e+02
1.996707004308700562e+04,7.550877012520832068e+02
1.997210456395149231e+04,7.550877001241767630e+02
1.997714385247230530e+04,7.550877015342448431e+02
1.998218170285224915e+04,7.550877016453534907e+02
1.998720797371864319e+04,7.550877026097632552e+02
1.999224562668800354e+04,7.550877029324037721e+02
1.999728010702133179e+04,7.550877034496144233e+02
2.000231659817695618e+04,7.550877049758865951e+02
2.000736147689819336e+04,7.550877050055120208e+02
2.001238751268386841e+04,7.550877050008870128e+02
2.001742095303535461e+04,7.550877050517996167e+02
2.002245801162719727e+04,7.550877053621093182e+02
2.002749072813987732e+04,7.550877051406729379e+02
2.003253125000000000e+04,7.550877050603074849e+02
2.003756324768066406e+04,7.550877051102251016e+02
2.004260390090942383e+04,7.550877048864786047e+02
2.004763837599754333e+04,7.550877046570359425e+02
2.005267193770408630e+04,7.550877048500927913e+02
2.005770929837226868e+04,7.550877046654135256e+02
2.006274620723724365e+04,7.550877047822128816e+02
2.006778047204017639e+04,7.550877047945134564e+02
2.007281936073303223e+04,7.550877038869505213e+02
2.007785614585876465e+04,7.550877035040273313e+02
2.008289144325256348e+04,7.550877041516782811e+02
2.008792891740798950e+04,7.550877037643920175e+02
2.009296626615524292e+04,7.550877049960774912e+02
2.009799633622169495e+04,7.550877052527932847e+02
2.010303333115577698e+04,7.550877043077512099e+02
2.010807523822784424e+04,7.550877043315324499e+02
2.011310222816467285e+04,7.550877052320888652e+02
2.011813758659362793e+04,7.550877050497336995e+02
2.012317903923988342e+04,7.550877073258569681e+02
2.012821269154548645e+04,7.550877060461253905e+02
2.013325462436676025e+04,7.550877052245940604e+02
2.013827622914314270e+04,7.550877066991187121e+02
2.014331273579597473e+04,7.550877063465302399e+02
2.014835448789596558e+04,7.550877075457403862e+02
2.015339195060729980e+04,7.550877092599088201e+02
2.015842122173309326e+04,7.550877078216683458e+02
2.016345587825775146e+04,7.550877088620557060e+02
2.016849293661117554e+04,7.550877090445899285e+02
2.017354339432716370e+04,7.550877077239074424e+02
2.017856607985496521e+04,7.550877079043184494e+02
2.018360055136680603e+04,7.550877078946244865e+02
2.018863639163970947e+04,7.550877086455229801e+02
2.019367351555824280e+04,7.550877083930912477e+02
2.019871121549606323e+04,7.550877085318786612e+02
2.020375241231918335e+04,7.550877099035899391e+02
2.020878605079650879e+04,7.550877093761581591e+02
2.021382235908508301e+04,7.550877096335137821e+02
2.021886098074913025e+04,7.550877090051902769e+02
2.022389767408370972e+04,7.550877106337270561e+02
2.022893392443656921e+04,7.550877101493756527e+02
2.023397534394264221e+04,7.550877104253673906e+02
2.023901615405082703e+04,7.550877114199831794e+02
2.024406031560897827e+04,7.550877115722137205e+02
2.024909462451934814e+04,7.550877112030823355e+02
2.025414454245567322e+04,7.550877130554730456e+02
2.025917148995399475e+04,7.550877117987853353e+02
2.026421122121810913e+04,7.550877128682350303e+02
2.026924931764602661e+04,7.550877124210417151e+02
2.027428462505340576e+04,7.550877123139407558e+02
2.027932069301605225e+04,7.550877123306313479e+02
2.028436024475097656e+04,7.550877105943981178e+02
2.028939396095275879e+04,7.550877112391655146e+02
2.029443231058120728e+04,7.550877115034467124e+02
2.029948369932174683e+04,7.550877112271493843e+02
2.030451868367195129e+04,7.550877108187148679e+02
2.030955919289588928e+04,7.550877108955611448e+02
2.031459920001029968e+04,7.550877104638663013e+02
2.031963680887222290e+04,7.550877113531375926e+02
2.032467562627792358e+04,7.550877116015511774e+02
2.032971289062500000e+04,7.550877119182536035e+02
2.033474507808685303e+04,7.550877111803778234e+02
2.033978647160530090e+04,7.550877100517626559e+02
2.034482629394531250e+04,7.550877102276085679e+02
2.034986303853988647e+04,7.550877094672962357e+02
2.035489765548706055e+04,7.550877115242490163e+02
2.035992949223518372e+04,7.550877090831435225e+02
2.036496539402008057e+04,7.550877104772266648e+02
2.037000327920913696e+04,7.550877127306777084e+02
2.037504237961769104e+04,7.550877116200319961e+02
2.038007866883277893e+04,7.550877109159685006e+02
2.038511635541915894e+04,7.550877103500657768e+02
2.039014377856254578e+04,7.550877110372998686e+02
2.039518341231346130e+04,7.550877124574853951e+02
2.040022950458526611e+04,7.550877115923265137e+02
2.040527562808990479e+04,7.550877113890520604e+02
2.041030773997306824e+04,7.550877129216606818e+02
2.041534298467636108e+04,7.550877129993523340e+02
2.042038195204734802e+04,7.550877140729162420e+02
2.042541663694381714e+04,7.550877130635934691e+02
2.043045378613471985e+04,7.550877143912882730e+02
2.043549467182159424e+04,7.550877136544503401e+02
2.044053885722160339e+04,7.550877127678824081e+02
2.044556952357292175e+04,7.550877132889703489e+02
2.045060428690910339e+04,7.550877135420989816e+02
2.045563462424278259e+04,7.550877132867251476e+02
2.046067738914489746e+04,7.550877125830143086e+02
2.046571381711959839e+04,7.550877131861818725e+02
2.047074704933166504e+04,7.550877125941378836e+02
2.047578621673583984e+04,7.550877133019320127e+02
2.048082409453392029e+04,7.550877136572310064e+02
2.048585903429985046e+04,7.550877145826091237e+02
2.049089033341407776e+04,7.550877141971000128e+02
2.049592768216133118e+04,7.550877153734619469e+02
2.050096395254135132e+04,7.550877145273116184e+02
2.050600659608840942e+04,7.550877141817557003e+02
2.051104325270652771e+04,7.550877140375347381e+02
2.051607817244529724e+04,7.550877142660118579e+02
2.052112067461013794e+04,7.550877131089744125e+02
2.052615371966362000e+04,7.550877149527768779e+02
2.053119263911247253e+04,7.550877145730299844e+02
2.053623064470291138e+04,7.550877147919819663e+02
2.054126762080192566e+04,7.550877141738243381e+02
2.054630722832679749e+04,7.550877139219708170e+02
2.055134488368034363e+04,7.550877153701903808e+02
2.055638083648681641e+04,7.550877149292538206e+02
2.056141755390167236e+04,7.550877153062212983e+02
2.056645531225204468e+04,7.550877168875832695e+02
2.057148442268371582e+04,7.550877166218019738e+02
2.057652270007133484e+04,7.550877159892941108e+02
2.058156213855743408e+04,7.550877156515419983e+02
2.058660165786743164e+04,7.550877160601853575e+02
2.059163532876968384e+04,7.550877158975864631e+02
2.059666859531402588e+04,7.550877179602068736e+02
2.060171087145805359e+04,7.550877180164015954e+02
2.060674462485313416e+04,7.550877183384460523e+02
2.061178272104263306e+04,7.550877185201588873e+02
2.061682503557205200e+04,7.550877181212142659e+02
2.062186321210861206e+04,7.550877185983886193e+02
2.062689799761772156e+04,7.550877183939618362e+02
2.063194706630706787e+04,7.550877195918023972e+02
2.063697462415695190e+04,7.550877191276416625e+02
2.064199915814399719e+04,7.550877200471717288e+02
2.064703769779205322e+04,7.550877206375015476e+02
2.065207570457458496e+04,7.550877200132230200e+02
2.065710878920555115e+04,7.550877217763069211e+02
2.066214603638648987e+04,7.550877221404552984e+02
2.066718344306945801e+04,7.550877213806165855e+02
2.067222814798355103e+04,7.550877214343372543e+02
2.067726003456115723e+04,7.550877216447489673e+02
2.068230083703994751e+04,7.550877202745342629e+02
2.068733441781997681e+04,7.550877202195671316e+02
2.069237221455574036e+04,7.550877200792168651e+02
2.069740882396697998e+04,7.550877203335548984e+02
2.070244634175300598e+04,7.550877204798269986e+02
2.070749663162231445e+04,7.550877201880588245e+02
2.071252293372154236e+04,7.550877210293623421e+02
2.071755835151672363e+04,7.550877221012117388e+02
2.072260102367401123e+04,7.550877225079183290e+02
2.072763588404655457e+04,7.550877233779592643e+02
2.073266862750053406e+04,7.550877230529267763e+02
2.073770113635063171e+04,7.550877230801578435e+02
2.074273964524269104e+04,7.550877229975667433e+02
2.074777420091629028e+04,7.550877241401177571e+02
2.075281509995460510e+04,7.550877236048622763e+02
2.075784970450401306e+04,7.550877234372397879e+02
2.076288808989524841e+04,7.550877232397072021e+02
2.076791761636734009e+04,7.550877226746812312e+02
2.077295289349555969e+04,7.550877238195357677e+02
2.077799273967742920e+04,7.550877244110421316e+02
2.078302640199661255e+04,7.550877238621505967e+02
2.078805852913856506e+04,7.550877249791101349e+02
2.079310118508338928e+04,7.550877256559218722e+02
2.079813712096214294e+04,7.550877243592129844e+02
2.080317627811431885e+04,7.550877250333578559e+02
2.080821420621871948e+04,7.550877251002175399e+02
2.081324760222434998e+04,7.550877241433062181e+02
2.081828243446350098e+04,7.550877243709476261e+02
2.082332893824577332e+04,7.550877246464012842e+02
2.082835318541526794e+04,7.550877241690410528e+02
2.083338859915733337e+04,7.550877246792227879e+02
2.083841949939727783e+04,7.550877246499999274e+02
2.084345760917663574e+04,7.550877245011220111e+02
2.084849360752105713e+04,7.550877255277385984e+02
2.085353264164924622e+04,7.550877256096725887e+02
2.085856885290145874e+04,7.550877242532874334e+02
2.086360727953910828e+04,7.550877232661908920e+02
2.086864234852790833e+04,7.550877238880536879e+02
2.087367831254005432e+04,7.550877234523517245e+02
2.087871793746948242e+04,7.550877249601256835e+02
2.088375859761238098e+04,7.550877242198884005e+02
2.088880012893676758e+04,7.550877249258011261e+02
2.089384125137329102e+04,7.550877248476007253e+02
2.089887555766105652e+04,7.550877264598768761e+02
2.090391929817199707e+04,7.550877265063235200e+02
2.090896945977210999e+04,7.550877265468396899e+02
2.091400171828269958e+04,7.550877248307059517e+02
2.091903450679779053e+04,7.550877252791215142e+02
2.092407390165328979e+04,7.550877255017936704e+02
2.092910641431808472e+04,7.550877256829563748e+02
2.093413962531089783e+04,7.550877260790896344e+02
2.093918295717239380e+04,7.550877253792115198e+02
2.094422022962570190e+04,7.550877252656309793e+02
2.094925712561607361e+04,7.550877241291974542e+02
2.095430061197280884e+04,7.550877236643673314e+02
2.095933192253112793e+04,7.550877240345403152e+02
2.096436583447456360e+04,7.550877247296643873e+02
2.096940769839286804e+04,7.550877245868824730e+02
2.097444658923149109e+04,7.550877238015257262e+02
2.097947570443153381e+04,7.550877242875901629e+02
2.098451669931411743e+04,7.550877231439535535e+02
2.098955340647697449e+04,7.550877232599953004e+02
2.099459685349464417e+04,7.550877230565853324e+02
2.099962657761573792e+04,7.550877229444046179e+02
2.100466351389884949e+04,7.550877229296621636e+02
2.100972384309768677e+04,7.550877230100476254e+02
2.101474281859397888e+04,7.550877230860248801e+02
2.101977553582191467e+04,7.550877242604415187e+02
2.102480462384223938e+04,7.550877212485472683e+02
2.102984328937530518e+04,7.550877225491744866e+02
2.103488214206695557e+04,7.550877225619677802e+02
2.103991877937316895e+04,7.550877221298758286e+02
2.104495746254920959e+04,7.550877221974826625e+02
2.104999358868598938e+04,7.550877222072558652e+02
2.105503488278388977e+04,7.550877231269702179e+02
2.106006758809089661e+04,7.550877220046863840e+02
2.106510735654830933e+04,7.550877216836897787e+02
2.107014920020103455e+04,7.550877216635007017e+02
2.107518494820594788e+04,7.550877224601791795e+02
2.108021715903282166e+04,7.550877215148454979e+02
2.108524949455261230e+04,7.550877211969398104e+02
2.109029314422607422e+04,7.550877219914769967e+02
2.109532624602317810e+04,7.550877235929779090e+02
2.110036345720291138e+04,7.550877232933981986e+02
2.110540098118782043e+04,7.550877231608633338e+02
2.111043530344963074e+04,7.550877231823595821e+02
2.111547330951690674e+04,7.550877225886628139e+02
2.112051519489288330e+04,7.550877223524805686e+02
2.112555027961730957e+04,7.550877220091223307e+02
2.113058667111396790e+04,7.550877217712029505e+02
2.113562391829490662e+04,7.550877226277676755e+02
2.114066447520256042e+04,7.550877222592633871e+02
2.114569835448265076e+04,7.550877220940183179e+02
2.115073768544197083e+04,7.550877224864832442e+02
2.115577362871170044e+04,7.550877228295986470e+02
2.116081223058700562e+04,7.550877213902551830e+02
2.116585477066040039e+04,7.550877223560921720e+02
2.117089883565902710e+04,7.550877224883006420e+02
2.117593358302116394e+04,7.550877230164874163e+02
2.118097176408767700e+04,7.550877229774481521e+02
2.118601056742668152e+04,7.550877234018031459e+02
2.119105045461654663e+04,7.550877242854511451e+02
2.119608410763740540e+04,7.550877244338072387e+02
2.120112201428413391e+04,7.550877236398843024e+02
2.120616023135185242e+04,7.550877242304352421e+02
2.121119556808471680e+04,7.550877239227318114e+02
2.121623662662506104e+04,7.550877240488975985e+02
2.122127419281005859e+04,7.550877239675721739e+02
2.122631322216987610e+04,7.550877230183872371e+02
2.123134921669960022e+04,7.550877237491106371e+02
2.123639422297477722e+04,7.550877242097724320e+02
2.124143472933769226e+04,7.550877232098561080e+02
2.124646686935424805e+04,7.550877238425479163e+02
2.125150212073326111e+04,7.550877232768659724e+02
2.125654981112480164e+04,7.550877227758780919e+02
2.126158076548576355e+04,7.550877240676974225e+02
2.126662101411819458e+04,7.550877230020428215e+02
2.127166252970695496e+04,7.550877239538965568e+02
2.127669416570663452e+04,7.550877238862007061e+02
2.128173901462554932e+04,7.550877242541437226e+02
2.128676810574531555e+04,7.550877246246398045e+02
2.129180972194671631e+04,7.550877238599574639e+02
2.129686513710021973e+04,7.550877263666967565e+02
2.130188680839538574e+04,7.550877260731524530e+02
2.130692977213859558e+04,7.550877262233236706e+02
2.131196580171585083e+04,7.550877257275330976e+02
2.131700445652008057e+04,7.550877255910731947e+02
2.132203595161437988e+04,7.550877264345082267e+02
2.132707246494293213e+04,7.550877253665946682e+02
2.133211336374282837e+04,7.550877251977597098e+02
2.133714899373054504e+04,7.550877245544450034e+02
2.134219439411163330e+04,7.550877241480086468e+02
2.134722486591339111e+04,7.550877244195273761e+02
2.135225470852851868e+04,7.550877251038891700e+02
2.135729462456703186e+04,7.550877248456569077e+02
2.136232462358474731e+04,7.550877246327952435e+02
2.136735529184341431e+04,7.550877256351936921e+02
2.137239090442657471e+04,7.550877254997124055e+02
2.137742759299278259e+04,7.550877252043995895e+02
2.138246730589866638e+04,7.550877260011063754e+02
2.138750964403152466e+04,7.550877276089217958e+02
2.139254567837715149e+04,7.550877273194743111e+02
2.139758969068527222e+04,7.550877271638767070e+02
2.140262675189971924e+04,7.550877268602260983e+02
2.140766465854644775e+04,7.550877278926498093e+02
2.141270357489585876e+04,7.550877277844930404e+02
2.141773849320411682e+04,7.550877278389106095e+02
2.142276785254478455e+04,7.550877275989604414e+02
2.142780772018432617e+04,7.550877297464932099e+02
2.143283900666236877e+04,7.550877288116630552e+02
2.143787854361534119e+04,7.550877288981197353e+02
2.144292503690719604e+04,7.550877292814827797e+02
2.144796562647819519e+04,7.550877304455412968e+02
2.145300241827964783e+04,7.550877291073339848e+02
2.145803935575485229e+04,7.550877298231478107e+02
2.146308013820648193e+04,7.550877301509677864e+02
2.146812084317207336e+04,7.550877313189520237e+02
2.147315991806983948e+04,7.550877306829693225e+02
2.147819014835357666e+04,7.550877318632365132e+02
2.148323266291618347e+04,7.550877311009891173e+02
2.148826506948471069e+04,7.550877316095511560e+02
2.149330189108848572e+04,7.550877317084712104e+02
2.149833509874343872e+04,7.550877328565441076e+02
2.150336880230903625e+04,7.550877317868034879e+02
2.150840605115890503e+04,7.550877315153321661e+02
2.151344181895256042e+04,7.550877316153984111e+02
2.151848386645317078e+04,7.550877317390484222e+02
2.152350883555412292e+04,7.550877309113693627e+02
2.152855312275886536e+04,7.550877309965885615e+02
2.153359277796745300e+04,7.550877321912934121e+02
2.153862325286865234e+04,7.550877333545124657e+02
2.154365756273269653e+04,7.550877331477289545e+02
2.154869429469108582e+04,7.550877332583989983e+02
2.155373077678680420e+04,7.550877312147553084e+02
2.155876976776123047e+04,7.550877320194211961e+02
2.156380501961708069e+04,7.550877321373350242e+02
2.156884349775314331e+04,7.550877315277981552e+02
2.157387684965133667e+04,7.550877303105048668e+02
2.157890999221801758e+04,7.550877316023531876e+02
2.158394762468338013e+04,7.550877306979853074e+02
2.158898611927032471e+04,7.550877315352352070e+02
2.159402462553977966e+04,7.550877295172718959e+02
2.159905774855613708e+04,7.550877316957811445e+02
2.160409289240837097e+04,7.550877306197825192e+02
2.160913351655006409e+04,7.550877303196820094e+02
2.161417426824569702e+04,7.550877309323456075e+02
2.161920884633064270e+04,7.550877310567204859e+02
2.162424524092674255e+04,7.550877316418220744e+02
2.162928225445747375e+04,7.550877323899378553e+02
2.163431457471847534e+04,7.550877337697372695e+02
2.163934961938858032e+04,7.550877319296691894e+02
2.164438867306709290e+04,7.550877339092679676e+02
2.164942167544364929e+04,7.550877337213785268e+02
2.165446039652824402e+04,7.550877341530774629e+02
2.165949079322814941e+04,7.550877338174190072e+02
2.166452858948707581e+04,7.550877344485625144e+02
2.166956251859664917e+04,7.550877349591401071e+02
2.167460057425498962e+04,7.550877343262485510e+02
2.167963695955276489e+04,7.550877335482884973e+02
2.168467420363426208e+04,7.550877328228882561e+02
2.168971009087562561e+04,7.550877335347635153e+02
2.169474593138694763e+04,7.550877334732948611e+02
2.169978765654563904e+04,7.550877339995288366e+02
2.170481667494773865e+04,7.550877334459541999e+02
2.170985334300994873e+04,7.550877345719608229e+02
2.171488973474502563e+04,7.550877344888491507e+02
2.171992023563385010e+04,7.550877346370214127e+02
2.172495976686477661e+04,7.550877338177219826e+02
2.173000061988830566e+04,7.550877345234204086e+02
2.173503974843025208e+04,7.550877354454850092e+02
2.174007243990898132e+04,7.550877350486222213e+02
2.174510614299774170e+04,7.550877361226713447e+02
2.175014779114723206e+04,7.550877356420651267e+02
2.175520065426826477e+04,7.550877352728778078e+02
2.176023360443115234e+04,7.550877356275769898e+02
2.176527081108093262e+04,7.550877356966501566e+02
2.177030644989013672e+04,7.550877346264430798e+02
2.177534279894828796e+04,7.550877366545313407e+02
2.178038119196891785e+04,7.550877358755117257e+02
2.178541148471832275e+04,7.550877351569957909e+02
2.179045302677154541e+04,7.550877350065469500e+02
2.179550240683555603e+04,7.550877358465413636e+02
2.180053642845153809e+04,7.550877369556711756e+02
2.180557532501220703e+04,7.550877372220106736e+02
2.181061162924766541e+04,7.550877363964141296e+02
2.181564463353157043e+04,7.550877348997453282e+02
2.182067958021163940e+04,7.550877354670915338e+02
2.182572395038604736e+04,7.550877359966343647e+02
2.183076003122329712e+04,7.550877355922034440e+02
2.183579834508895874e+04,7.550877361016916893e+02
2.184083670282363892e+04,7.550877355940988309e+02
2.184587951540946960e+04,7.550877365455536392e+02
2.185092007517814636e+04,7.550877369593496269e+02
2.185595771384239197e+04,7.550877368080649603e+02
2.186098773097991943e+04,7.550877363832104265e+02
2.186602724933624268e+04,7.550877372608460973e+02
2.187105967283248901e+04,7.550877363578299537e+02
2.187609564447402954e+04,7.550877367709359760e+02
2.188113200545310974e+04,7.550877364547390016e+02
2.188616663146018982e+04,7.550877356941441576e+02
2.189120419788360596e+04,7.550877357483062724e+02
2.189623990607261658e+04,7.550877364771432667e+02
2.190127665615081787e+04,7.550877355372723514e+02
2.190631572461128235e+04,7.550877354266517614e+02
2.191134391641616821e+04,7.550877350834493882e+02
2.191637848973274231e+04,7.550877340015534855e+02
2.192141652917861938e+04,7.550877333314704174e+02
2.192646726441383362e+04,7.550877340157900335e+02
2.193149954891204834e+04,7.550877350085195303e+02
2.193654429888725281e+04,7.550877345699275338e+02
2.194157918691635132e+04,7.550877344224333001e+02
2.194661457872390747e+04,7.550877338074274121e+02
2.195166450142860413e+04,7.550877338570530810e+02
2.195668906235694885e+04,7.550877343497649008e+02
2.196172926473617554e+04,7.550877338910488561e+02
2.196676588606834412e+04,7.550877332647509093e+02
2.197180047702789307e+04,7.550877332889193667e+02
2.197683189082145691e+04,7.550877326223442196e+02
2.198186664223670959e+04,7.550877340478998576e+02
2.198690592837333679e+04,7.550877323861303694e+02
2.199194390559196472e+04,7.550877330111553647e+02
2.199698164653778076e+04,7.550877313137560805e+02
2.200201843833923340e+04,7.550877329665812567e+02
2.200705321526527405e+04,7.550877333578125672e+02
2.201209144520759583e+04,7.550877338925312188e+02
2.201712347984313965e+04,7.550877324223123424e+02
2.202216662764549255e+04,7.550877328033984668e+02
2.202720492792129517e+04,7.550877334429034136e+02
2.203224462532997131e+04,7.550877334843645485e+02
2.203728118205070496e+04,7.550877324488842532e+02
2.204231949615478516e+04,7.550877329575622525e+02
2.204735734462738037e+04,7.550877329205098931e+02
2.205239685082435608e+04,7.550877343142109339e+02
2.205742914867401123e+04,7.550877333566802463e+02
2.206246211504936218e+04,7.550877349420362634e+02
2.206750068163871765e+04,7.550877347066904122e+02
2.207253167390823364e+04,7.550877339874924701e+02
2.207756903553009033e+04,7.550877351567509095e+02
2.208260847806930542e+04,7.550877345325837950e+02
2.208764617943763733e+04,7.550877358647267101e+02
2.209269044947624207e+04,7.550877340229424135e+02
2.209773977518081665e+04,7.550877336716606578e+02
2.210276661396026611e+04,7.550877327505012317e+02
2.210780569863319397e+04,7.550877336243341915e+02
2.211284313440322876e+04,7.550877331514813022e+02
2.211787068390846252e+04,7.550877335677588462e+02
2.212290771508216858e+04,7.550877336829493061e+02
2.212794562721252441e+04,7.550877333416497095e+02
2.213298206901550293e+04,7.550877342727376345e+02
2.213802113771438599e+04,7.550877327896176894e+02
2.214306472754478455e+04,7.550877326440745492e+02
2.214809710574150085e+04,7.550877331693214956e+02
2.215313124370574951e+04,7.550877324652135485e+02
2.215816831541061401e+04,7.550877334167824984e+02
2.216319472360610962e+04,7.550877329636338118e+02
2.216823246121406555e+04,7.550877329748707325e+02
2.217326401615142822e+04,7.550877338835095998e+02
2.217830249047279358e+04,7.550877351784520215e+02
2.218334485745429993e+04,7.550877342667074572e+02
2.218838560748100281e+04,7.550877343454344555e+02
2.219343308806419373e+04,7.550877343627513483e+02
2.219847462511062622e+04,7.550877346178775724e+02
2.220351063656806946e+04,7.550877357972085520e+02
2.220854119205474854e+04,7.550877365895045159e+02
2.221358777451515198e+04,7.550877366910906403e+02
2.221862623453140259e+04,7.550877351172929366e+02
2.222367035651206970e+04,7.550877346315697878e+02
2.222870843291282654e+04,7.550877355483822839e+02
2.223374386596679688e+04,7.550877337938709388e+02
2.223878462433815002e+04,7.550877338584340350e+02
2.224381762075424194e+04,7.550877339528017274e+02
2.224885592699050903e+04,7.550877344571146068e+02
2.225388792324066162e+04,7.550877342157477869e+02
2.225893153738975525e+04,7.550877348958375705e+02
2.226396301555633545e+04,7.550877345730508523e+02
2.226900516104698181e+04,7.550877350019621872e+02
2.227403953027725220e+04,7.550877340332491485e+02
2.227907396864891052e+04,7.550877351260090791e+02
2.228411104106903076e+04,7.550877335977729672e+02
2.228915691447257996e+04,7.550877355299232931e+02
2.229418284082412720e+04,7.550877340204040138e+02
2.229921970725059509e+04,7.550877352493154149e+02
2.230426024794578552e+04,7.550877346362256048e+02
2.230929967999458313e+04,7.550877346298041175e+02
2.231432980227470398e+04,7.550877376103463803e+02
2.231936530828475952e+04,7.550877365727080814e+02
2.232441004180908203e+04,7.550877367991661231e+02
2.232945290684700012e+04,7.550877364196379631e+02
2.233448462605476379e+04,7.550877351676956550e+02
2.233952202105522156e+04,7.550877350651155666e+02
2.234455674386024475e+04,7.550877379732181680e+02
2.234960274386405945e+04,7.550877377462275035e+02
2.235463462424278259e+04,7.550877357754577588e+02
2.235967014265060425e+04,7.550877364849319520e+02
2.236471023392677307e+04,7.550877368789283537e+02
2.236975362920761108e+04,7.550877364596511825e+02
2.237478138256072998e+04,7.550877381421398695e+02
2.237981617665290833e+04,7.550877363916438298e+02
2.238485240578651428e+04,7.550877380864908446e+02
2.238989025855064392e+04,7.550877383774242162e+02
2.239492791271209717e+04,7.550877393254950221e+02
2.239996563386917114e+04,7.550877375871793902e+02
2.240499937033653259e+04,7.550877375912552907e+02
2.241003408479690552e+04,7.550877366974516463e+02
2.241507681083679199e+04,7.550877374307791570e+02
2.242011462497711182e+04,7.550877375128369522e+02
2.242515177249908447e+04,7.550877383960211091e+02
2.243019074845314026e+04,7.550877389521318719e+02
2.243523402047157288e+04,7.550877385012834111e+02
2.244026735806465149e+04,7.550877376465276711e+02
2.244530794286727905e+04,7.550877374383112510e+02
2.245033394432067871e+04,7.550877377347824222e+02
2.245536934709548950e+04,7.550877370615693280e+02
2.246040357708930969e+04,7.550877362153961485e+02
2.246543605732917786e+04,7.550877369385373186e+02
2.247047869873046875e+04,7.550877357421774150e+02
2.247551554298400879e+04,7.550877358815764637e+02
2.248055229473114014e+04,7.550877359264125062e+02
2.248558802080154419e+04,7.550877365373090697e+02
2.249062462568283081e+04,7.550877360616279930e+02
2.249565768647193909e+04,7.550877349876045628e+02
2.250069007229804993e+04,7.550877351989050794e+02
2.250572535657882690e+04,7.550877363232883681e+02
2.251076474285125732e+04,7.550877360854915423e+02
2.251580465102195740e+04,7.550877356065276444e+02
2.252083980441093445e+04,7.550877357659989002e+02
2.252587527918815613e+04,7.550877364986408793e+02
2.253090692734718323e+04,7.550877381236215342e+02
2.253595375013351440e+04,7.550877381956680665e+02
2.254098762488365173e+04,7.550877371983821149e+02
2.254603283047676086e+04,7.550877369531626755e+02
2.255107683849334717e+04,7.550877376558307787e+02
2.255610699486732483e+04,7.550877394713323838e+02
2.256115229415893555e+04,7.550877394130309312e+02
2.256618863701820374e+04,7.550877385883984516e+02
2.257123128318786621e+04,7.550877380245309496e+02
2.257628862404823303e+04,7.550877391523363258e+02
2.258130268216133118e+04,7.550877389042088907e+02
2.258634094429016113e+04,7.550877395789583488e+02
2.259137962722778320e+04,7.550877389268018760e+02
2.259641394591331482e+04,7.550877402393641660e+02
2.260144993066787720e+04,7.550877390424913074e+02
2.260648918652534485e+04,7.550877409496138171e+02
2.261152735900878906e+04,7.550877415026340032e+02
2.261656603121757507e+04,7.550877398629588697e+02
2.262160915207862854e+04,7.550877401869601044e+02
2.262663944959640503e+04,7.550877400770767736e+02
2.263166907620429993e+04,7.550877401083923814e+02
2.263671167802810669e+04,7.550877406305676232e+02
2.264174183773994446e+04,7.550877399977608775e+02
2.264678060460090637e+04,7.550877414307442450e+02
2.265181613636016846e+04,7.550877412765283907e+02
2.265685325312614441e+04,7.550877421650505994e+02
2.266189013004302979e+04,7.550877411935293821e+02
2.266693171143531799e+04,7.550877401169442464e+02
2.267196957468986511e+04,7.550877405797386928e+02
2.267701265335083008e+04,7.550877408765886685e+02
2.268205237746238708e+04,7.550877415687085659e+02
2.268708847665786743e+04,7.550877401656540542e+02
2.269212756991386414e+04,7.550877394802547542e+02
2.269716313529014587e+04,7.550877396633101171e+02
2.270219955110549927e+04,7.550877405303482419e+02
2.270723095417022705e+04,7.550877387580295590e+02
2.271226743173599243e+04,7.550877370284628114e+02
2.271730611038208008e+04,7.550877383818954058e+02
2.272234360647201538e+04,7.550877372872555497e+02
2.272738018202781677e+04,7.550877376802786785e+02
2.273241937208175659e+04,7.550877373184306407e+02
2.273746472144126892e+04,7.550877366262733403e+02
2.274249300146102905e+04,7.550877371589200493e+02
2.274752743554115295e+04,7.550877372087874164e+02
2.275256802511215210e+04,7.550877373638387553e+02
2.275761247825622559e+04,7.550877359502625268e+02
2.276264564871788025e+04,7.550877366679978877e+02
2.276768057918548584e+04,7.550877386402308957e+02
2.277271231722831726e+04,7.550877387651239587e+02
2.277774991917610168e+04,7.550877386621533560e+02
2.278279572844505310e+04,7.550877391213015244e+02
2.278783704543113708e+04,7.550877387492040498e+02
2.279287253737449646e+04,7.550877401841518122e+02
2.279791043686866760e+04,7.550877401193723699e+02
2.280294838595390320e+04,7.550877412811430531e+02
2.280799567794799805e+04,7.550877400003436151e+02
2.281302781867980957e+04,7.550877403746210348e+02
2.281806806778907776e+04,7.550877401570488701e+02
2.282311025333404541e+04,7.550877402019531246e+02
2.282814416575431824e+04,7.550877408548801668e+02
2.283317609429359436e+04,7.550877405938532547e+02
2.283821664261817932e+04,7.550877403290386383e+02
2.284325063061714172e+04,7.550877412991122810e+02
2.284828502583503723e+04,7.550877412738346948e+02
2.285332995367050171e+04,7.550877421791624329e+02
2.285835872030258179e+04,7.550877421622222982e+02
2.286339692997932434e+04,7.550877425143006576e+02
2.286843885421752930e+04,7.550877415419365661e+02
2.287347081732749939e+04,7.550877416427184698e+02
2.287850970077514648e+04,7.550877408751920257e+02
2.288354613733291626e+04,7.550877420018239263e+02
2.288857875132560730e+04,7.550877412791372763e+02
2.289361562609672546e+04,7.550877415957515950e+02
2.289865496253967285e+04,7.550877408263570487e+02
2.290368629193305969e+04,7.550877412426651745e+02
2.290872697591781616e+04,7.550877407862367363e+02
2.291377462434768677e+04,7.550877412954750980e+02
2.291880586457252502e+04,7.550877409547837260e+02
2.292383881950378418e+04,7.550877400558027830e+02
2.292887835931777954e+04,7.550877415389537646e+02
2.293391971683502197e+04,7.550877411112090840e+02
2.293895937466621399e+04,7.550877417667012423e+02
2.294399304151535034e+04,7.550877420111340825e+02
2.294903046607971191e+04,7.550877413723790141e+02
2.295407460761070251e+04,7.550877418178016569e+02
2.295911406302452087e+04,7.550877412616268884e+02
2.296414094948768616e+04,7.550877431761878142e+02
2.296917554807662964e+04,7.550877425063647479e+02
2.297421529245376587e+04,7.550877428433497016e+02
2.297924996995925903e+04,7.550877425898793263e+02
2.298428898501396179e+04,7.550877432953805055e+02
2.298932785964012146e+04,7.550877420430871325e+02
2.299436462426185608e+04,7.550877424033250236e+02
2.299940464067459106e+04,7.550877431940965607e+02
2.300444290661811829e+04,7.550877428266312563e+02
2.300949001455307007e+04,7.550877431879915775e+02
2.301451892995834351e+04,7.550877409063401728e+02
2.301956462597846985e+04,7.550877425939656860e+02
2.302459917616844177e+04,7.550877437934533418e+02
2.302964121985435486e+04,7.550877430991325809e+02
2.303467582201957703e+04,7.550877428672498581e+02
2.303970762538909912e+04,7.550877444580327165e+02
2.304474601006507874e+04,7.550877429654558455e+02
2.304978715038299561e+04,7.550877426879660561e+02
2.305482338476181030e+04,7.550877428188052818e+02
2.305989440751075745e+04,7.550877430620183759e+02
2.306490108895301819e+04,7.550877437197832478e+02
2.306994354510307312e+04,7.550877435796282953e+02
2.307497121953964233e+04,7.550877418568118173e+02
2.308000340199470520e+04,7.550877436544352577e+02
2.308504142165184021e+04,7.550877438420062617e+02
2.309007252907752991e+04,7.550877421480115572e+02
2.309511575841903687e+04,7.550877421165475880e+02
2.310015854549407959e+04,7.550877425643179777e+02
2.310519801497459412e+04,7.550877429373523455e+02
2.311023956704139709e+04,7.550877437513789801e+02
2.311527648115158081e+04,7.550877430037469367e+02
2.312031800866127014e+04,7.550877427033540243e+02
2.312535931086540222e+04,7.550877436179798678e+02
2.313040024352073669e+04,7.550877431466450389e+02
2.313543654680252075e+04,7.550877429656488857e+02
2.314047592711448669e+04,7.550877421643734806e+02
2.314551392292976379e+04,7.550877426805379855e+02
2.315055094456672668e+04,7.550877433343438270e+02
2.315559021067619324e+04,7.550877435136118265e+02
2.316063013935089111e+04,7.550877439296103830e+02
2.316566628050804138e+04,7.550877441302027364e+02
2.317070805454254150e+04,7.550877449124413943e+02
2.317575187659263611e+04,7.550877451852999229e+02
2.318078758502006531e+04,7.550877444591822041e+02
2.318581682538986206e+04,7.550877430843961520e+02
2.319085414505004883e+04,7.550877448031931181e+02
2.319589947628974915e+04,7.550877452378491625e+02
2.320093647360801697e+04,7.550877454750592506e+02
2.320596701884269714e+04,7.550877455649053900e+02
2.321100334978103638e+04,7.550877467138001293e+02
2.321604366731643677e+04,7.550877466226356773e+02
2.322107567238807678e+04,7.550877466208156648e+02
2.322610928845405579e+04,7.550877465118767304e+02
2.323114905095100403e+04,7.550877455094516790e+02
2.323619478678703308e+04,7.550877464046313889e+02
2.324122093033790588e+04,7.550877465997847366e+02
2.324625683307647705e+04,7.550877466955113277e+02
2.325129232811927795e+04,7.550877464097355869e+02
2.325632829904556274e+04,7.550877462722277187e+02
2.326136888909339905e+04,7.550877448270650802e+02
2.326640782380104065e+04,7.550877449354153441e+02
2.327143921279907227e+04,7.550877436217072045e+02
2.327647649097442627e+04,7.550877453130084405e+02
2.328151460075378418e+04,7.550877465484455797e+02
2.328654144191741943e+04,7.550877455626580286e+02
2.329157964205741882e+04,7.550877456076354974e+02
2.329661053729057312e+04,7.550877449770513294e+02
2.330165539431571960e+04,7.550877440307968982e+02
2.330669059181213379e+04,7.550877444139334784e+02
2.331172089481353760e+04,7.550877430339121474e+02
2.331676123857498169e+04,7.550877435012982914e+02
2.332179828858375549e+04,7.550877439816116521e+02
2.332683696365356445e+04,7.550877438163457782e+02
2.333186685013771057e+04,7.550877437181361529e+02
2.333690526413917542e+04,7.550877437938163439e+02
2.334194319057464600e+04,7.550877435369410478e+02
2.334698127961158752e+04,7.550877446629435781e+02
2.335202387499809265e+04,7.550877440777816219e+02
2.335706178975105286e+04,7.550877445207931942e+02
2.336209350347518921e+04,7.550877443456573701e+02
2.336712547993659973e+04,7.550877457517942730e+02
2.337216578197479248e+04,7.550877452512999071e+02
2.337721291565895081e+04,7.550877470217832297e+02
2.338224776935577393e+04,7.550877453591517678e+02
2.338728603696823120e+04,7.550877455326913150e+02
2.339232800865173340e+04,7.550877451255631740e+02
2.339736479806900024e+04,7.550877463334530830e+02
2.340240798878669739e+04,7.550877458528403849e+02
2.340744469666481018e+04,7.550877453371159618e+02
2.341247760963439941e+04,7.550877444525907549e+02
2.341751462411880493e+04,7.550877448107783039e+02
2.342254665017127991e+04,7.550877448480076737e+02
2.342758343148231506e+04,7.550877437700065684e+02
2.343262206339836121e+04,7.550877443719376743e+02
2.343766723513603210e+04,7.550877433146260955e+02
2.344270705032348633e+04,7.550877441261108061e+02
2.344773696613311768e+04,7.550877437437535491e+02
2.345277348208427429e+04,7.550877433079584762e+02
2.345782366871833801e+04,7.550877433678906527e+02
2.346286599850654602e+04,7.550877439545719199e+02
2.346790366125106812e+04,7.550877435148785253e+02
2.347294011878967285e+04,7.550877438128101176e+02
2.347797349095344543e+04,7.550877438567839590e+02
2.348301059436798096e+04,7.550877447603087376e+02
2.348805995130538940e+04,7.550877449315194099e+02
2.349308934378623962e+04,7.550877450198038332e+02
2.349812925887107849e+04,7.550877435340644297e+02
2.350318062686920166e+04,7.550877441531391696e+02
2.350821978259086609e+04,7.550877447556511015e+02
2.351326121592521667e+04,7.550877442261385113e+02
2.351829720044136047e+04,7.550877435316116362e+02
2.352333818173408508e+04,7.550877419796290724e+02
2.352837322139739990e+04,7.550877425491293025e+02
2.353341814732551575e+04,7.550877426623661677e+02
2.353845054078102112e+04,7.550877427574562262e+02
2.354349219131469727e+04,7.550877443124975343e+02
2.354852395462989807e+04,7.550877433589499788e+02
2.355355264830589294e+04,7.550877433485150050e+02
2.355858784461021423e+04,7.550877447656861250e+02
2.356362818217277527e+04,7.550877434290387100e+02
2.356866583633422852e+04,7.550877437118039097e+02
2.357370083808898926e+04,7.550877444829242222e+02
2.357873462438583374e+04,7.550877436190048684e+02
2.358377479910850525e+04,7.550877448035465704e+02
2.358881245708465576e+04,7.550877440259233708e+02
2.359384548926353455e+04,7.550877446553574828e+02
2.359888084149360657e+04,7.550877451278977333e+02
2.360391693758964539e+04,7.550877452169441995e+02
2.360895701432228088e+04,7.550877449926083500e+02
2.361398462843894958e+04,7.550877454518866898e+02
2.361902775359153748e+04,7.550877460413632889e+02
2.362406293177604675e+04,7.550877460377181478e+02
2.362910064554214478e+04,7.550877461541181219e+02
2.363413336825370789e+04,7.550877470175328199e+02
2.363917842507362366e+04,7.550877464351981416e+02
2.364421562623977661e+04,7.550877458787633714e+02
2.364926069736480713e+04,7.550877453782462680e+02
2.365429477429389954e+04,7.550877443036282557e+02
2.365932653236389160e+04,7.550877450962966577e+02
2.366436450910568237e+04,7.550877447259146038e+02
2.366939584803581238e+04,7.550877438107157786e+02
2.367444224309921265e+04,7.550877440986712372e+02
2.367947662520408630e+04,7.550877453726503745e+02
2.368451180362701416e+04,7.550877439228868298e+02
2.368956041955947876e+04,7.550877439583183559e+02
2.369459389162063599e+04,7.550877449085290891e+02
2.369963524913787842e+04,7.550877456506295857e+02
2.370466956138610840e+04,7.550877446376205171e+02
2.370970842194557190e+04,7.550877460319819647e+02
2.371474405264854431e+04,7.550877458219667915e+02
2.371978553581237793e+04,7.550877452880064311e+02
2.372481516146659851e+04,7.550877438734869429e+02
2.372985480070114136e+04,7.550877442094166554e+02
2.373489603948593140e+04,7.550877441116995215e+02
2.373992710041999817e+04,7.550877446367268249e+02
2.374496784138679504e+04,7.550877452761961877e+02
2.375000718998908997e+04,7.550877463802772809e+02
2.375505462455749512e+04,7.550877450526022585e+02
2.376008462500572205e+04,7.550877455610566358e+02
2.376512615823745728e+04,7.550877450262646562e+02
2.377016674685478210e+04,7.550877452052671970e+02
2.377520094275474548e+04,7.550877460340708467e+02
2.378023945522308350e+04,7.550877463023485916e+02
2.378527940011024475e+04,7.550877452216830079e+02
2.379031019783020020e+04,7.550877447627715355e+02
2.379534366869926453e+04,7.550877457194868612e+02
2.380037649178504944e+04,7.550877456251068907e+02
2.380541141366958618e+04,7.550877448971692729e+02
2.381044616794586182e+04,7.550877453113034790e+02
2.381548269605636597e+04,7.550877446397516906e+02
2.382051525306701660e+04,7.550877439793000576e+02
2.382554993629455566e+04,7.550877436906723688e+02
2.383057942962646484e+04,7.550877443137138698e+02
2.383561212348937988e+04,7.550877451649048453e+02
2.384064217138290405e+04,7.550877438895525984e+02
2.384568671917915344e+04,7.550877449236753591e+02
2.385071562862396240e+04,7.550877441014546321e+02
2.385574947738647461e+04,7.550877440593445726e+02
2.386079230189323425e+04,7.550877442883827371e+02
2.386581816720962524e+04,7.550877446181990535e+02
2.387085462450981140e+04,7.550877445853174095e+02
2.387587970876693726e+04,7.550877438822045633e+02
2.388091560602188110e+04,7.550877452996689954e+02
2.388595338606834412e+04,7.550877464934698082e+02
2.389099045133590698e+04,7.550877460272428152e+02
2.389602665472030640e+04,7.550877466686335993e+02
2.390107125854492188e+04,7.550877462305788868e+02
2.390610562610626221e+04,7.550877463473264015e+02
2.391114800572395325e+04,7.550877468152943948e+02
2.391619094467163086e+04,7.550877472007088045e+02
2.392122847747802734e+04,7.550877459304696231e+02
2.392626502370834351e+04,7.550877471588946719e+02
2.393130687189102173e+04,7.550877462825093289e+02
2.393633703041076660e+04,7.550877474428260712e+02
2.394137303113937378e+04,7.550877477325243490e+02
2.394641651892662048e+04,7.550877460230409497e+02
2.395144245719909668e+04,7.550877469109087770e+02
2.395648152637481689e+04,7.550877455763317130e+02
2.396150748896598816e+04,7.550877454103618902e+02
2.396654266142845154e+04,7.550877448684249202e+02
2.397157380890846252e+04,7.550877458111702936e+02
2.397661171007156372e+04,7.550877454904771184e+02
2.398164597296714783e+04,7.550877462916178047e+02
2.398669028115272522e+04,7.550877447074301472e+02
2.399172626018524170e+04,7.550877448805633776e+02
2.399676644945144653e+04,7.550877464822237926e+02
2.400180053281784058e+04,7.550877456048646081e+02
2.400683964800834656e+04,7.550877469231178338e+02
2.401187866830825806e+04,7.550877460881459911e+02
2.401691281914710999e+04,7.550877456023782770e+02
2.402194563436508179e+04,7.550877461258174890e+02
2.402698353862762451e+04,7.550877449168452813e+02
2.403203025197982788e+04,7.550877445966993946e+02
2.403706407070159912e+04,7.550877447704064025e+02
2.404210332632064819e+04,7.550877459239316067e+02
2.404714462423324585e+04,7.550877466792410360e+02
2.405217528367042542e+04,7.550877457858157413e+02
2.405721005773544312e+04,7.550877440406168262e+02
2.406225239825248718e+04,7.550877463060760419e+02
2.406728014540672302e+04,7.550877454127403325e+02
2.407231739950180054e+04,7.550877461094418095e+02
2.407735224199295044e+04,7.550877463952889457e+02
2.408238926982879639e+04,7.550877462331262677e+02
2.408742075014114380e+04,7.550877471688405649e+02
2.409245913958549500e+04,7.550877463216356773e+02
2.409749556279182434e+04,7.550877473536990010e+02
2.410253368115425110e+04,7.550877460853032517e+02
2.410757036232948303e+04,7.550877467124366831e+02
2.411261019897460938e+04,7.550877462015960191e+02
2.411764651584625244e+04,7.550877479385675315e+02
2.412268840885162354e+04,7.550877470594099350e+02
2.412771653556823730e+04,7.550877469557091217e+02
2.413275293636322021e+04,7.550877476197284750e+02
2.413778838038444519e+04,7.550877460803041004e+02
2.414282391262054443e+04,7.550877467842951773e+02
2.414785951828956604e+04,7.550877485474808282e+02
2.415289505958557129e+04,7.550877492487785503e+02
2.415792672848701477e+04,7.550877491721829529e+02
2.416296362757682800e+04,7.550877499390400089e+02
2.416799393606185913e+04,7.550877498576689959e+02
2.417302752518653870e+04,7.550877508217232617e+02
2.417806066679954529e+04,7.550877512173728974e+02
2.418310400056838989e+04,7.550877517997163295e+02
2.418814186787605286e+04,7.550877521982977214e+02
2.419317545628547668e+04,7.550877509562810701e+02
2.419821292734146118e+04,7.550877518152453831e+02
2.420324916386604309e+04,7.550877528391725946e+02
2.420828685355186462e+04,7.550877523121467902e+02
2.421332536911964417e+04,7.550877515859779123e+02
2.421836981940269470e+04,7.550877521888025967e+02
2.422340484189987183e+04,7.550877521059657056e+02
2.422843557500839233e+04,7.550877533272062010e+02
2.423347575974464417e+04,7.550877521661858509e+02
2.423851123762130737e+04,7.550877523525483639e+02
2.424355373668670654e+04,7.550877527073470219e+02
2.424859524559974670e+04,7.550877524599484332e+02
2.425363205051422119e+04,7.550877529320907797e+02
2.425866691994667053e+04,7.550877533046822236e+02
2.426370816874504089e+04,7.550877530133047912e+02
2.426874660181999207e+04,7.550877527963795046e+02
2.427378369259834290e+04,7.550877536321297612e+02
2.427882265520095825e+04,7.550877528999698143e+02
2.428386293911933899e+04,7.550877526852710844e+02
2.428889755177497864e+04,7.550877544716590819e+02
2.429392462515830994e+04,7.550877547799603917e+02
2.429896125102043152e+04,7.550877546495829620e+02
2.430400857496261597e+04,7.550877545896179299e+02
2.430903766512870789e+04,7.550877550706916281e+02
2.431407573580741882e+04,7.550877544562680441e+02
2.431911428713798523e+04,7.550877558929282714e+02
2.432415217614173889e+04,7.550877544067488998e+02
2.432918939924240112e+04,7.550877551423352543e+02
2.433422787046432495e+04,7.550877535141695489e+02
2.433927038002014160e+04,7.550877534029178832e+02
2.434430141735076904e+04,7.550877536236404239e+02
2.434934609317779541e+04,7.550877535465778010e+02
2.435438462448120117e+04,7.550877531567861070e+02
2.435941480064392090e+04,7.550877517394775396e+02
2.436445288109779358e+04,7.550877515916786251e+02
2.436949886775016785e+04,7.550877526324184146e+02
2.437454220438003540e+04,7.550877526256582541e+02
2.437957462453842163e+04,7.550877528093079718e+02
2.438461863279342651e+04,7.550877520554914781e+02
2.438965245985984802e+04,7.550877520935470102e+02
2.439469412231445312e+04,7.550877513772686598e+02
2.439973685908317566e+04,7.550877514467171068e+02
2.440477197694778442e+04,7.550877517059303727e+02
2.440981317329406738e+04,7.550877528590385737e+02
2.441485898852348328e+04,7.550877523423558841e+02
2.441988956785202026e+04,7.550877516285132742e+02
2.442492887806892395e+04,7.550877534901217132e+02
2.442996462535858154e+04,7.550877518146623970e+02
2.443500628113746643e+04,7.550877524586588834e+02
2.444004712867736816e+04,7.550877513845827025e+02
2.444508509421348572e+04,7.550877502168044657e+02
2.445012187504768372e+04,7.550877507031177629e+02
2.445515922546386719e+04,7.550877512006504730e+02
2.446019398045539856e+04,7.550877496455547089e+02
2.446523149943351746e+04,7.550877509346388479e+02
2.447027125811576843e+04,7.550877500521571619e+02
2.447530397367477417e+04,7.550877498893918300e+02
2.448033864521980286e+04,7.550877501859816903e+02
2.448537731862068176e+04,7.550877508382629912e+02
2.449040762615203857e+04,7.550877491431264161e+02
2.449544098997116089e+04,7.550877515113984373e+02
2.450047894501686096e+04,7.550877512697658176e+02
2.450551719999313354e+04,7.550877508176660058e+02
2.451055599665641785e+04,7.550877499858856936e+02
2.451558877134323120e+04,7.550877501094946638e+02
2.452062874603271484e+04,7.550877505526110554e+02
2.452566363501548767e+04,7.550877502636233203e+02
2.453070659947395325e+04,7.550877497889031247e+02
2.453573948955535889e+04,7.550877511999143508e+02
2.454078214383125305e+04,7.550877500484175471e+02
2.454582173323631287e+04,7.550877504837832248e+02
2.455085000443458557e+04,7.550877500867626395e+02
2.455588662624359131e+04,7.550877496147666079e+02
2.456092656922340393e+04,7.550877511993960525e+02
2.456596742916107178e+04,7.550877510772548931e+02
2.457100395631790161e+04,7.550877498954195062e+02
2.457603649854660034e+04,7.550877521047939354e+02
2.458107198047637939e+04,7.550877513369739518e+02
2.458611663508415222e+04,7.550877520808365944e+02
2.459115675616264343e+04,7.550877537471588994e+02
2.459618895459175110e+04,7.550877527255696577e+02
2.460122366237640381e+04,7.550877518192860407e+02
2.460626192665100098e+04,7.550877517892982951e+02
2.461130470633506775e+04,7.550877529085677224e+02
2.461633967900276184e+04,7.550877530659406602e+02
2.462137673377990723e+04,7.550877547533384586e+02
2.462641183757781982e+04,7.550877537163829629e+02
2.463144982290267944e+04,7.550877554886819780e+02
2.463648438596725464e+04,7.550877550906516262e+02
2.464152776527404785e+04,7.550877547559423419e+02
2.464656506943702698e+04,7.550877541321468698e+02
2.465159529066085815e+04,7.550877538917222864e+02
2.465663462448120117e+04,7.550877545265717572e+02
2.466167949771881104e+04,7.550877547253363673e+02
2.466670815730094910e+04,7.550877541778519344e+02
2.467174722957611084e+04,7.550877528457572225e+02
2.467678436875343323e+04,7.550877551800534775e+02
2.468181684231758118e+04,7.550877538867162002e+02
2.468685473966598511e+04,7.550877546557813957e+02
2.469189406442642212e+04,7.550877549674738702e+02
2.469692866158485413e+04,7.550877559775833561e+02
2.470196314239501953e+04,7.550877568675261955e+02
2.470699774408340454e+04,7.550877551860032781e+02
2.471203012752532959e+04,7.550877561004705285e+02
2.471706828784942627e+04,7.550877571312655618e+02
2.472210507011413574e+04,7.550877572826427695e+02
2.472715687894821167e+04,7.550877571123546659e+02
2.473218940997123718e+04,7.550877573911197942e+02
2.473722766876220703e+04,7.550877584336766404e+02
2.474226561760902405e+04,7.550877592311010176e+02
2.474730029177665710e+04,7.550877590205803926e+02
2.475233682250976562e+04,7.550877580683599035e+02
2.475737304401397705e+04,7.550877602728618285e+02
2.476241244053840637e+04,7.550877593270209900e+02
2.476744899797439575e+04,7.550877593207803784e+02
2.477248621034622192e+04,7.550877585521296851e+02
2.477752225065231323e+04,7.550877608737082483e+02
2.478256024098396301e+04,7.550877601988576089e+02
2.478759646844863892e+04,7.550877600980226134e+02
2.479263684964179993e+04,7.550877614513356093e+02
2.479767234158515930e+04,7.550877611586066678e+02
2.480271290421485901e+04,7.550877611844799731e+02
2.480774800658226013e+04,7.550877624592169468e+02
2.481278396296501160e+04,7.550877624013718332e+02
2.481782154631614685e+04,7.550877633926864974e+02
2.482285886430740356e+04,7.550877633832838001e+02
2.482789646625518799e+04,7.550877651685216279e+02
2.483293778514862061e+04,7.550877654324186778e+02
2.483796578741073608e+04,7.550877656907972550e+02
2.484299743890762329e+04,7.550877654089194948e+02
2.484804042148590088e+04,7.550877654991470536e+02
2.485307897186279297e+04,7.550877651332216374e+02
2.485811122083663940e+04,7.550877655762681115e+02
2.486315131282806396e+04,7.550877659012199956e+02
2.486818457078933716e+04,7.550877648365653840e+02
2.487322077345848083e+04,7.550877647785562203e+02
2.487825991392135620e+04,7.550877646323903036e+02
2.488329669189453125e+04,7.550877662609515255e+02
2.488832967662811279e+04,7.550877665807847734e+02
2.489336062884330750e+04,7.550877656501734236e+02
2.489839720869064331e+04,7.550877650010497746e+02
2.490342711138725281e+04,7.550877653758929000e+02
2.490846860051155090e+04,7.550877655577551195e+02
2.491351347160339355e+04,7.550877650231564076e+02
2.491854845881462097e+04,7.550877665136242740e+02
2.492358928108215332e+04,7.550877664178049145e+02
2.492862684321403503e+04,7.550877662891057298e+02
2.493366072654724121e+04,7.550877668264331533e+02
2.493869357895851135e+04,7.550877665953655651e+02
2.494372867298126221e+04,7.550877655472952483e+02
2.494876602387428284e+04,7.550877655217603888e+02
2.495380318999290466e+04,7.550877657051125880e+02
2.495883994865417480e+04,7.550877649613703397e+02
2.496387453460693359e+04,7.550877666684360747e+02
2.496891956615447998e+04,7.550877679901267356e+02
2.497394557809829712e+04,7.550877674535662436e+02
2.497898559761047363e+04,7.550877672140484265e+02
2.498402341437339783e+04,7.550877675320140270e+02
2.498905458045005798e+04,7.550877687147110464e+02
2.499408827686309814e+04,7.550877691091218367e+02
2.499912662625312805e+04,7.550877686216836082e+02
2.500416217470169067e+04,7.550877683984039095e+02
2.500919995808601379e+04,7.550877665628332807e+02
2.501424133324623108e+04,7.550877672272953305e+02
2.501927795648574829e+04,7.550877683669712042e+02
2.502431562614440918e+04,7.550877673603232552e+02
2.502935320448875427e+04,7.550877668421200042e+02
2.503439228606224060e+04,7.550877666112653515e+02
2.503943278574943542e+04,7.550877678392869257e+02
2.504447957181930542e+04,7.550877667139883442e+02
2.504951486706733704e+04,7.550877664763530674e+02
2.505454839944839478e+04,7.550877663739281616e+02
2.505958764338493347e+04,7.550877674667148085e+02
2.506463085961341858e+04,7.550877669971013120e+02
2.506966531848907471e+04,7.550877667495784635e+02
2.507470380544662476e+04,7.550877667320988849e+02
2.507974067926406860e+04,7.550877660957066837e+02
2.508477814483642578e+04,7.550877659884281456e+02
2.508981629562377930e+04,7.550877650081101820e+02
2.509485004830360413e+04,7.550877650433908457e+02
2.509988856244087219e+04,7.550877663268844344e+02
2.510492688918113708e+04,7.550877644753336426e+02
2.510996384358406067e+04,7.550877651405133975e+02
2.511500104308128357e+04,7.550877663872522589e+02
2.512005131030082703e+04,7.550877664268934950e+02
2.512509045696258545e+04,7.550877658344479642e+02
2.513012922072410583e+04,7.550877663240046331e+02
2.513515817356109619e+04,7.550877650839963735e+02
2.514019613885879517e+04,7.550877661254046416e+02
2.514523397135734558e+04,7.550877664312732804e+02
2.515026904463768005e+04,7.550877663465884098e+02
2.515531051540374756e+04,7.550877644511227800e+02
2.516034735226631165e+04,7.550877651813108287e+02
2.516538581323623657e+04,7.550877646436387067e+02
2.517042632961273193e+04,7.550877650725831245e+02
2.517546254253387451e+04,7.550877645873748634e+02
2.518050110626220703e+04,7.550877635476557543e+02
2.518553964209556580e+04,7.550877632288755876e+02
2.519058079981803894e+04,7.550877635194726736e+02
2.519562169909477234e+04,7.550877637800930415e+02
2.520066094756126404e+04,7.550877641009797117e+02
2.520569332766532898e+04,7.550877635777633259e+02
2.521072830176353455e+04,7.550877641867527927e+02
2.521576725125312805e+04,7.550877654592059116e+02
2.522081228804588318e+04,7.550877648531577506e+02
2.522584375286102295e+04,7.550877636601608174e+02
2.523088029265403748e+04,7.550877635170439817e+02
2.523591462564468384e+04,7.550877658151207470e+02
2.524095631313323975e+04,7.550877668437287866e+02
2.524598656702041626e+04,7.550877663907677970e+02
2.525101981735229492e+04,7.550877662460814008e+02
2.525605839872360229e+04,7.550877666413134648e+02
2.526108810687065125e+04,7.550877653821680724e+02
2.526612613630294800e+04,7.550877669854833130e+02
2.527115856266021729e+04,7.550877658984251184e+02
2.527619878840446472e+04,7.550877669251284487e+02
2.528123183107376099e+04,7.550877653574677879e+02
2.528626641035079956e+04,7.550877658390228362e+02
2.529131128263473511e+04,7.550877661613411647e+02
2.529634743046760559e+04,7.550877653997924881e+02
2.530138843894004822e+04,7.550877650998053241e+02
2.530642946386337280e+04,7.550877659243352582e+02
2.531146083068847656e+04,7.550877658842392748e+02
2.531649873161315918e+04,7.550877659160978510e+02
2.532154584646224976e+04,7.550877664953919748e+02
2.532657639670372009e+04,7.550877673988767356e+02
2.533161176443099976e+04,7.550877673477069720e+02
2.533665347290039062e+04,7.550877669291508028e+02
2.534169023299217224e+04,7.550877672110806316e+02
2.534672076845169067e+04,7.550877667705640306e+02
2.535175982689857483e+04,7.550877651618749269e+02
2.535679608440399170e+04,7.550877655033292513e+02
2.536183599114418030e+04,7.550877656402362845e+02
2.536687545108795166e+04,7.550877665438099484e+02
2.537191022348403931e+04,7.550877648120892900e+02
2.537694055986404419e+04,7.550877655633854602e+02
2.538198031568527222e+04,7.550877666823473646e+02
2.538702256345748901e+04,7.550877660328023921e+02
2.539204621315002441e+04,7.550877671886431699e+02
2.539707832574844360e+04,7.550877664750752274e+02
2.540212005043029785e+04,7.550877678565740325e+02
2.540715462398529053e+04,7.550877675174399428e+02
2.541219224810600281e+04,7.550877677326303683e+02
2.541722974300384521e+04,7.550877688325399504e+02
2.542227312135696411e+04,7.550877681029035102e+02
2.542730285501480103e+04,7.550877683358434069e+02
2.543233462834358215e+04,7.550877675691941704e+02
2.543736954379081726e+04,7.550877678634965378e+02
2.544240462517738342e+04,7.550877682740330101e+02
2.544743204927444458e+04,7.550877686508040370e+02
2.545247144055366516e+04,7.550877685365359184e+02
2.545750930261611938e+04,7.550877689280388267e+02
2.546254427814483643e+04,7.550877685666820298e+02
2.546758363127708435e+04,7.550877690342307460e+02
2.547261770057678223e+04,7.550877692675730941e+02
2.547765009570121765e+04,7.550877702595886376e+02
2.548268802237510681e+04,7.550877696828229091e+02
2.548772553944587708e+04,7.550877694607872854e+02
2.549276316595077515e+04,7.550877704589368022e+02
2.549779176950454712e+04,7.550877708108037041e+02
2.550283186101913452e+04,7.550877711596479003e+02
2.550787365508079529e+04,7.550877709178912482e+02
2.551290878844261169e+04,7.550877718862038819e+02
2.551794762706756592e+04,7.550877711713280860e+02
2.552298462367057800e+04,7.550877718154324612e+02
2.552802253246307373e+04,7.550877705835207507e+02
2.553307181739807129e+04,7.550877720113669511e+02
2.553810047960281372e+04,7.550877712444918188e+02
2.554313891673088074e+04,7.550877716369243444e+02
2.554817412829399109e+04,7.550877711940444215e+02
2.555320221662521362e+04,7.550877715827751899e+02
2.555824242353439331e+04,7.550877706790126922e+02
2.556327508640289307e+04,7.550877717712675121e+02
2.556831654810905457e+04,7.550877713267539093e+02
2.557336372637748718e+04,7.550877722475803466e+02
2.557839995861053467e+04,7.550877733636785933e+02
2.558343707013130188e+04,7.550877721325522316e+02
2.558847296786308289e+04,7.550877721181076367e+02
2.559350218057632446e+04,7.550877710687154831e+02
2.559854732918739319e+04,7.550877709224362206e+02
2.560357545804977417e+04,7.550877724161756532e+02
2.560860734128952026e+04,7.550877729101166551e+02
2.561364980721473694e+04,7.550877715908351320e+02
2.561868055272102356e+04,7.550877706895786332e+02
2.562372052073478699e+04,7.550877728578446977e+02
2.562875474619865417e+04,7.550877735667609159e+02
2.563378834486007690e+04,7.550877731397530397e+02
2.563882191443443298e+04,7.550877721481016351e+02
2.564386157870292664e+04,7.550877716038758081e+02
2.564889621806144714e+04,7.550877729124903226e+02
2.565393711829185486e+04,7.550877739480664559e+02
2.565896951436996460e+04,7.550877739274945952e+02
2.566401392507553101e+04,7.550877742121035681e+02
2.566904830765724182e+04,7.550877738268222856e+02
2.567407602715492249e+04,7.550877728558707531e+02
2.567912266874313354e+04,7.550877749280564331e+02
2.568415125560760498e+04,7.550877754395152124e+02
2.568918889784812927e+04,7.550877753480586989e+02
2.569422562646865845e+04,7.550877748456139216e+02
2.569926392245292664e+04,7.550877754032391067e+02
2.570430271172523499e+04,7.550877752337273705e+02
2.570933534502983093e+04,7.550877746278783889e+02
2.571437180042266846e+04,7.550877751070028125e+02
2.571941120505332947e+04,7.550877742911548012e+02
2.572444979047775269e+04,7.550877751505854576e+02
2.572949283862113953e+04,7.550877734282721576e+02
2.573452842235565186e+04,7.550877751181842541e+02
2.573956352066993713e+04,7.550877745428767867e+02
2.574459881186485291e+04,7.550877748584563278e+02
2.574963553071022034e+04,7.550877757250742661e+02
2.575467277002334595e+04,7.550877772274780000e+02
2.575970907068252563e+04,7.550877774122708388e+02
2.576474297356605530e+04,7.550877765498793224e+02
2.576977931070327759e+04,7.550877778754223755e+02
2.577480878567695618e+04,7.550877777795604970e+02
2.577983662915229797e+04,7.550877775392070816e+02
2.578487106347084045e+04,7.550877759460530569e+02
2.578990762853622437e+04,7.550877777980206247e+02
2.579494632339477539e+04,7.550877758931577546e+02
2.579998356604576111e+04,7.550877749874674691e+02
2.580501780962944031e+04,7.550877754995824489e+02
2.581005162906646729e+04,7.550877757822638614e+02
2.581510558843612671e+04,7.550877758650055966e+02
2.582013701367378235e+04,7.550877768821358131e+02
2.582517673540115356e+04,7.550877757724309731e+02
2.583021319031715393e+04,7.550877765832930208e+02
2.583525358915328979e+04,7.550877768778710788e+02
2.584029502177238464e+04,7.550877769952190874e+02
2.584533616685867310e+04,7.550877774470669692e+02
2.585037296223640442e+04,7.550877775446225542e+02
2.585540646314620972e+04,7.550877785929498032e+02
2.586044398593902588e+04,7.550877766546353769e+02
2.586548453855514526e+04,7.550877775138229708e+02
2.587052236151695251e+04,7.550877780278675573e+02
2.587556279826164246e+04,7.550877786491514598e+02
2.588059913754463196e+04,7.550877783003352306e+02
2.588563562488555908e+04,7.550877773607121526e+02
2.589067102003097534e+04,7.550877771069571054e+02
2.589570311594009399e+04,7.550877780240944048e+02
2.590073915576934814e+04,7.550877774917948955e+02
2.590577328968048096e+04,7.550877766512312519e+02
2.591082083201408386e+04,7.550877768816641264e+02
2.591584855651855469e+04,7.550877773538530846e+02
2.592088583469390869e+04,7.550877776528196819e+02
2.592591210341453552e+04,7.550877770783793039e+02
2.593094149661064148e+04,7.550877775536450827e+02
2.593597558975219727e+04,7.550877772653389002e+02
2.594102112507820129e+04,7.550877773681756935e+02
2.594604834556579590e+04,7.550877766863123952e+02
2.595108815550804138e+04,7.550877766611700963e+02
2.595612789630889893e+04,7.550877761384664382e+02
2.596116924905776978e+04,7.550877755407814220e+02
2.596620214891433716e+04,7.550877757777212764e+02
2.597124030804634094e+04,7.550877748135328602e+02
2.597627719855308533e+04,7.550877747876061221e+02
2.598131388211250305e+04,7.550877746590097104e+02
2.598635113167762756e+04,7.550877742149892811e+02
2.599139013838768005e+04,7.550877741587653418e+02
2.599643014550209045e+04,7.550877767856171658e+02
2.600146601867675781e+04,7.550877753464048965e+02
2.600650792145729065e+04,7.550877765748205093e+02
2.601154849386215210e+04,7.550877772726203148e+02
2.601658462309837341e+04,7.550877764702732975e+02
2.602162090921401978e+04,7.550877788037113305e+02
2.602666439151763916e+04,7.550877771618941097e+02
2.603169707322120667e+04,7.550877775149434683e+02
2.603674972248077393e+04,7.550877772894527880e+02
2.604176778197288513e+04,7.550877758657769618e+02
2.604680437970161438e+04,7.550877753995035846e+02
2.605184572291374207e+04,7.550877750704670461e+02
2.605687399411201477e+04,7.550877766533938029e+02
2.606191142010688782e+04,7.550877771498586526e+02
2.606695363020896912e+04,7.550877768146388007e+02
2.607199073839187622e+04,7.550877758422938086e+02
2.607703107523918152e+04,7.550877762303141481e+02
2.608206763148307800e+04,7.550877761497688425e+02
2.608709864377975464e+04,7.550877750826966803e+02
2.609215127015113831e+04,7.550877749009893023e+02
2.609717624998092651e+04,7.550877738126109762e+02
2.610221696591377258e+04,7.550877727895874614e+02
2.610725147485733032e+04,7.550877731373713004e+02
2.611228462409973145e+04,7.550877735461001521e+02
2.611732145595550537e+04,7.550877731771995514e+02
2.612236535739898682e+04,7.550877731718525183e+02
2.612740606379508972e+04,7.550877738654669429e+02
2.613243838596343994e+04,7.550877738179048038e+02
2.613747070312500000e+04,7.550877721405568082e+02
2.614251696062088013e+04,7.550877734018864658e+02
2.614754969477653503e+04,7.550877733708850883e+02
2.615258368039131165e+04,7.550877723371105503e+02
2.615764701318740845e+04,7.550877718212124137e+02
2.616266293454170227e+04,7.550877714790574373e+02
2.616770241332054138e+04,7.550877708994700015e+02
2.617274077844619751e+04,7.550877703706943294e+02
2.617778152608871460e+04,7.550877717728949392e+02
2.618281250214576721e+04,7.550877717071070947e+02
2.618784875297546387e+04,7.550877718695933254e+02
2.619288227987289429e+04,7.550877707794502385e+02
2.619792868447303772e+04,7.550877708075669261e+02
2.620295921826362610e+04,7.550877729175018658e+02
2.620800246334075928e+04,7.550877722964448822e+02
2.621303782606124878e+04,7.550877725578866375e+02
2.621807269787788391e+04,7.550877725187125407e+02
2.622311037850379944e+04,7.550877719981726841e+02
2.622814247274398804e+04,7.550877717975946553e+02
2.623317459082603455e+04,7.550877711812078132e+02
2.623820879435539246e+04,7.550877716588086059e+02
2.624325274538993835e+04,7.550877713157462949e+02
2.624828787326812744e+04,7.550877715891866728e+02
2.625332498073577881e+04,7.550877699712315234e+02
2.625836544895172119e+04,7.550877693447278034e+02
2.626339442777633667e+04,7.550877697386343925e+02
2.626843572497367859e+04,7.550877681696018726e+02
2.627348095917701721e+04,7.550877711782878805e+02
2.627850842761993408e+04,7.550877705575729806e+02
2.628354499292373657e+04,7.550877697128669297e+02
2.628857838773727417e+04,7.550877696514728541e+02
2.629361316132545471e+04,7.550877701566996620e+02
2.629864350008964539e+04,7.550877699566823367e+02
2.630367817902565002e+04,7.550877707300170414e+02
2.630871654105186462e+04,7.550877702927538166e+02
2.631375372934341431e+04,7.550877707733180841e+02
2.631878817939758301e+04,7.550877717331387657e+02
2.632382726216316223e+04,7.550877699834270516e+02
2.632886278510093689e+04,7.550877716244128806e+02
2.633390264368057251e+04,7.550877711418089575e+02
2.633894328951835632e+04,7.550877710008185204e+02
2.634397327113151550e+04,7.550877707322229071e+02
2.634901438641548157e+04,7.550877719707535789e+02
2.635405779385566711e+04,7.550877710083223064e+02
2.635908818054199219e+04,7.550877717594609067e+02
2.636412700366973877e+04,7.550877717422357591e+02
2.636915988874435425e+04,7.550877714508806093e+02
2.637420474839210510e+04,7.550877721114388805e+02
2.637923559188842773e+04,7.550877708932997621e+02
2.638426884841918945e+04,7.550877722595655541e+02
2.638931038618087769e+04,7.550877710123633051e+02
2.639434214472770691e+04,7.550877709724646820e+02
2.639938091444969177e+04,7.550877717653432910e+02
2.640441744637489319e+04,7.550877712396874131e+02
2.640945189499855042e+04,7.550877723139957425e+02
2.641448136115074158e+04,7.550877707193258175e+02
2.641954326319694519e+04,7.550877704280292164e+02
2.642457424712181091e+04,7.550877717008429499e+02
2.642961353015899658e+04,7.550877707069629423e+02
2.643467489075660706e+04,7.550877691404150482e+02
2.643969169878959656e+04,7.550877709867240810e+02
2.644471724581718445e+04,7.550877706036449126e+02
2.644975862097740173e+04,7.550877702356468717e+02
2.645479669213294983e+04,7.550877699404884424e+02
2.645983089542388916e+04,7.550877709042379138e+02
2.646487292480468750e+04,7.550877697334846061e+02
2.646990824627876282e+04,7.550877700325657997e+02
2.647495130681991577e+04,7.550877702960407305e+02
2.647998742985725403e+04,7.550877699875611597e+02
2.648502390766143799e+04,7.550877699890247641e+02
2.649006017494201660e+04,7.550877695698565049e+02
2.649509662508964539e+04,7.550877713122780506e+02
2.650012936568260193e+04,7.550877715648791764e+02
2.650516046237945557e+04,7.550877713945961887e+02
2.651019652962684631e+04,7.550877703792684770e+02
2.651523562240600586e+04,7.550877700848287759e+02
2.652027593755722046e+04,7.550877701886688556e+02
2.652531148362159729e+04,7.550877703461478632e+02
2.653034942579269409e+04,7.550877684220868105e+02
2.653538462424278259e+04,7.550877708619389068e+02
2.654041924118995667e+04,7.550877697133779520e+02
2.654545576405525208e+04,7.550877706319761273e+02
2.655048901820182800e+04,7.550877715945512136e+02
2.655552303600311279e+04,7.550877716333496892e+02
2.656056474304199219e+04,7.550877708627270977e+02
2.656560777616500854e+04,7.550877698928293285e+02
2.657063043999671936e+04,7.550877701690810682e+02
2.657566854333877563e+04,7.550877703248929720e+02
2.658069856929779053e+04,7.550877704559565018e+02
2.658574637365341187e+04,7.550877715223504083e+02
2.659078271460533142e+04,7.550877711961572913e+02
2.659581962990760803e+04,7.550877706039171926e+02
2.660085614824295044e+04,7.550877714124313798e+02
2.660589475297927856e+04,7.550877702221980599e+02
2.661093475055694580e+04,7.550877707661790055e+02
2.661597889375686646e+04,7.550877720218009017e+02
2.662101333713531494e+04,7.550877723934225969e+02
2.662605692315101624e+04,7.550877711749814125e+02
2.663109591007232666e+04,7.550877714605956044e+02
2.663613149881362915e+04,7.550877705420791699e+02
2.664117003655433655e+04,7.550877716591596709e+02
2.664621007847785950e+04,7.550877707808961077e+02
2.665124683451652527e+04,7.550877693677258549e+02
2.665628580856323242e+04,7.550877707737713536e+02
2.666132386136054993e+04,7.550877699533539271e+02
2.666636483430862427e+04,7.550877705762599135e+02
2.667140000462532043e+04,7.550877695412235653e+02
2.667643792510032654e+04,7.550877694374728435e+02
2.668148181939125061e+04,7.550877691107375540e+02
2.668651223397254944e+04,7.550877697473364378e+02
2.669154919219017029e+04,7.550877701879144297e+02
2.669659088802337646e+04,7.550877696679925748e+02
2.670161462450027466e+04,7.550877705370447757e+02
2.670666809868812561e+04,7.550877705080071109e+02
2.671169505906105042e+04,7.550877706731864691e+02
2.671672755408287048e+04,7.550877702279441337e+02
2.672176339364051819e+04,7.550877700312628349e+02
2.672680461502075195e+04,7.550877708323158686e+02
2.673183870124816895e+04,7.550877697469533132e+02
2.673687232565879822e+04,7.550877697428692272e+02
2.674190202975273132e+04,7.550877695947002621e+02
2.674694343638420105e+04,7.550877679611959366e+02
2.675197905540466309e+04,7.550877686883903834e+02
2.675701295924186707e+04,7.550877697408335507e+02
2.676205173635482788e+04,7.550877684823506115e+02
2.676708846426010132e+04,7.550877686329744165e+02
2.677211947989463806e+04,7.550877680153955680e+02
2.677716189789772034e+04,7.550877669784409818e+02
2.678219975543022156e+04,7.550877679772280544e+02
2.678723590183258057e+04,7.550877683448263724e+02
2.679227595305442810e+04,7.550877675928107919e+02
2.679731300806999207e+04,7.550877658418144165e+02
2.680234495830535889e+04,7.550877655144442997e+02
2.680738529396057129e+04,7.550877666366129688e+02
2.681242005872726440e+04,7.550877679497551753e+02
2.681745553112030029e+04,7.550877686866925842e+02
2.682249107813835144e+04,7.550877677253771481e+02
2.682753173565864563e+04,7.550877687915395882e+02
2.683256424427032471e+04,7.550877685915612574e+02
2.683759789252281189e+04,7.550877680592144543e+02
2.684263647794723511e+04,7.550877672324859304e+02
2.684767429327964783e+04,7.550877667573348617e+02
2.685271386313438416e+04,7.550877676582076674e+02
2.685774662685394287e+04,7.550877665861110017e+02
2.686278538107872009e+04,7.550877662757806092e+02
2.686782011008262634e+04,7.550877662899644065e+02
2.687285552239418030e+04,7.550877678314911918e+02
2.687788945579528809e+04,7.550877658840370259e+02
2.688292949795722961e+04,7.550877662714536882e+02
2.688796895694732666e+04,7.550877677345546317e+02
2.689301193976402283e+04,7.550877677641173022e+02
2.689805227851867676e+04,7.550877672040908237e+02
2.690308764982223511e+04,7.550877664495484396e+02
2.690812699031829834e+04,7.550877669178267979e+02
2.691316082358360291e+04,7.550877664137831289e+02
2.691820205521583557e+04,7.550877674796280417e+02
2.692324007773399353e+04,7.550877656678652556e+02
2.692827597212791443e+04,7.550877677136365946e+02
2.693331353855133057e+04,7.550877662597158633e+02
2.693835251402854919e+04,7.550877661976663831e+02
2.694339554429054260e+04,7.550877657308861899e+02
2.694842960453033447e+04,7.550877657376025809e+02
2.695346937680244446e+04,7.550877656086641991e+02
2.695851210641860962e+04,7.550877673442585092e+02
2.696354404759407043e+04,7.550877654964032217e+02
2.696858296585083008e+04,7.550877651758925140e+02
2.697362631630897522e+04,7.550877657435183892e+02
2.697866344857215881e+04,7.550877657125623728e+02
2.698369565773010254e+04,7.550877660335910377e+02
2.698874025893211365e+04,7.550877658927821585e+02
2.699377203273773193e+04,7.550877646212804848e+02
2.699880883193016052e+04,7.550877652768850794e+02
2.700384724926948547e+04,7.550877641786810273e+02
2.700888232827186584e+04,7.550877636570004370e+02
2.701392078876495361e+04,7.550877631431469581e+02
2.701895741987228394e+04,7.550877633704006939e+02
2.702399621343612671e+04,7.550877643837056894e+02
2.702904152464866638e+04,7.550877642689442837e+02
2.703407332253456116e+04,7.550877642721950451e+02
2.703910947728157043e+04,7.550877649943723782e+02
2.704414896416664124e+04,7.550877659333484644e+02
2.704918280529975891e+04,7.550877654343393033e+02
2.705422101449966431e+04,7.550877668063393457e+02
2.705925896620750427e+04,7.550877645501245752e+02
2.706429979014396667e+04,7.550877659506593318e+02
2.706933364439010620e+04,7.550877669373251138e+02
2.707437307596206665e+04,7.550877660071403170e+02
2.707940971112251282e+04,7.550877660181839701e+02
2.708444339275360107e+04,7.550877661785276587e+02
2.708947867631912231e+04,7.550877655895700400e+02
2.709450958681106567e+04,7.550877667991022690e+02
2.709954863882064819e+04,7.550877656744170281e+02
2.710458802866935730e+04,7.550877661296782435e+02
2.710962598657608032e+04,7.550877665677279538e+02
2.711466759705543518e+04,7.550877647934853485e+02
2.711970649671554565e+04,7.550877660218721985e+02
2.712474290132522583e+04,7.550877659116882796e+02
2.712977506470680237e+04,7.550877648338154131e+02
2.713481019163131714e+04,7.550877646324388479e+02
2.713986169672012329e+04,7.550877652265501183e+02
2.714489423561096191e+04,7.550877638722278107e+02
2.714993320870399475e+04,7.550877644158491648e+02
2.715497561216354370e+04,7.550877639800668248e+02
2.716000189781188965e+04,7.550877636440347942e+02
2.716503788161277771e+04,7.550877634675847503e+02
2.717007872509956360e+04,7.550877637088283336e+02
2.717512246680259705e+04,7.550877640584318442e+02
2.718015087008476257e+04,7.550877634776758214e+02
2.718518625688552856e+04,7.550877631155806284e+02
2.719022833132743835e+04,7.550877626436149512e+02
2.719525965118408203e+04,7.550877635448459841e+02
2.720029556274414062e+04,7.550877628571330433e+02
2.720534099793434143e+04,7.550877617954985226e+02
2.721037052726745605e+04,7.550877608698745007e+02
2.721540685844421387e+04,7.550877619564372480e+02
2.722044462370872498e+04,7.550877622160203373e+02
2.722547363328933716e+04,7.550877624362750566e+02
2.723051373696327209e+04,7.550877619047063263e+02
2.723555108642578125e+04,7.550877632907945554e+02
2.724058156013488770e+04,7.550877634200562625e+02
2.724561684870719910e+04,7.550877634608439166e+02
2.725066329813003540e+04,7.550877630423523215e+02
2.725569560480117798e+04,7.550877640492552700e+02
2.726073054671287537e+04,7.550877626859454494e+02
2.726577412223815918e+04,7.550877620518924687e+02
2.727080235862731934e+04,7.550877619859053311e+02
2.727585056161880493e+04,7.550877623993264933e+02
2.728088105249404907e+04,7.550877624943096862e+02
2.728591769838333130e+04,7.550877620541562010e+02
2.729096067285537720e+04,7.550877612993382400e+02
2.729599536728858948e+04,7.550877615731701553e+02
2.730103295874595642e+04,7.550877608505546732e+02
2.730607363295555115e+04,7.550877619316271421e+02
2.731110793709754944e+04,7.550877621032128673e+02
2.731614376592636108e+04,7.550877611680500650e+02
2.732118087935447693e+04,7.550877618871447794e+02
2.732622719788551331e+04,7.550877626087705039e+02
2.733125753474235535e+04,7.550877627629341760e+02
2.733629151153564453e+04,7.550877626320145737e+02
2.734132626605033875e+04,7.550877637658493313e+02
2.734636553525924683e+04,7.550877626713102018e+02
2.735140031409263611e+04,7.550877619951141924e+02
2.735643339872360229e+04,7.550877630734913737e+02
2.736146752333641052e+04,7.550877627858872074e+02
2.736650080132484436e+04,7.550877612137583128e+02
2.737153862738609314e+04,7.550877607638195741e+02
2.737657513451576233e+04,7.550877606016350683e+02
2.738160850000381470e+04,7.550877619216021230e+02
2.738664311885833740e+04,7.550877614538438820e+02
2.739168605637550354e+04,7.550877608061834962e+02
2.739672462415695190e+04,7.550877610556876789e+02
2.740176374316215515e+04,7.550877607202334048e+02
2.740679671931266785e+04,7.550877603798162454e+02
2.741184331583976746e+04,7.550877610332753420e+02
2.741687083578109741e+04,7.550877621785037945e+02
2.742190662598609924e+04,7.550877634298628891e+02
2.742695381736755371e+04,7.550877622630239330e+02
2.743197856664657593e+04,7.550877627882642855e+02
2.743702424788475037e+04,7.550877625397191650e+02
2.744205041456222534e+04,7.550877626164590311e+02
2.744709152865409851e+04,7.550877629272916920e+02
2.745212847971916199e+04,7.550877630160840681e+02
2.745715960812568665e+04,7.550877634801026943e+02
2.746219309449195862e+04,7.550877634774672060e+02
2.746723209190368652e+04,7.550877623670173762e+02
2.747226491832733154e+04,7.550877629290680488e+02
2.747730277419090271e+04,7.550877639720781644e+02
2.748234572911262512e+04,7.550877633701625200e+02
2.748738462424278259e+04,7.550877631231255691e+02
2.749242189860343933e+04,7.550877626439885262e+02
2.749745760440826416e+04,7.550877627037442608e+02
2.750249167203903198e+04,7.550877635131290617e+02
2.750753212785720825e+04,7.550877628273775599e+02
2.751257082819938660e+04,7.550877621273903060e+02
2.751760536241531372e+04,7.550877640265255195e+02
2.752264149117469788e+04,7.550877642454433953e+02
2.752768273019790649e+04,7.550877636354861124e+02
2.753272302818298340e+04,7.550877636034450688e+02
2.753775803399085999e+04,7.550877630586592204e+02
2.754279905200004578e+04,7.550877638954358417e+02
2.754782462501525879e+04,7.550877632249877252e+02
2.755286051774024963e+04,7.550877647591086088e+02
2.755789563822746277e+04,7.550877645405067824e+02
2.756293291020393372e+04,7.550877655516741243e+02
2.756796342873573303e+04,7.550877658072424765e+02
2.757300179648399353e+04,7.550877658772571976e+02
2.757803408336639404e+04,7.550877646328698347e+02
2.758307381105422974e+04,7.550877649814447068e+02
2.758811100363731384e+04,7.550877645017410487e+02
2.759314670252799988e+04,7.550877639834099000e+02
2.759818374729156494e+04,7.550877656119242829e+02
2.760322054767608643e+04,7.550877653574674468e+02
2.760825329327583313e+04,7.550877651370655030e+02
2.761328467702865601e+04,7.550877654824108731e+02
2.761832030034065247e+04,7.550877638740845441e+02
2.762335230278968811e+04,7.550877635798578922e+02
2.762838917541503906e+04,7.550877634963284208e+02
2.763342462420463562e+04,7.550877642124072509e+02
2.763846339988708496e+04,7.550877431416677155e+02
2.764350696992874146e+04,7.550877648596225526e+02
2.764854131054878235e+04,7.550877650808752151e+02
2.765358036327362061e+04,7.550877643677188189e+02
2.765861399435997009e+04,7.550877644039655934e+02
2.766365139532089233e+04,7.550877646366830049e+02
2.766868462395668030e+04,7.550877644570927032e+02
2.767371987962722778e+04,7.550877645367235118e+02
2.767875636911392212e+04,7.550877650320232988e+02
2.768379383015632629e+04,7.550877472594770552e+02
2.768883354258537292e+04,7.550877642123450642e+02
2.769387233614921570e+04,7.550877644198894814e+02
2.769891328525543213e+04,7.550877637094819192e+02
2.770395101714134216e+04,7.550877642391013751e+02
2.770898187112808228e+04,7.550877643453424071e+02
2.771401186776161194e+04,7.550877638144685307e+02
2.771905373573303223e+04,7.550877640747496571e+02
2.772408747839927673e+04,7.550877650708546298e+02
2.772912550139427185e+04,7.550877640179807031e+02
2.773416435408592224e+04,7.550877645119646786e+02
2.773920458173751831e+04,7.550877636129872599e+02
2.774423646378517151e+04,7.550877647499950172e+02
2.774927392339706421e+04,7.550877641153574586e+02
2.775431472969055176e+04,7.550877650155189258e+02
2.775935928845405579e+04,7.550877650436317481e+02
2.776439225840568542e+04,7.550877647795338135e+02
2.776944360947608948e+04,7.550877662236232482e+02
2.777448757934570312e+04,7.550877643405110575e+02
2.777952361798286438e+04,7.550877652820371395e+02
2.778457562661170959e+04,7.550877642139626005e+02
2.778960832548141479e+04,7.550877654896737567e+02
2.779464373350143433e+04,7.550877632021291674e+02
2.779967869806289673e+04,7.550877639692741923e+02
2.780471653890609741e+04,7.550877545985191546e+02
2.780974887084960938e+04,7.550877406528422853e+02
2.781478567576408386e+04,7.550877410170685380e+02
2.781981845188140869e+04,7.550877403998205182e+02
2.782485529136657715e+04,7.550877416214410687e+02
2.782989205598831177e+04,7.550877416754668729e+02
2.783492596411705017e+04,7.550877404579794074e+02
2.783995562672615051e+04,7.550877411865061504e+02
2.784499011731147766e+04,7.550877406555721336e+02
2.785002665877342224e+04,7.550877416271346192e+02
2.785506659483909607e+04,7.550877420326606853e+02
2.786010222244262695e+04,7.550877428664286981e+02
2.786513383269309998e+04,7.550877414063336346e+02
2.787017216348648071e+04,7.550877642955109650e+02
2.787520867252349854e+04,7.550877660537432803e+02
2.788024871277809143e+04,7.550877661447083256e+02
2.788528474521636963e+04,7.550877658748305521e+02
2.789033247995376587e+04,7.550877660606232666e+02
2.789537462544441223e+04,7.550877663558729864e+02
2.790040865325927734e+04,7.550877664294483793e+02
2.790545462393760681e+04,7.550877663569634706e+02
2.791048862719535828e+04,7.550877663584011543e+02
2.791553118109703064e+04,7.550877678065199916e+02
2.792057375168800354e+04,7.550877666587742851e+02
2.792560872030258179e+04,7.550877670192411415e+02
2.793064472842216492e+04,7.550877672597449646e+02
2.793569034147262573e+04,7.550877672813451227e+02
2.794072042441368103e+04,7.550877668570939250e+02
2.794575724816322327e+04,7.550877672601759514e+02
2.795078681063652039e+04,7.550877663290650617e+02
2.795582662796974182e+04,7.550877671654991445e+02
2.796085577630996704e+04,7.550877667813947483e+02
2.796590303111076355e+04,7.550877663294007789e+02
2.797092663311958313e+04,7.550877663917104883e+02
2.797596080374717712e+04,7.550877657349252559e+02
2.798100458192825317e+04,7.550877664923980319e+02
2.798603663229942322e+04,7.550877667749900866e+02
2.799106792593002319e+04,7.550877648050047810e+02
2.799610110092163086e+04,7.550877650801116943e+02
2.800114257168769836e+04,7.550877649737109323e+02
2.800618025875091553e+04,7.550877655594335920e+02
2.801121676445007324e+04,7.550877651989893593e+02
2.801624771404266357e+04,7.550877652716873172e+02
2.802128322410583496e+04,7.550877655783707496e+02
2.802631820726394653e+04,7.550877648285214718e+02
2.803135523462295532e+04,7.550877649188573741e+02
2.803638923859596252e+04,7.550877656069411614e+02
2.804143200516700745e+04,7.550877647067705993e+02
2.804646613097190857e+04,7.550877644177963930e+02
2.805149964714050293e+04,7.550877645358397103e+02
2.805653540134429932e+04,7.550877555973095241e+02
2.806157811784744263e+04,7.550877668822954547e+02
2.806661462521553040e+04,7.550877670967711310e+02
2.807164799571037292e+04,7.550877670687166301e+02
2.807668083119392395e+04,7.550877676553785705e+02
2.808171334862709045e+04,7.550877670910917914e+02
2.808675102210044861e+04,7.550877683455752276e+02
2.809179204297065735e+04,7.550877685298810320e+02
2.809682204484939575e+04,7.550877693232243928e+02
2.810186606860160828e+04,7.550877682716027266e+02
2.810690323948860168e+04,7.550877685756772735e+02
2.811193916726112366e+04,7.550877678949228766e+02
2.811697109794616699e+04,7.550877675705022511e+02
2.812200758671760559e+04,7.550877467049780307e+02
2.812704961585998535e+04,7.550877444592418897e+02
2.813208190655708313e+04,7.550877438150912440e+02
2.813711577343940735e+04,7.550877440132431957e+02
2.814215666127204895e+04,7.550877439051580495e+02
2.814719077992439270e+04,7.550877451622669696e+02
2.815223195910453796e+04,7.550877457468984630e+02
2.815726953816413879e+04,7.550877446934712225e+02
2.816230666422843933e+04,7.550877449138080237e+02
2.816734492588043213e+04,7.550877458679917709e+02
2.817238490056991577e+04,7.550877458906988977e+02
2.817742267394065857e+04,7.550877456349408021e+02
2.818245721149444580e+04,7.550877459646396801e+02
2.818750112891197205e+04,7.550877455639163145e+02
2.819254267024993896e+04,7.550877455753213781e+02
2.819757324647903442e+04,7.550877464990578574e+02
2.820260497570037842e+04,7.550877445399852377e+02
2.820763989567756653e+04,7.550877467921485504e+02
2.821267692041397095e+04,7.550877459068494773e+02
2.821771397137641907e+04,7.550877467115600439e+02
2.822274360656738281e+04,7.550877470534430813e+02
2.822778252196311951e+04,7.550877455881729929e+02
2.823282061362266541e+04,7.550877461638330033e+02
2.823785866093635559e+04,7.550877455971241261e+02
2.824290372896194458e+04,7.550877465325440880e+02
2.824793703842163086e+04,7.550877448183122169e+02
2.825296549224853516e+04,7.550877466340424462e+02
2.825800259757041931e+04,7.550877468688071303e+02
2.826302715873718262e+04,7.550877481819278501e+02
2.826806214666366577e+04,7.550877482887030965e+02
2.827309520769119263e+04,7.550877476828233057e+02
2.827812227034568787e+04,7.550877484831585207e+02
2.828315814495086670e+04,7.550877489124620752e+02
2.828818765139579773e+04,7.550877485052427573e+02
2.829322299146652222e+04,7.550877483710019078e+02
2.829826122570037842e+04,7.550877470742630067e+02
2.830328719544410706e+04,7.550877476150776602e+02
2.830832462477684021e+04,7.550877479218069084e+02
2.831335054707527161e+04,7.550877492566430647e+02
2.831838209772109985e+04,7.550877491729016810e+02
2.832340997004508972e+04,7.550877498015106539e+02
2.832843052911758423e+04,7.550877509451609058e+02
2.833346355819702148e+04,7.550877509321126126e+02
2.833849476599693298e+04,7.550877503797759118e+02
2.834352715563774109e+04,7.550877506470324079e+02
2.834856331562995911e+04,7.550877499435226810e+02
2.835359047245979309e+04,7.550877483624991555e+02
2.835861712026596069e+04,7.550877484316088157e+02
2.836364897942543030e+04,7.550877483210359742e+02
2.836868934702873230e+04,7.550877475946481354e+02
2.837371340894699097e+04,7.550877491879398349e+02
2.837874026942253113e+04,7.550877496274152918e+02
2.838377350020408630e+04,7.550877498537790871e+02
2.838880010747909546e+04,7.550877510828727281e+02
2.839382807016372681e+04,7.550877515816065397e+02
2.839886752510070801e+04,7.550877513662770752e+02
2.840390237951278687e+04,7.550877504559430236e+02
2.840893284916877747e+04,7.550877511647707934e+02
2.841396266293525696e+04,7.550877524096479192e+02
2.841899870419502258e+04,7.550877526983894086e+02
2.842403891468048096e+04,7.550877518329059512e+02
2.842906771755218506e+04,7.550877517825957739e+02
2.843410407423973083e+04,7.550877517430349144e+02
2.843914405274391174e+04,7.550877511893472729e+02
2.844417241406440735e+04,7.550877513259962370e+02
2.844920377826690674e+04,7.550877519994155591e+02
2.845423466897010803e+04,7.550877526274774709e+02
2.845926880383491516e+04,7.550877522577518448e+02
2.846430309462547302e+04,7.550877523709422121e+02
2.846932707834243774e+04,7.550877522703472096e+02
2.847436173081398010e+04,7.550877520481431020e+02
2.847940026569366455e+04,7.550877512330121135e+02
2.848442620372772217e+04,7.550877508657215458e+02
2.848946062135696411e+04,7.550877508523817596e+02
2.849449222373962402e+04,7.550877509961188707e+02
2.849952862691879272e+04,7.550877504479483378e+02
2.850456165337562561e+04,7.550877495983634162e+02
2.850959374523162842e+04,7.550877495515316014e+02
2.851463130521774292e+04,7.550877497132860299e+02
2.851966947770118713e+04,7.550877489695619715e+02
2.852470144915580750e+04,7.550877495159352293e+02
2.852973037695884705e+04,7.550877498569833506e+02
2.853475790071487427e+04,7.550877493547228596e+02
2.853979013133049011e+04,7.550877493195520174e+02
2.854483051824569702e+04,7.550877491919619615e+02
2.854985004377365112e+04,7.550877492994659406e+02
2.855488088965415955e+04,7.550877492569356946e+02
2.855991515159606934e+04,7.550877509424065011e+02
2.856495406508445740e+04,7.550877507590606683e+02
2.856998878169059753e+04,7.550877496905410453e+02
2.857502564501762390e+04,7.550877504741832809e+02
2.858006686687469482e+04,7.550877514841394031e+02
2.858510826539993286e+04,7.550877501777223415e+02
2.859014962911605835e+04,7.550877498485565411e+02
2.859519273352622986e+04,7.550877509501513032e+02
2.860022218537330627e+04,7.550877505309056232e+02
2.860525539350509644e+04,7.550877491531014130e+02
2.861030735993385315e+04,7.550877492288780104e+02
2.861534062647819519e+04,7.550877492739716672e+02
2.862038002896308899e+04,7.550877494665992344e+02
2.862541271376609802e+04,7.550877499857696193e+02
2.863044743895530701e+04,7.550877496656461290e+02
2.863547680306434631e+04,7.550877498507288692e+02
2.864051162934303284e+04,7.550877508359362764e+02
2.864554633474349976e+04,7.550877512130199420e+02
2.865058180928230286e+04,7.550877517822191294e+02
2.865562377381324768e+04,7.550877526119746790e+02
2.866066210389137268e+04,7.550877517440399060e+02
2.866568542313575745e+04,7.550877511455890954e+02
2.867072426867485046e+04,7.550877510248327553e+02
2.867575247359275818e+04,7.550877506848471512e+02
2.868078198385238647e+04,7.550877514568824154e+02
