3.644943237304687500e-03,3.508641543585108025e+02
5.009662866592407227e+00,3.508641542262199664e+02
1.001791739463806152e+01,3.508641543468049235e+02
1.502723526954650879e+01,3.508641541628575169e+02
2.003884935379028320e+01,3.508641540147706337e+02
2.506600141525268555e+01,3.508641536721378316e+02
3.010031700134277344e+01,3.508641548216149886e+02
3.512495613098144531e+01,3.508641553004474076e+02
4.015032792091369629e+01,3.508641545891147189e+02
4.517484259605407715e+01,3.508641551184224454e+02
5.020041799545288086e+01,3.508641552750252117e+02
5.522044682502746582e+01,3.508641554641868652e+02
6.022551608085632324e+01,3.508641553597213374e+02
6.523795604705810547e+01,3.508641548126186649e+02
7.024906492233276367e+01,3.508641556366416125e+02
7.526384973526000977e+01,3.508641554301373162e+02
8.028175115585327148e+01,3.508641562075535489e+02
8.530467343330383301e+01,3.508641556674078856e+02
9.033171486854553223e+01,3.508641562363542334e+02
9.536566472053527832e+01,3.508641563610558478e+02
1.003957140445709229e+02,3.508641570318354752e+02
1.054217188358306885e+02,3.508641554609580453e+02
1.104480147361755371e+02,3.508641569744272601e+02
1.154746634960174561e+02,3.508641564541689490e+02
1.205056617259979248e+02,3.508641561399197144e+02
1.255300521850585938e+02,3.508641571198234601e+02
1.305583844184875488e+02,3.508641566133865695e+02
1.355643434524536133e+02,3.508641566102407978e+02
1.405714275836944580e+02,3.508641567815217854e+02
1.455813646316528320e+02,3.508641568419051850e+02
1.505992743968963623e+02,3.508641571860212593e+02
1.556197154521942139e+02,3.508641568763757732e+02
1.606418089866638184e+02,3.508641569910926137e+02
1.656700778007507324e+02,3.508641571913087773e+02
1.706949453353881836e+02,3.508641580347764375e+02
1.757226712703704834e+02,3.508641569778163785e+02
1.807545125484466553e+02,3.508641583204803851e+02
1.857821547985076904e+02,3.508641575287031174e+02
1.908107843399047852e+02,3.508641577448776729e+02
1.958416321277618408e+02,3.508641577096818196e+02
2.008679847717285156e+02,3.508641579076697781e+02
2.059006643295288086e+02,3.508641574731711898e+02
2.109213473796844482e+02,3.508641578207645466e+02
2.159493796825408936e+02,3.508641583910879831e+02
2.209841372966766357e+02,3.508641580107606615e+02
2.260084722042083740e+02,3.508641582159816608e+02
2.310435774326324463e+02,3.508641578437170097e+02
2.360701031684875488e+02,3.508641575014339651e+02
2.410946748256683350e+02,3.508641582620241479e+02
2.461217024326324463e+02,3.508641569393788018e+02
2.511477513313293457e+02,3.508641572017031081e+02
2.561750707626342773e+02,3.508641571023652546e+02
2.611819815635681152e+02,3.508641578583482783e+02
2.661878454685211182e+02,3.508641569905221900e+02
2.712000010013580322e+02,3.508641580624841367e+02
2.762083785533905029e+02,3.508641575229129330e+02
2.812215371131896973e+02,3.508641573852630700e+02
2.862516267299652100e+02,3.508641575282794633e+02
2.912798531055450439e+02,3.508641576181615278e+02
2.962864217758178711e+02,3.508641573555614173e+02
3.012966842651367188e+02,3.508641564776819450e+02
3.063129096031188965e+02,3.508641575869169742e+02
3.113256120681762695e+02,3.508641568288834378e+02
3.163386638164520264e+02,3.508641568965834949e+02
3.213541529178619385e+02,3.508641571582028860e+02
3.263592262268066406e+02,3.508641567833552699e+02
3.313763947486877441e+02,3.508641574795433371e+02
3.363835904598236084e+02,3.508641564992383906e+02
3.413926951885223389e+02,3.508641564866689464e+02
3.463981068134307861e+02,3.508641563798403809e+02
3.514246058464050293e+02,3.508641563776626526e+02
3.564619538784027100e+02,3.508641565944632816e+02
3.614956612586975098e+02,3.508641563662877161e+02
3.665220866203308105e+02,3.508641572885994151e+02
3.715475978851318359e+02,3.508641561852247150e+02
3.765783441066741943e+02,3.508641571388515104e+02
3.816128621101379395e+02,3.508641568952854186e+02
3.866433956623077393e+02,3.508641566385566648e+02
3.916782855987548828e+02,3.508641566314689726e+02
3.967099232673645020e+02,3.508641561910527003e+02
4.017383139133453369e+02,3.508641567500454244e+02
4.067669479846954346e+02,3.508641562698786629e+02
4.117953453063964844e+02,3.508641561328609555e+02
4.168050041198730469e+02,3.508641565311186241e+02
4.218163642883300781e+02,3.508641560464259328e+02
4.268249533176422119e+02,3.508641563629259394e+02
4.318318226337432861e+02,3.508641562368225095e+02
4.368557293415069580e+02,3.508641563105267096e+02
4.418813509941101074e+02,3.508641557990514457e+02
4.469056570529937744e+02,3.508641561094694339e+02
4.519364628791809082e+02,3.508641560944723210e+02
4.569631283283233643e+02,3.508641558910292702e+02
4.619696705341339111e+02,3.508641561864097298e+02
4.669857714176177979e+02,3.508641562326021131e+02
4.720047109127044678e+02,3.508641559682333764e+02
4.770144548416137695e+02,3.508641561978446362e+02
4.820249454975128174e+02,3.508641563468236768e+02
4.870373666286468506e+02,3.508641563996085893e+02
4.920708286762237549e+02,3.508641568124250512e+02
4.970770699977874756e+02,3.508641561083219358e+02
5.020909488201141357e+02,3.508641571042791156e+02
5.070955548286437988e+02,3.508641574048111806e+02
5.121009507179260254e+02,3.508641576477302806e+02
5.171129868030548096e+02,3.508641571571409372e+02
5.221302890777587891e+02,3.508641565414076240e+02
5.271594908237457275e+02,3.508641574940213559e+02
5.321894495487213135e+02,3.508641582335448561e+02
5.372119495868682861e+02,3.508641573971625576e+02
5.422419178485870361e+02,3.508641577549924477e+02
5.472686660289764404e+02,3.508641580517329999e+02
5.523000748157501221e+02,3.508641576173363887e+02
5.573279662132263184e+02,3.508641586366708793e+02
5.623339664936065674e+02,3.508641584047212518e+02
5.673463065624237061e+02,3.508641583209496844e+02
5.723578951358795166e+02,3.508641590706359921e+02
5.773638067245483398e+02,3.508641590564216131e+02
5.823681786060333252e+02,3.508641593861233332e+02
5.873890013694763184e+02,3.508641593948479454e+02
5.924186966419219971e+02,3.508641595518736835e+02
5.974223937988281250e+02,3.508641598885702138e+02
6.024396038055419922e+02,3.508641598274654712e+02
6.074565527439117432e+02,3.508641598782848519e+02
6.124637830257415771e+02,3.508641598410292772e+02
6.174826481342315674e+02,3.508641601080719852e+02
6.225032951831817627e+02,3.508641606473822776e+02
6.275115101337432861e+02,3.508641609336644365e+02
6.325244259834289551e+02,3.508641608028233918e+02
6.375356619358062744e+02,3.508641608383085213e+02
6.425434491634368896e+02,3.508641604464652346e+02
6.475533158779144287e+02,3.508641612708618709e+02
6.525752687454223633e+02,3.508641623541408308e+02
6.576059312820434570e+02,3.508641614437783574e+02
6.626334099769592285e+02,3.508641616451496361e+02
6.676424050331115723e+02,3.508641623861228140e+02
6.726553292274475098e+02,3.508641621751991693e+02
6.776665086746215820e+02,3.508641614324126294e+02
6.826756610870361328e+02,3.508641616587565295e+02
6.876856615543365479e+02,3.508641625677492470e+02
6.926941816806793213e+02,3.508641628593150585e+02
6.977003681659698486e+02,3.508641631656229265e+02
7.027069888114929199e+02,3.508641632304156701e+02
7.077197113037109375e+02,3.508641632235115253e+02
7.127309682369232178e+02,3.508641638295670191e+02
7.177522428035736084e+02,3.508641631495543152e+02
7.227770028114318848e+02,3.508641633401760487e+02
7.277810835838317871e+02,3.508641642476241600e+02
7.327922930717468262e+02,3.508641637696661064e+02
7.378011660575866699e+02,3.508641640565963371e+02
7.428150401115417480e+02,3.508641645034607564e+02
7.478240022659301758e+02,3.508641643826854875e+02
7.528436346054077148e+02,3.508641649052946150e+02
7.578696720600128174e+02,3.508641641163609393e+02
7.629031355381011963e+02,3.508641640518480358e+02
7.679244396686553955e+02,3.508641647785643158e+02
7.729486863613128662e+02,3.508641647804196282e+02
7.779874360561370850e+02,3.508641645780327281e+02
7.830094506740570068e+02,3.508641649960107429e+02
7.880335342884063721e+02,3.508641653964493798e+02
7.930634367465972900e+02,3.508641645736766463e+02
7.980879456996917725e+02,3.508641647940450525e+02
8.031150691509246826e+02,3.508641643907552066e+02
8.081413638591766357e+02,3.508641649367008881e+02
8.131699497699737549e+02,3.508641658277769011e+02
8.181913678646087646e+02,3.508641652582929282e+02
8.232188384532928467e+02,3.508641646908004645e+02
8.282482593059539795e+02,3.508641653094245498e+02
8.332679517269134521e+02,3.508641651117050628e+02
8.382964527606964111e+02,3.508641646497715101e+02
8.433217024803161621e+02,3.508641652539897677e+02
8.483483297824859619e+02,3.508641646187923584e+02
8.533756611347198486e+02,3.508641645683699153e+02
8.584037554264068604e+02,3.508641642452769247e+02
8.634352419376373291e+02,3.508641634365187656e+02
8.684677171707153320e+02,3.508641639726242829e+02
8.734909534454345703e+02,3.508641649206359716e+02
8.785171988010406494e+02,3.508641648364067578e+02
8.835510559082031250e+02,3.508641644924900902e+02
8.885586647987365723e+02,3.508641643750076469e+02
8.935684330463409424e+02,3.508641644862027533e+02
8.985786709785461426e+02,3.508641646641735861e+02
9.035925762653350830e+02,3.508641640282681919e+02
9.086013495922088623e+02,3.508641644698917617e+02
9.136196255683898926e+02,3.508641644074784836e+02
9.186417725086212158e+02,3.508641645851030830e+02
9.236706438064575195e+02,3.508641644560357236e+02
9.286976850032806396e+02,3.508641643895884954e+02
9.337032315731048584e+02,3.508641639593312789e+02
9.387122154235839844e+02,3.508641647113805675e+02
9.437208566665649414e+02,3.508641646668859266e+02
9.487253053188323975e+02,3.508641643415366502e+02
9.537467048168182373e+02,3.508641640566874571e+02
9.587515079975128174e+02,3.508641641672535911e+02
9.637556278705596924e+02,3.508641643107859522e+02
9.687707531452178955e+02,3.508641634616236047e+02
9.737905454635620117e+02,3.508641641008520651e+02
9.788041169643402100e+02,3.508641640724636659e+02
9.838214769363403320e+02,3.508641639788299926e+02
9.888386638164520264e+02,3.508641641797140664e+02
9.938848652839660645e+02,3.508641637415933587e+02
9.988955433368682861e+02,3.508641636187805943e+02
1.003922101020812988e+03,3.508641643739782694e+02
1.008953274726867676e+03,3.508641639439219944e+02
1.013983000516891479e+03,3.508641643717552938e+02
1.019009340524673462e+03,3.508641640460764961e+02
1.024038150310516357e+03,3.508641644339983259e+02
1.029045671463012695e+03,3.508641643370540919e+02
1.034057663440704346e+03,3.508641638754888277e+02
1.039066623926162720e+03,3.508641639012975020e+02
1.044081489086151123e+03,3.508641635132887018e+02
1.049089672803878784e+03,3.508641641037685304e+02
1.054105661869049072e+03,3.508641636330434608e+02
1.059137125968933105e+03,3.508641637660580841e+02
1.064162467956542969e+03,3.508641639799873815e+02
1.069194699525833130e+03,3.508641636956892285e+02
1.074221068620681763e+03,3.508641642965964138e+02
1.079245261192321777e+03,3.508641640032362830e+02
1.084272333145141602e+03,3.508641639076242313e+02
1.089297055006027222e+03,3.508641640088679878e+02
1.094327068090438843e+03,3.508641636724827890e+02
1.099355958938598633e+03,3.508641636579000647e+02
1.104381613016128540e+03,3.508641635159244743e+02
1.109406756401062012e+03,3.508641638401252862e+02
1.114437977790832520e+03,3.508641645951198598e+02
1.119464150190353394e+03,3.508641651099400747e+02
1.124469334125518799e+03,3.508641643838176378e+02
1.129486900806427002e+03,3.508641646418852247e+02
1.134498459577560425e+03,3.508641648232363650e+02
1.139506329536437988e+03,3.508641638527581676e+02
1.144518571138381958e+03,3.508641638832704075e+02
1.149544949293136597e+03,3.508641644088136786e+02
1.154571432113647461e+03,3.508641637282853480e+02
1.159603802204132080e+03,3.508641639230380633e+02
1.164613850116729736e+03,3.508641640077151465e+02
1.169625527381896973e+03,3.508641641322866462e+02
1.174634237289428711e+03,3.508641646194830059e+02
1.179649308443069458e+03,3.508641642380225107e+02
1.184667729377746582e+03,3.508641638852529354e+02
1.189698663711547852e+03,3.508641638561614968e+02
1.194725252866744995e+03,3.508641642933179696e+02
1.199753136157989502e+03,3.508641640253225091e+02
1.204778230428695679e+03,3.508641638540057102e+02
1.209808798789978027e+03,3.508641643278978677e+02
1.214835740089416504e+03,3.508641653335996011e+02
1.219840131998062134e+03,3.508641653084141012e+02
1.224845661640167236e+03,3.508641647946112698e+02
1.229853596448898315e+03,3.508641651822533731e+02
1.234865670680999756e+03,3.508641650617915957e+02
1.239883482933044434e+03,3.508641644563188606e+02
1.244914639711380005e+03,3.508641649765065154e+02
1.249944418430328369e+03,3.508641648790286354e+02
1.254970736503601074e+03,3.508641648247241847e+02
1.259993180990219116e+03,3.508641651893252060e+02
1.265022080898284912e+03,3.508641649008052923e+02
1.270052103042602539e+03,3.508641647406882385e+02
1.275088957071304321e+03,3.508641652805904414e+02
1.280117171287536621e+03,3.508641657623807077e+02
1.285142855644226074e+03,3.508641654370578635e+02
1.290146525144577026e+03,3.508641661276232071e+02
1.295153123617172241e+03,3.508641659858500361e+02
1.300168525457382202e+03,3.508641661014139572e+02
1.305181350469589233e+03,3.508641659878863379e+02
1.310188387632369995e+03,3.508641654411113109e+02
1.315218746662139893e+03,3.508641660304696188e+02
1.320249153852462769e+03,3.508641656509083191e+02
1.325254192352294922e+03,3.508641656484569467e+02
1.330269233465194702e+03,3.508641656463669847e+02
1.335286273479461670e+03,3.508641647556409566e+02
1.340300812959671021e+03,3.508641649681577519e+02
1.345308979511260986e+03,3.508641662082434891e+02
1.350336892843246460e+03,3.508641658798053982e+02
1.355370200634002686e+03,3.508641660373658056e+02
1.360398245811462402e+03,3.508641654743883009e+02
1.365432089090347290e+03,3.508641653565084653e+02
1.370459948301315308e+03,3.508641654861244206e+02
1.375485352039337158e+03,3.508641659656287288e+02
1.380515661001205444e+03,3.508641656733676086e+02
1.385547532081604004e+03,3.508641659122100691e+02
1.390572560310363770e+03,3.508641654996447414e+02
1.395577533245086670e+03,3.508641656633113826e+02
1.400593535900115967e+03,3.508641660577392258e+02
1.405607674837112427e+03,3.508641656204082437e+02
1.410621575117111206e+03,3.508641651709453981e+02
1.415631357908248901e+03,3.508641661118467141e+02
1.420646159648895264e+03,3.508641653705380463e+02
1.425673014879226685e+03,3.508641651188233936e+02
1.430692731857299805e+03,3.508641653184944289e+02
1.435723011493682861e+03,3.508641651012965212e+02
1.440753630638122559e+03,3.508641662015324982e+02
1.445785315275192261e+03,3.508641663684176706e+02
1.450807788372039795e+03,3.508641658418547991e+02
1.455837747573852539e+03,3.508641659804355299e+02
1.460860343933105469e+03,3.508641665915165504e+02
1.465892734289169312e+03,3.508641662335513161e+02
1.470917499780654907e+03,3.508641668438783654e+02
1.475944206714630127e+03,3.508641668597406920e+02
1.480970518827438354e+03,3.508641669464108190e+02
1.485996661901473999e+03,3.508641669870900728e+02
1.491023165702819824e+03,3.508641669892857067e+02
1.496030949831008911e+03,3.508641669807458925e+02
1.501043277978897095e+03,3.508641665502146338e+02
1.506051055669784546e+03,3.508641667490096552e+02
1.511064516067504883e+03,3.508641667403446149e+02
1.516075200796127319e+03,3.508641662698044001e+02
1.521098133802413940e+03,3.508641667036667400e+02
1.526127197027206421e+03,3.508641673980858400e+02
1.531150414705276489e+03,3.508641662013002360e+02
1.536157603979110718e+03,3.508641670262064167e+02
1.541166442155838013e+03,3.508641672746481390e+02
1.546174652338027954e+03,3.508641676132052680e+02
1.551191431283950806e+03,3.508641671146395424e+02
1.556208958387374878e+03,3.508641673226985631e+02
1.561226670026779175e+03,3.508641681262590737e+02
1.566256052255630493e+03,3.508641674849509400e+02
1.571260264158248901e+03,3.508641684177676439e+02
1.576278785467147827e+03,3.508641685432316422e+02
1.581283696174621582e+03,3.508641686873763774e+02
1.586296673059463501e+03,3.508641686206648274e+02
1.591303976058959961e+03,3.508641683499933492e+02
1.596318948507308960e+03,3.508641688218607442e+02
1.601349666833877563e+03,3.508641683444209889e+02
1.606377017021179199e+03,3.508641684657677615e+02
1.611399559736251831e+03,3.508641684252315827e+02
1.616429972410202026e+03,3.508641680905650446e+02
1.621463517904281616e+03,3.508641687758428702e+02
1.626493539333343506e+03,3.508641684043158193e+02
1.631498175859451294e+03,3.508641680584155438e+02
1.636510207414627075e+03,3.508641684092353330e+02
1.641514400720596313e+03,3.508641681757060837e+02
1.646528480768203735e+03,3.508641683067464783e+02
1.651540891408920288e+03,3.508641685001823021e+02
1.656572816610336304e+03,3.508641677148880262e+02
1.661608696222305298e+03,3.508641687331300432e+02
1.666621488332748413e+03,3.508641684412536961e+02
1.671636173486709595e+03,3.508641683366971620e+02
1.676646959543228149e+03,3.508641671671056201e+02
1.681665661334991455e+03,3.508641684623498804e+02
1.686678666591644287e+03,3.508641691307429369e+02
1.691692108869552612e+03,3.508641684789088231e+02
1.696713521003723145e+03,3.508641689484404651e+02
1.701742451667785645e+03,3.508641680510093579e+02
1.706766663789749146e+03,3.508641682220805365e+02
1.711794438838958740e+03,3.508641686305279563e+02
1.716798338890075684e+03,3.508641678857188140e+02
1.721815661668777466e+03,3.508641686530744437e+02
1.726822458267211914e+03,3.508641681234175849e+02
1.731840997934341431e+03,3.508641686044194898e+02
1.736848665237426758e+03,3.508641684204693547e+02
1.741873288631439209e+03,3.508641683287775663e+02
1.746899932861328125e+03,3.508641685108891011e+02
1.751927355766296387e+03,3.508641684961224882e+02
1.756931518077850342e+03,3.508641686778964299e+02
1.761948198556900024e+03,3.508641688921471200e+02
1.766963529825210571e+03,3.508641687833343212e+02
1.771973323822021484e+03,3.508641688264644358e+02
1.776982946395874023e+03,3.508641684718107854e+02
1.782005095720291138e+03,3.508641673996203849e+02
1.787033722639083862e+03,3.508641687737017492e+02
1.792067241907119751e+03,3.508641692157513035e+02
1.797097717046737671e+03,3.508641687599172201e+02
1.802121463060379028e+03,3.508641689925911464e+02
1.807124867200851440e+03,3.508641684736693946e+02
1.812137664556503296e+03,3.508641683267424582e+02
1.817150063991546631e+03,3.508641682130163986e+02
1.822164459705352783e+03,3.508641685829632593e+02
1.827182387351989746e+03,3.508641686774416257e+02
1.832201236963272095e+03,3.508641682993018094e+02
1.837205655097961426e+03,3.508641678145056062e+02
1.842215444564819336e+03,3.508641683646977754e+02
1.847224473953247070e+03,3.508641679411178984e+02
1.852233035326004028e+03,3.508641678264755228e+02
1.857255903720855713e+03,3.508641693490345688e+02
1.862276242256164551e+03,3.508641687070258399e+02
1.867281443595886230e+03,3.508641685975649693e+02
1.872292617559432983e+03,3.508641692793718221e+02
1.877297112464904785e+03,3.508641692037618327e+02
1.882305674314498901e+03,3.508641685440160813e+02
1.887315037727355957e+03,3.508641691607633675e+02
1.892342658996582031e+03,3.508641688091694277e+02
1.897369436502456665e+03,3.508641691059871164e+02
1.902395660400390625e+03,3.508641688538675112e+02
1.907401910066604614e+03,3.508641696908358085e+02
1.912416882514953613e+03,3.508641693532431987e+02
1.917430948495864868e+03,3.508641689891453552e+02
1.922448948383331299e+03,3.508641687387150228e+02
1.927455055713653564e+03,3.508641693927389156e+02
1.932468262195587158e+03,3.508641690677010843e+02
1.937491835594177246e+03,3.508641696679385973e+02
1.942515661954879761e+03,3.508641699290339488e+02
1.947519874334335327e+03,3.508641695350474947e+02
1.952528649806976318e+03,3.508641696266916483e+02
1.957541954517364502e+03,3.508641694816103609e+02
1.962561434984207153e+03,3.508641692721423055e+02
1.967568011045455933e+03,3.508641692892522883e+02
1.972589967727661133e+03,3.508641694553448929e+02
1.977615644931793213e+03,3.508641698503367934e+02
1.982647958040237427e+03,3.508641697308449920e+02
1.987681109189987183e+03,3.508641701823202084e+02
1.992707784414291382e+03,3.508641694834519171e+02
1.997740435361862183e+03,3.508641696718739240e+02
2.002768023252487183e+03,3.508641702316582496e+02
2.007793775558471680e+03,3.508641696061891935e+02
2.012826663494110107e+03,3.508641702009778669e+02
2.017858934402465820e+03,3.508641700924969768e+02
2.022882569313049316e+03,3.508641695895995554e+02
2.027910443782806396e+03,3.508641696276478683e+02
2.032944143056869507e+03,3.508641701890829836e+02
2.037970948934555054e+03,3.508641700377880852e+02
2.043000426054000854e+03,3.508641703380404806e+02
2.048005629539489746e+03,3.508641703276462067e+02
2.053010001420974731e+03,3.508641709402514834e+02
2.058023995399475098e+03,3.508641704915957007e+02
2.063028595209121704e+03,3.508641706015577029e+02
2.068045662641525269e+03,3.508641715296599841e+02
2.073051544666290283e+03,3.508641712064186891e+02
2.078060098886489868e+03,3.508641714535899041e+02
2.083065669298171997e+03,3.508641710062594825e+02
2.088072996139526367e+03,3.508641712829422090e+02
2.093084757089614868e+03,3.508641709828548869e+02
2.098115662097930908e+03,3.508641716465114087e+02
2.103138750791549683e+03,3.508641718263573921e+02
2.108172074556350708e+03,3.508641723078345649e+02
2.113210522651672363e+03,3.508641724573350871e+02
2.118239158868789673e+03,3.508641719695772849e+02
2.123268898725509644e+03,3.508641723885916122e+02
2.128306639909744263e+03,3.508641728311093857e+02
2.133339966773986816e+03,3.508641729098592918e+02
2.138370222091674805e+03,3.508641723637923633e+02
2.143396622180938721e+03,3.508641729501374584e+02
2.148399687051773071e+03,3.508641729446171666e+02
2.153410256385803223e+03,3.508641730798338472e+02
2.158420485019683838e+03,3.508641726834304677e+02
2.163428663253784180e+03,3.508641733595944174e+02
2.168434418439865112e+03,3.508641731922197096e+02
2.173456809520721436e+03,3.508641740687206152e+02
2.178485193252563477e+03,3.508641741482715020e+02
2.183515204668045044e+03,3.508641738910028494e+02
2.188543488740921021e+03,3.508641732869062935e+02
2.193571788311004639e+03,3.508641742105516528e+02
2.198600459814071655e+03,3.508641742187391515e+02
2.203628486871719360e+03,3.508641733446416993e+02
2.208653019428253174e+03,3.508641734468560571e+02
2.213677104234695435e+03,3.508641744027258937e+02
2.218705850124359131e+03,3.508641733489981789e+02
2.223736662864685059e+03,3.508641736202760626e+02
2.228767788410186768e+03,3.508641747115973999e+02
2.233772082567214966e+03,3.508641744901835295e+02
2.238784185171127319e+03,3.508641737482264489e+02
2.243790949821472168e+03,3.508641747212318478e+02
2.248804259777069092e+03,3.508641745640641716e+02
2.253818739175796509e+03,3.508641745619440826e+02
2.258838294982910156e+03,3.508641740729405001e+02
2.263846634149551392e+03,3.508641749350598502e+02
2.268860513687133789e+03,3.508641745345941558e+02
2.273866528987884521e+03,3.508641738296398103e+02
2.278884536266326904e+03,3.508641739395303034e+02
2.283902982473373413e+03,3.508641742464737376e+02
2.288908752918243408e+03,3.508641741718611229e+02
2.293934966802597046e+03,3.508641741871899171e+02
2.298964430332183838e+03,3.508641745290918834e+02
2.303989950180053711e+03,3.508641744303171208e+02
2.308996150016784668e+03,3.508641744918804193e+02
2.314013643026351929e+03,3.508641752302531813e+02
2.319025660753250122e+03,3.508641750491205471e+02
2.324034106731414795e+03,3.508641754703734250e+02
2.329044279575347900e+03,3.508641751551410266e+02
2.334057707309722900e+03,3.508641756655347308e+02
2.339081943750381470e+03,3.508641759211781732e+02
2.344110505580902100e+03,3.508641754978892777e+02
2.349137454748153687e+03,3.508641757627349875e+02
2.354144006490707397e+03,3.508641753764023292e+02
2.359153202295303345e+03,3.508641761369162850e+02
2.364161779880523682e+03,3.508641757020039904e+02
2.369167471885681152e+03,3.508641748491053818e+02
2.374175660848617554e+03,3.508641750196553062e+02
2.379208370447158813e+03,3.508641744147153076e+02
2.384237665414810181e+03,3.508641748906001112e+02
2.389265610218048096e+03,3.508641754200990590e+02
2.394270266771316528e+03,3.508641751150661321e+02
2.399284393787384033e+03,3.508641745137298358e+02
2.404302639007568359e+03,3.508641746558997170e+02
2.409311711549758911e+03,3.508641746259087313e+02
2.414323992490768433e+03,3.508641750030026856e+02
2.419339888095855713e+03,3.508641743037432548e+02
2.424351714611053467e+03,3.508641745428956256e+02
2.429374727725982666e+03,3.508641739562290809e+02
2.434378944396972656e+03,3.508641742223431379e+02
2.439390607833862305e+03,3.508641743950137197e+02
2.444397960424423218e+03,3.508641739310199341e+02
2.449404773235321045e+03,3.508641744283219737e+02
2.454421588420867920e+03,3.508641745934939991e+02
2.459439981222152710e+03,3.508641743843153336e+02
2.464465688943862915e+03,3.508641742948182696e+02
2.469500664472579956e+03,3.508641743506784110e+02
2.474526539564132690e+03,3.508641736840320959e+02
2.479551738977432251e+03,3.508641739625882678e+02
2.484561414003372192e+03,3.508641736033254119e+02
2.489564707040786743e+03,3.508641730089656789e+02
2.494570337533950806e+03,3.508641732793178676e+02
2.499578663825988770e+03,3.508641731423193733e+02
2.504604310035705566e+03,3.508641729751702769e+02
2.509634222745895386e+03,3.508641733888351837e+02
2.514665667533874512e+03,3.508641733544840235e+02
2.519686351776123047e+03,3.508641722876367908e+02
2.524716433525085449e+03,3.508641726988656160e+02
2.529723587512969971e+03,3.508641727885903947e+02
2.534740265130996704e+03,3.508641729122627453e+02
2.539747249603271484e+03,3.508641724342688804e+02
2.544753993272781372e+03,3.508641725858209952e+02
2.549758292436599731e+03,3.508641725790225792e+02
2.554790350198745728e+03,3.508641720030100828e+02
2.559798664093017578e+03,3.508641728744319153e+02
2.564815181970596313e+03,3.508641724232398929e+02
2.569832966089248657e+03,3.508641728067963186e+02
2.574840739011764526e+03,3.508641725765742763e+02
2.579845469951629639e+03,3.508641726625632487e+02
2.584861622810363770e+03,3.508641722234979738e+02
2.589893233537673950e+03,3.508641724075903312e+02
2.594924975156784058e+03,3.508641719633833986e+02
2.599928759574890137e+03,3.508641727352795670e+02
2.604935404062271118e+03,3.508641727872412730e+02
2.609944523096084595e+03,3.508641728972996248e+02
2.614960950136184692e+03,3.508641716700478810e+02
2.619981754064559937e+03,3.508641721932995665e+02
2.625014818906784058e+03,3.508641722504845575e+02
2.630039842844009399e+03,3.508641723480428709e+02
2.635073046684265137e+03,3.508641717911078786e+02
2.640100335121154785e+03,3.508641716588553550e+02
2.645132012844085693e+03,3.508641711873721647e+02
2.650160173416137695e+03,3.508641717509904652e+02
2.655185747385025024e+03,3.508641724126576946e+02
2.660211321353912354e+03,3.508641718411861348e+02
2.665237909793853760e+03,3.508641724440211078e+02
2.670268453598022461e+03,3.508641719278866731e+02
2.675300949811935425e+03,3.508641718877738072e+02
2.680310005664825439e+03,3.508641727415658806e+02
2.685319031953811646e+03,3.508641723566032624e+02
2.690333619832992554e+03,3.508641724621286926e+02
2.695340084552764893e+03,3.508641712654013531e+02
2.700345121860504150e+03,3.508641724820683976e+02
2.705368947029113770e+03,3.508641717368755053e+02
2.710402838468551636e+03,3.508641720666775541e+02
2.715433792591094971e+03,3.508641718266891871e+02
2.720466663122177124e+03,3.508641722883227203e+02
2.725492716073989868e+03,3.508641716020937338e+02
2.730518947839736938e+03,3.508641713510143063e+02
2.735547999620437622e+03,3.508641713564560405e+02
2.740560138463973999e+03,3.508641713978146299e+02
2.745579670429229736e+03,3.508641719371073009e+02
2.750592345714569092e+03,3.508641722737582427e+02
2.755601343154907227e+03,3.508641712645232928e+02
2.760606931686401367e+03,3.508641717769668844e+02
2.765627984762191772e+03,3.508641710583519284e+02
2.770673668146133423e+03,3.508641717694973750e+02
2.775686468124389648e+03,3.508641721539801210e+02
2.780718699216842651e+03,3.508641716428494419e+02
2.785744575500488281e+03,3.508641720707711897e+02
2.790772883892059326e+03,3.508641723151184806e+02
2.795777662754058838e+03,3.508641716980314982e+02
2.800783505678176880e+03,3.508641726314548919e+02
2.805793798923492432e+03,3.508641724654177665e+02
2.810812759876251221e+03,3.508641720334367733e+02
2.815824950933456421e+03,3.508641719585315286e+02
2.820844372510910034e+03,3.508641724375498825e+02
2.825865964889526367e+03,3.508641722180885267e+02
2.830892498731613159e+03,3.508641715405705099e+02
2.835917528867721558e+03,3.508641717723932061e+02
2.840923565387725830e+03,3.508641723107544408e+02
2.845935909748077393e+03,3.508641716054906965e+02
2.850943444013595581e+03,3.508641725124581399e+02
2.855957182645797729e+03,3.508641724997858660e+02
2.860974385976791382e+03,3.508641723190852417e+02
2.865993721723556519e+03,3.508641733045191700e+02
2.871020665168762207e+03,3.508641723300869444e+02
2.876050987958908081e+03,3.508641732903340085e+02
2.881093908786773682e+03,3.508641730500000904e+02
2.886112179756164551e+03,3.508641730460135477e+02
2.891118799686431885e+03,3.508641730302151700e+02
2.896129203557968140e+03,3.508641728536336473e+02
2.901135669946670532e+03,3.508641732528902253e+02
2.906149168252944946e+03,3.508641732226057002e+02
2.911158667564392090e+03,3.508641726758893356e+02
2.916181088447570801e+03,3.508641734251563662e+02
2.921206954956054688e+03,3.508641724163430240e+02
2.926233989953994751e+03,3.508641739697710022e+02
2.931253496646881104e+03,3.508641733782707206e+02
2.936282031297683716e+03,3.508641738094555080e+02
2.941312489986419678e+03,3.508641737727917302e+02
2.946337896347045898e+03,3.508641738952841251e+02
2.951341337203979492e+03,3.508641740143870607e+02
2.956351782798767090e+03,3.508641746360726188e+02
2.961361621141433716e+03,3.508641739407942168e+02
2.966371346950531006e+03,3.508641741817716024e+02
2.971388138532638550e+03,3.508641738329096711e+02
2.976418947935104370e+03,3.508641745462094264e+02
2.981424739599227905e+03,3.508641747433786122e+02
2.986434957027435303e+03,3.508641732760491436e+02
2.991440541028976440e+03,3.508641741889911714e+02
2.996446665287017822e+03,3.508641752072550162e+02
3.001459944248199463e+03,3.508641747827840618e+02
3.006488948583602905e+03,3.508641744850097552e+02
3.011515241384506226e+03,3.508641745704708228e+02
3.016518789529800415e+03,3.508641748166717207e+02
3.021573626995086670e+03,3.508641740759522918e+02
3.026602284431457520e+03,3.508641751702150486e+02
3.031608770370483398e+03,3.508641746196132658e+02
3.036614445209503174e+03,3.508641744559318454e+02
3.041628664016723633e+03,3.508641749652876456e+02
3.046641521930694580e+03,3.508641752696366893e+02
3.051650546789169312e+03,3.508641748096208062e+02
3.056673629283905029e+03,3.508641752977091528e+02
3.061700240135192871e+03,3.508641751346904698e+02
3.066729658842086792e+03,3.508641749263088059e+02
3.071758332014083862e+03,3.508641754581258851e+02
3.076788598537445068e+03,3.508641755514150873e+02
3.081814762115478516e+03,3.508641755115231717e+02
3.086820104837417603e+03,3.508641761615720043e+02
3.091836273193359375e+03,3.508641762767591672e+02
3.096841925382614136e+03,3.508641759591544655e+02
3.101851315259933472e+03,3.508641761463320563e+02
3.106866680383682251e+03,3.508641765201912222e+02
3.111891958713531494e+03,3.508641767726659282e+02
3.116919561386108398e+03,3.508641760460819228e+02
3.121947313070297241e+03,3.508641761821168075e+02
3.126950699567794800e+03,3.508641766026843811e+02
3.131965507745742798e+03,3.508641764250209576e+02
3.136982611417770386e+03,3.508641773069582541e+02
3.142000501632690430e+03,3.508641776338450313e+02
3.147010147809982300e+03,3.508641767606948179e+02
3.152036981582641602e+03,3.508641773392393475e+02
3.157062859296798706e+03,3.508641772951412463e+02
3.162091923475265503e+03,3.508641773907968400e+02
3.167124513626098633e+03,3.508641779261169518e+02
3.172157774448394775e+03,3.508641768213902878e+02
3.177186505317687988e+03,3.508641777962271817e+02
3.182217053651809692e+03,3.508641777539002646e+02
3.187248734235763550e+03,3.508641777703688263e+02
3.192274350881576538e+03,3.508641774821941226e+02
3.197302618741989136e+03,3.508641780975762003e+02
3.202328315973281860e+03,3.508641779650137664e+02
3.207359147071838379e+03,3.508641773933733248e+02
3.212387755870819092e+03,3.508641790134763028e+02
3.217414928197860718e+03,3.508641783780612968e+02
3.222442144632339478e+03,3.508641786173366199e+02
3.227465757608413696e+03,3.508641776099232743e+02
3.232496249675750732e+03,3.508641780397591106e+02
3.237528381109237671e+03,3.508641780628528295e+02
3.242554067611694336e+03,3.508641784433954740e+02
3.247581851005554199e+03,3.508641780396026775e+02
3.252611000776290894e+03,3.508641783025527161e+02
3.257640739679336548e+03,3.508641783025605605e+02
3.262644864559173584e+03,3.508641782261942126e+02
3.267662714004516602e+03,3.508641778763245611e+02
3.272678098201751709e+03,3.508641781913965474e+02
3.277688055038452148e+03,3.508641777080223960e+02
3.282698229789733887e+03,3.508641780045755354e+02
3.287713948965072632e+03,3.508641782264950848e+02
3.292737700700759888e+03,3.508641780850312557e+02
3.297767703056335449e+03,3.508641781156880484e+02
3.302796299457550049e+03,3.508641780778193038e+02
3.307825954675674438e+03,3.508641783950683930e+02
3.312851980209350586e+03,3.508641784248631552e+02
3.317856077909469604e+03,3.508641783195589028e+02
3.322872774600982666e+03,3.508641782193596441e+02
3.327880049705505371e+03,3.508641780570374635e+02
3.332887947797775269e+03,3.508641778093729044e+02
3.337900498151779175e+03,3.508641780533613428e+02
3.342925363302230835e+03,3.508641782414802606e+02
3.347957107782363892e+03,3.508641785216938160e+02
3.352984640598297119e+03,3.508641782290758329e+02
3.357993681669235229e+03,3.508641776823142209e+02
3.362998947381973267e+03,3.508641783498791824e+02
3.368014262914657593e+03,3.508641779303915769e+02
3.373028692245483398e+03,3.508641779884146672e+02
3.378032523870468140e+03,3.508641776140685238e+02
3.383052276134490967e+03,3.508641775130278688e+02
3.388075661897659302e+03,3.508641770224085690e+02
3.393102986574172974e+03,3.508641773308561937e+02
3.398125891685485840e+03,3.508641775286939151e+02
3.403160317182540894e+03,3.508641780252422109e+02
3.408183763504028320e+03,3.508641780326056505e+02
3.413208623409271240e+03,3.508641774903203441e+02
3.418240413904190063e+03,3.508641769912853192e+02
3.423270122528076172e+03,3.508641775495232764e+02
3.428297466278076172e+03,3.508641762053624120e+02
3.433324729919433594e+03,3.508641773544092644e+02
3.438335062980651855e+03,3.508641778464404410e+02
3.443345312118530273e+03,3.508641773277653897e+02
3.448352454185485840e+03,3.508641768577948596e+02
3.453358072757720947e+03,3.508641777683695295e+02
3.458378947734832764e+03,3.508641772530781964e+02
3.463406681537628174e+03,3.508641774527005168e+02
3.468436056852340698e+03,3.508641770313090547e+02
3.473471045017242432e+03,3.508641777513354896e+02
3.478504780054092407e+03,3.508641779324925096e+02
3.483510103464126587e+03,3.508641774945888869e+02
3.488524169683456421e+03,3.508641774098366000e+02
3.493534422636032104e+03,3.508641769287685293e+02
3.498547129392623901e+03,3.508641774080127220e+02
3.503552147150039673e+03,3.508641771529038351e+02
3.508576075315475464e+03,3.508641776151908971e+02
3.513600518941879272e+03,3.508641767030732126e+02
3.518627146720886230e+03,3.508641770862677163e+02
3.523630948543548584e+03,3.508641773631323986e+02
3.528650012969970703e+03,3.508641771759067183e+02
3.533660311460494995e+03,3.508641772016309801e+02
3.538664939165115356e+03,3.508641769940284121e+02
3.543679939508438110e+03,3.508641759052945304e+02
3.548706111431121826e+03,3.508641778416165948e+02
3.553730381965637207e+03,3.508641768002134995e+02
3.558757731437683105e+03,3.508641772580061229e+02
3.563762513637542725e+03,3.508641771382067986e+02
3.568773545265197754e+03,3.508641776909949499e+02
3.573787312746047974e+03,3.508641770378876004e+02
3.578798055887222290e+03,3.508641768083064676e+02
3.583816943883895874e+03,3.508641768558076137e+02
3.588832973241806030e+03,3.508641777783259954e+02
3.593862764596939087e+03,3.508641767669532783e+02
3.598893657922744751e+03,3.508641770649143723e+02
3.603919024467468262e+03,3.508641773046959997e+02
3.608947222948074341e+03,3.508641766045308827e+02
3.613975661277770996e+03,3.508641766261984003e+02
3.619005662918090820e+03,3.508641776920783855e+02
3.624031259536743164e+03,3.508641767546163237e+02
3.629060231685638428e+03,3.508641768045294498e+02
3.634090351104736328e+03,3.508641776374743699e+02
3.639118748426437378e+03,3.508641776586948708e+02
3.644150189876556396e+03,3.508641782703105605e+02
3.649177745819091797e+03,3.508641775673373786e+02
3.654207964420318604e+03,3.508641773194098050e+02
3.659218669652938843e+03,3.508641775007500314e+02
3.664229737043380737e+03,3.508641788099860719e+02
3.669245090961456299e+03,3.508641778973675400e+02
3.674251978635787964e+03,3.508641783026798180e+02
3.679268663167953491e+03,3.508641787563689149e+02
3.684275388240814209e+03,3.508641777793241658e+02
3.689282999753952026e+03,3.508641785310479690e+02
3.694292555570602417e+03,3.508641787318028378e+02
3.699301964521408081e+03,3.508641787202026308e+02
3.704319016456604004e+03,3.508641788620301440e+02
3.709339218854904175e+03,3.508641791978056972e+02
3.714367050886154175e+03,3.508641800002786795e+02
3.719391929626464844e+03,3.508641791456898886e+02
3.724419480323791504e+03,3.508641799692207996e+02
3.729452950954437256e+03,3.508641798314735638e+02
3.734485637426376343e+03,3.508641798367891056e+02
3.739511271476745605e+03,3.508641797373021518e+02
3.744539934635162354e+03,3.508641798623859813e+02
3.749571167945861816e+03,3.508641805887563123e+02
3.754574180841445923e+03,3.508641799457434445e+02
3.759584708213806152e+03,3.508641807829637855e+02
3.764595174551010132e+03,3.508641805469753194e+02
3.769602686166763306e+03,3.508641806104916441e+02
3.774617145061492920e+03,3.508641805509187748e+02
3.779627662420272827e+03,3.508641809298347880e+02
3.784643441438674927e+03,3.508641811519858607e+02
3.789653371095657349e+03,3.508641811752241324e+02
3.794659711599349976e+03,3.508641819363494392e+02
3.799676833629608154e+03,3.508641818337954419e+02
3.804682556629180908e+03,3.508641821800451339e+02
3.809693622350692749e+03,3.508641821743335640e+02
3.814698662519454956e+03,3.508641825418466738e+02
3.819718137979507446e+03,3.508641831403613196e+02
3.824722695112228394e+03,3.508641830658773983e+02
3.829744410753250122e+03,3.508641832059411172e+02
3.834748367786407471e+03,3.508641836284456872e+02
3.839758245706558228e+03,3.508641839280303429e+02
3.844773638963699341e+03,3.508641839126269133e+02
3.849782660722732544e+03,3.508641842429735220e+02
3.854787948608398438e+03,3.508641838890105760e+02
3.859810918092727661e+03,3.508641847079081799e+02
3.864838948249816895e+03,3.508641839136009253e+02
3.869872480869293213e+03,3.508641847027139420e+02
3.874899627685546875e+03,3.508641850684164751e+02
3.879905992031097412e+03,3.508641848765233249e+02
3.884918625354766846e+03,3.508641858078232758e+02
3.889937305450439453e+03,3.508641851133392606e+02
3.894941635131835938e+03,3.508641854877175206e+02
3.899958507537841797e+03,3.508641860132807437e+02
3.904965267419815063e+03,3.508641857674198832e+02
3.909989627361297607e+03,3.508641866914603042e+02
3.914994951963424683e+03,3.508641858575207380e+02
3.920010706663131714e+03,3.508641860852267769e+02
3.925020440101623535e+03,3.508641860372711676e+02
3.930024881124496460e+03,3.508641863498729094e+02
3.935050871133804321e+03,3.508641866079808551e+02
3.940079225063323975e+03,3.508641868023199208e+02
3.945107817411422729e+03,3.508641862885153841e+02
3.950139972209930420e+03,3.508641862285643356e+02
3.955195324897766113e+03,3.508641867709357598e+02
3.960220098972320557e+03,3.508641875056534900e+02
3.965246830701828003e+03,3.508641872799937005e+02
3.970279630899429321e+03,3.508641873402011129e+02
3.975307664871215820e+03,3.508641872800219517e+02
3.980340074062347412e+03,3.508641876103463346e+02
3.985367978334426880e+03,3.508641874677488772e+02
3.990403483867645264e+03,3.508641870038675847e+02
3.995408153772354126e+03,3.508641871836879886e+02
4.000417214870452881e+03,3.508641871825694238e+02
4.005423124313354492e+03,3.508641871529909508e+02
4.010437662601470947e+03,3.508641876945612808e+02
4.015445168972015381e+03,3.508641874671681649e+02
4.020470028877258301e+03,3.508641883357932443e+02
4.025495766878128052e+03,3.508641871853739644e+02
4.030519976854324341e+03,3.508641881704567140e+02
4.035549636363983154e+03,3.508641876546428762e+02
4.040578153133392334e+03,3.508641880513025626e+02
4.045586536407470703e+03,3.508641875873288996e+02
4.050595959901809692e+03,3.508641881681039081e+02
4.055608155012130737e+03,3.508641875521423117e+02
4.060618663549423218e+03,3.508641880606962786e+02
4.065644161939620972e+03,3.508641875043431355e+02
4.070665093421936035e+03,3.508641875832440746e+02
4.075691727876663208e+03,3.508641878066657114e+02
4.080724402189254761e+03,3.508641880615175523e+02
4.085729877471923828e+03,3.508641888085644496e+02
4.090741362571716309e+03,3.508641876301254001e+02
4.095750951051712036e+03,3.508641883956872789e+02
4.100765610694885254e+03,3.508641881519824892e+02
4.105785671710968018e+03,3.508641887121776222e+02
4.110814421176910400e+03,3.508641885437577344e+02
4.115842676639556885e+03,3.508641888842486196e+02
4.120849648475646973e+03,3.508641889262815425e+02
4.125860459566116333e+03,3.508641887401279860e+02
4.130864833831787109e+03,3.508641881726721294e+02
4.135878121614456177e+03,3.508641880381314309e+02
4.140895671844482422e+03,3.508641880433298752e+02
4.145930175781250000e+03,3.508641885746244498e+02
4.150954150199890137e+03,3.508641886647849901e+02
4.155981050252914429e+03,3.508641888229024062e+02
4.161016446352005005e+03,3.508641881047619790e+02
4.166041283845901489e+03,3.508641888263172177e+02
4.171076622724533081e+03,3.508641887006454567e+02
4.176095715522766113e+03,3.508641890924647555e+02
4.181126029729843140e+03,3.508641883314307961e+02
4.186151828527450562e+03,3.508641888325716423e+02
4.191189217090606689e+03,3.508641890039974669e+02
4.196225528717041016e+03,3.508641886317363969e+02
4.201257235765457153e+03,3.508641893926941862e+02
4.206283519744873047e+03,3.508641890797383098e+02
4.211317564010620117e+03,3.508641890972728561e+02
4.216321549892425537e+03,3.508641893057898073e+02
4.221331395149230957e+03,3.508641888051599835e+02
4.226341694355010986e+03,3.508641891682663072e+02
4.231353341817855835e+03,3.508641897085948358e+02
4.236366664886474609e+03,3.508641890981056690e+02
4.241373536586761475e+03,3.508641892315101245e+02
4.246391608715057373e+03,3.508641889882903229e+02
4.251395180702209473e+03,3.508641889458215246e+02
4.256403387308120728e+03,3.508641889186164917e+02
4.261422046661376953e+03,3.508641891626661504e+02
4.266451580762863159e+03,3.508641894419732807e+02
4.271476661443710327e+03,3.508641894429049444e+02
4.276504552125930786e+03,3.508641893460870733e+02
4.281539307832717896e+03,3.508641895258066370e+02
4.286575556993484497e+03,3.508641898622207123e+02
4.291604065656661987e+03,3.508641901811141679e+02
4.296632918834686279e+03,3.508641907385230638e+02
4.301658426761627197e+03,3.508641900299432450e+02
4.306690949201583862e+03,3.508641902539275179e+02
4.311695203781127930e+03,3.508641903442531316e+02
4.316717956781387329e+03,3.508641898020471217e+02
4.321733932971954346e+03,3.508641899350925542e+02
4.326744898319244385e+03,3.508641902579680618e+02
4.331755086183547974e+03,3.508641906697603758e+02
4.336780974149703979e+03,3.508641895509825872e+02
4.341815661668777466e+03,3.508641900708794878e+02
4.346824457406997681e+03,3.508641900813208849e+02
4.351834751844406128e+03,3.508641905079828121e+02
4.356847285985946655e+03,3.508641911559553819e+02
4.361858801841735840e+03,3.508641907637150439e+02
4.366867003679275513e+03,3.508641904474575313e+02
4.371899094581604004e+03,3.508641903966706082e+02
4.376911198854446411e+03,3.508641907521317194e+02
4.381918050527572632e+03,3.508641901249771422e+02
4.386932538986206055e+03,3.508641903493517020e+02
4.391939985513687134e+03,3.508641905833409851e+02
4.396957640886306763e+03,3.508641892415795382e+02
4.401987411022186279e+03,3.508641904975293642e+02
4.406993873119354248e+03,3.508641896335225283e+02
4.412008663177490234e+03,3.508641896298546499e+02
4.417025067806243896e+03,3.508641896379003242e+02
4.422030445337295532e+03,3.508641903332149354e+02
4.427041057109832764e+03,3.508641905115158011e+02
4.432062427282333374e+03,3.508641892273190024e+02
4.437096630334854126e+03,3.508641891312723828e+02
4.442100909709930420e+03,3.508641896714549944e+02
4.447118704319000244e+03,3.508641885999178385e+02
4.452126960754394531e+03,3.508641903790020820e+02
4.457136717081069946e+03,3.508641885510638190e+02
4.462154188871383667e+03,3.508641888308603711e+02
4.467183586120605469e+03,3.508641896805660849e+02
4.472214181661605835e+03,3.508641890604645255e+02
4.477241984844207764e+03,3.508641895563318940e+02
4.482273968458175659e+03,3.508641882866538708e+02
4.487303032398223877e+03,3.508641887694810748e+02
4.492312502622604370e+03,3.508641893165109309e+02
4.497325592756271362e+03,3.508641895791715228e+02
4.502338859558105469e+03,3.508641892205244517e+02
4.507350967884063721e+03,3.508641888038002321e+02
4.512373558044433594e+03,3.508641894072263767e+02
4.517378054618835449e+03,3.508641895580708479e+02
4.522388078689575195e+03,3.508641883658319216e+02
4.527397083997726440e+03,3.508641890755176291e+02
4.532403371095657349e+03,3.508641892994283467e+02
4.537418143510818481e+03,3.508641888127592097e+02
4.542445291280746460e+03,3.508641881869803001e+02
4.547472941398620605e+03,3.508641886517372086e+02
4.552477456092834473e+03,3.508641890565135668e+02
4.557484620094299316e+03,3.508641885294366602e+02
4.562488891363143921e+03,3.508641887562526449e+02
4.567506681919097900e+03,3.508641887094780714e+02
4.572540401935577393e+03,3.508641885976318804e+02
4.577573182821273804e+03,3.508641881193616996e+02
4.582578851699829102e+03,3.508641883665173395e+02
4.587586666822433472e+03,3.508641884845615664e+02
4.592602667093276978e+03,3.508641881288719446e+02
4.597607681512832642e+03,3.508641879597364550e+02
4.602617969989776611e+03,3.508641877035295806e+02
4.607646104097366333e+03,3.508641880564294411e+02
4.612673542976379395e+03,3.508641881493050505e+02
4.617696882486343384e+03,3.508641872840434530e+02
4.622726316452026367e+03,3.508641875401154380e+02
4.627755137205123901e+03,3.508641874639415050e+02
4.632782575845718384e+03,3.508641880283710748e+02
4.637809078693389893e+03,3.508641877017840898e+02
4.642813319683074951e+03,3.508641876195493410e+02
4.647823843955993652e+03,3.508641874659771815e+02
4.652843564033508301e+03,3.508641874950998272e+02
4.657851526975631714e+03,3.508641871598449029e+02
4.662862349748611450e+03,3.508641875674700259e+02
4.667885496139526367e+03,3.508641869976810312e+02
4.672916774988174438e+03,3.508641868446304102e+02
4.677946784019470215e+03,3.508641870951636292e+02
4.682980650663375854e+03,3.508641874587153211e+02
4.688009680986404419e+03,3.508641871297363650e+02
4.693018594264984131e+03,3.508641864183476287e+02
4.698028663635253906e+03,3.508641866017616167e+02
4.703036297798156738e+03,3.508641871502090339e+02
4.708046978235244751e+03,3.508641869862332783e+02
4.713059748172760010e+03,3.508641865626581762e+02
4.718063777446746826e+03,3.508641869214453095e+02
4.723077739715576172e+03,3.508641864790697014e+02
4.728083961963653564e+03,3.508641864200319560e+02
4.733098664283752441e+03,3.508641866073485289e+02
4.738112200260162354e+03,3.508641864347363821e+02
4.743131154298782349e+03,3.508641863405185291e+02
4.748164241790771484e+03,3.508641869458365932e+02
4.753174241065979004e+03,3.508641860775864529e+02
4.758189669132232666e+03,3.508641868690674528e+02
4.763194777011871338e+03,3.508641868731175464e+02
4.768203257799148560e+03,3.508641869837684339e+02
4.773217664480209351e+03,3.508641865523028969e+02
4.778241285085678101e+03,3.508641874248561976e+02
4.783272420644760132e+03,3.508641868329025328e+02
4.788300910472869873e+03,3.508641868865896072e+02
4.793327219247817993e+03,3.508641866213627623e+02
4.798331414222717285e+03,3.508641866742755155e+02
4.803338736295700073e+03,3.508641873919314662e+02
4.808351953506469727e+03,3.508641869167121285e+02
4.813364840030670166e+03,3.508641872721940445e+02
4.818379863500595093e+03,3.508641872269594728e+02
4.823388703107833862e+03,3.508641868712918495e+02
4.828413907289505005e+03,3.508641871854549663e+02
4.833439707756042480e+03,3.508641878734837860e+02
4.838465661048889160e+03,3.508641873870176937e+02
4.843497037887573242e+03,3.508641872749123536e+02
4.848524888038635254e+03,3.508641876170631235e+02
4.853530967235565186e+03,3.508641873800493727e+02
4.858550010204315186e+03,3.508641883784765696e+02
4.863558695316314697e+03,3.508641877546313594e+02
4.868563555479049683e+03,3.508641883776176655e+02
4.873575574159622192e+03,3.508641877399498981e+02
4.878599060297012329e+03,3.508641883881291506e+02
4.883628086090087891e+03,3.508641878914088466e+02
4.888654781341552734e+03,3.508641878473776501e+02
4.893658580780029297e+03,3.508641879858575976e+02
4.898675312995910645e+03,3.508641886629131363e+02
4.903686923265457153e+03,3.508641884114220488e+02
4.908703331470489502e+03,3.508641883527524783e+02
4.913715595722198486e+03,3.508641888691796566e+02
4.918734487771987915e+03,3.508641885124090436e+02
4.923761964321136475e+03,3.508641879954915908e+02
4.928797682046890259e+03,3.508641891106452135e+02
4.933820949554443359e+03,3.508641885792584958e+02
4.938843732833862305e+03,3.508641883276746967e+02
4.943877749919891357e+03,3.508641891190360980e+02
4.948902988433837891e+03,3.508641890645413923e+02
4.953908667087554932e+03,3.508641890019524112e+02
4.958922612190246582e+03,3.508641887986257188e+02
4.963933912038803101e+03,3.508641897841648642e+02
4.968947674036026001e+03,3.508641888246640974e+02
4.973962035655975342e+03,3.508641896724942626e+02
4.978985662460327148e+03,3.508641896767015282e+02
4.983992691516876221e+03,3.508641899065238476e+02
4.989000243425369263e+03,3.508641899417417562e+02
4.994006953001022339e+03,3.508641894490971254e+02
4.999013743877410889e+03,3.508641894478134304e+02
5.004028067588806152e+03,3.508641896410821914e+02
5.009065186977386475e+03,3.508641904138669929e+02
5.014093186855316162e+03,3.508641900885822338e+02
5.019122316837310791e+03,3.508641898839136388e+02
5.024149427652359009e+03,3.508641900113024690e+02
5.029154983520507812e+03,3.508641898000440165e+02
5.034167243480682373e+03,3.508641896316787552e+02
5.039172651290893555e+03,3.508641892578829697e+02
5.044178868293762207e+03,3.508641895328948976e+02
5.049213351011276245e+03,3.508641903719143329e+02
5.054240206956863403e+03,3.508641904163704339e+02
5.059244923830032349e+03,3.508641898723760733e+02
5.064254935503005981e+03,3.508641897375217695e+02
5.069261738777160645e+03,3.508641900954805237e+02
5.074271866798400879e+03,3.508641900169304222e+02
5.079291826725006104e+03,3.508641896904007353e+02
5.084320276260375977e+03,3.508641898292017345e+02
5.089349568367004395e+03,3.508641898858340937e+02
5.094380582809448242e+03,3.508641898557096397e+02
5.099389346361160278e+03,3.508641890017187279e+02
5.104402609109878540e+03,3.508641901150172089e+02
5.109405816793441772e+03,3.508641894190353128e+02
5.114425646305084229e+03,3.508641903823563553e+02
5.119438343048095703e+03,3.508641899553048233e+02
5.124469390630722046e+03,3.508641896693663398e+02
5.129473537921905518e+03,3.508641900294299489e+02
5.134490325689315796e+03,3.508641896668975733e+02
5.139495662450790405e+03,3.508641897192769648e+02
5.144500701665878296e+03,3.508641899211327200e+02
5.149505237102508545e+03,3.508641902016620975e+02
5.154516823053359985e+03,3.508641892595069294e+02
5.159522490739822388e+03,3.508641892331893928e+02
5.164534068822860718e+03,3.508641902738069120e+02
5.169555661439895630e+03,3.508641894570059776e+02
5.174583655595779419e+03,3.508641894818612172e+02
5.179620997190475464e+03,3.508641885259391415e+02
5.184651700019836426e+03,3.508641887925505216e+02
5.189682758092880249e+03,3.508641887602103111e+02
5.194688411474227905e+03,3.508641895028401905e+02
5.199695199012756348e+03,3.508641891317825525e+02
5.204703393697738647e+03,3.508641886578828348e+02
5.209715960741043091e+03,3.508641893237821705e+02
5.214734007358551025e+03,3.508641886994179799e+02
5.219760744810104370e+03,3.508641894158552645e+02
5.224793800592422485e+03,3.508641889324782710e+02
5.229800142765045166e+03,3.508641887867538571e+02
5.234808703899383545e+03,3.508641887954796630e+02
5.239814706325531006e+03,3.508641894315425134e+02
5.244819281101226807e+03,3.508641889480067562e+02
5.249847149848937988e+03,3.508641889629459456e+02
5.254875569105148315e+03,3.508641891754518269e+02
5.259900619029998779e+03,3.508641887478647163e+02
5.264929952621459961e+03,3.508641892263319164e+02
5.269961763858795166e+03,3.508641889710718829e+02
5.274992458105087280e+03,3.508641882521417870e+02
5.280001552104949951e+03,3.508641884949428800e+02
5.285016286611557007e+03,3.508641886031196009e+02
5.290034217357635498e+03,3.508641883277823581e+02
5.295048264503479004e+03,3.508641892138932690e+02
5.300062910795211792e+03,3.508641886074248646e+02
5.305089949131011963e+03,3.508641888087150278e+02
5.310094417095184326e+03,3.508641886508331140e+02
5.315107839107513428e+03,3.508641886083619852e+02
5.320123396635055542e+03,3.508641891446434329e+02
5.325133659362792969e+03,3.508641892119397880e+02
5.330148048400878906e+03,3.508641889928169917e+02
5.335175235033035278e+03,3.508641887954901790e+02
5.340206773519515991e+03,3.508641884171012748e+02
5.345215846538543701e+03,3.508641883555666823e+02
5.350229824542999268e+03,3.508641886857280952e+02
5.355248890638351440e+03,3.508641885559509319e+02
5.360259929180145264e+03,3.508641885083675334e+02
5.365276695013046265e+03,3.508641894524931786e+02
5.370298285961151123e+03,3.508641887705767317e+02
5.375325009107589722e+03,3.508641888611545028e+02
5.380328710079193115e+03,3.508641889877800963e+02
5.385337184190750122e+03,3.508641886176123421e+02
5.390353892326354980e+03,3.508641882457502561e+02
5.395371551752090454e+03,3.508641876042750027e+02
5.400384738206863403e+03,3.508641883569270021e+02
5.405395477771759033e+03,3.508641891805522164e+02
5.410426242828369141e+03,3.508641884520354779e+02
5.415451625823974609e+03,3.508641884019165218e+02
5.420470724582672119e+03,3.508641890002734272e+02
5.425506951332092285e+03,3.508641888765204158e+02
5.430510945558547974e+03,3.508641897878325153e+02
5.435521946668624878e+03,3.508641896759776841e+02
5.440534732103347778e+03,3.508641903280365000e+02
5.445548976659774780e+03,3.508641899833262983e+02
5.450564947366714478e+03,3.508641901723978549e+02
5.455579667568206787e+03,3.508641901951466480e+02
5.460608194112777710e+03,3.508641896528110351e+02
5.465639075994491577e+03,3.508641898844501839e+02
5.470670058965682983e+03,3.508641893220706152e+02
5.475694720029830933e+03,3.508641901016661677e+02
5.480722504377365112e+03,3.508641890463406412e+02
5.485749439239501953e+03,3.508641898497739362e+02
5.490755367994308472e+03,3.508641899172996546e+02
5.495771189689636230e+03,3.508641907312633066e+02
5.500778363466262817e+03,3.508641908772844431e+02
5.505787166357040405e+03,3.508641912604280719e+02
5.510804874420166016e+03,3.508641903758360172e+02
5.515825053215026855e+03,3.508641909064827473e+02
5.520851948738098145e+03,3.508641908947553816e+02
5.525878918886184692e+03,3.508641910672327526e+02
5.530908516645431519e+03,3.508641910635412842e+02
5.535941233634948730e+03,3.508641905946189468e+02
5.540979936361312866e+03,3.508641912066746613e+02
5.546008732080459595e+03,3.508641909032203898e+02
5.551045662403106689e+03,3.508641911529620074e+02
5.556071898937225342e+03,3.508641909656732878e+02
5.561107921361923218e+03,3.508641910186480573e+02
5.566131841421127319e+03,3.508641914826594075e+02
5.571159666299819946e+03,3.508641918230970305e+02
5.576191784143447876e+03,3.508641918607519301e+02
5.581218153953552246e+03,3.508641915548196266e+02
5.586249896287918091e+03,3.508641927868013113e+02
5.591274728536605835e+03,3.508641921501401271e+02
5.596278529882431030e+03,3.508641918178966534e+02
5.601287662267684937e+03,3.508641914130416239e+02
5.606299015522003174e+03,3.508641921655569149e+02
5.611312945842742920e+03,3.508641921671810451e+02
5.616319868326187134e+03,3.508641923996880791e+02
5.621346952199935913e+03,3.508641917139688644e+02
5.626351953506469727e+03,3.508641926127212969e+02
5.631358666181564331e+03,3.508641921589350545e+02
5.636369872331619263e+03,3.508641921862677577e+02
5.641374578475952148e+03,3.508641922504815511e+02
5.646394474029541016e+03,3.508641919140480354e+02
5.651422599554061890e+03,3.508641923321247305e+02
5.656451576948165894e+03,3.508641920838373949e+02
5.661481225013732910e+03,3.508641927608417745e+02
5.666507683277130127e+03,3.508641915918825589e+02
5.671531831264495850e+03,3.508641923127316886e+02
5.676562492609024048e+03,3.508641926374596665e+02
5.681588932275772095e+03,3.508641922372590329e+02
5.686614215850830078e+03,3.508641933202062546e+02
5.691646380424499512e+03,3.508641934989425408e+02
5.696677433252334595e+03,3.508641930141025682e+02
5.701685661554336548e+03,3.508641933286831431e+02
5.706691164493560791e+03,3.508641929330038352e+02
5.711705356121063232e+03,3.508641930241355453e+02
5.716718064308166504e+03,3.508641929449549934e+02
5.721734016418457031e+03,3.508641919885342872e+02
5.726761287450790405e+03,3.508641930515425429e+02
5.731794950246810913e+03,3.508641933722447561e+02
5.736827998399734497e+03,3.508641923715584880e+02
5.741853683471679688e+03,3.508641923915176335e+02
5.746884753704071045e+03,3.508641923119714079e+02
5.751912292003631592e+03,3.508641924530529081e+02
5.756938947916030884e+03,3.508641925045261587e+02
5.761968905448913574e+03,3.508641926814748331e+02
5.767000233888626099e+03,3.508641919610701621e+02
5.772035661935806274e+03,3.508641913798026621e+02
5.777038920640945435e+03,3.508641919344802318e+02
5.782048741817474365e+03,3.508641918611614301e+02
5.787063153266906738e+03,3.508641924966022430e+02
5.792071282863616943e+03,3.508641920707596000e+02
5.797093898296356201e+03,3.508641918393896049e+02
5.802126874446868896e+03,3.508641917818825959e+02
5.807154629468917847e+03,3.508641922329340446e+02
5.812185189485549927e+03,3.508641920665461384e+02
5.817190616607666016e+03,3.508641928236776266e+02
5.822199803829193115e+03,3.508641923351913761e+02
5.827207662105560303e+03,3.508641928388918245e+02
5.832215506076812744e+03,3.508641924073336327e+02
5.837239781141281128e+03,3.508641922340974588e+02
5.842275460243225098e+03,3.508641923558044482e+02
5.847303334951400757e+03,3.508641921292588108e+02
5.852330780506134033e+03,3.508641928868095192e+02
5.857338473081588745e+03,3.508641926695285065e+02
5.862347045660018921e+03,3.508641921844071021e+02
5.867355319499969482e+03,3.508641926666517179e+02
5.872362154960632324e+03,3.508641926436618519e+02
5.877392001152038574e+03,3.508641926672264617e+02
5.882419743776321411e+03,3.508641937941151241e+02
5.887451280355453491e+03,3.508641937233999215e+02
5.892477970123291016e+03,3.508641935582154474e+02
5.897509685277938843e+03,3.508641935393353606e+02
5.902539498090744019e+03,3.508641934802452056e+02
5.907574834346771240e+03,3.508641936063933144e+02
5.912577667474746704e+03,3.508641934065464056e+02
5.917597216606140137e+03,3.508641942986690765e+02
5.922601955413818359e+03,3.508641944335373637e+02
5.927617662906646729e+03,3.508641936580030460e+02
5.932631927967071533e+03,3.508641942498717299e+02
5.937641409635543823e+03,3.508641947874495486e+02
5.942647165536880493e+03,3.508641940650373385e+02
5.947651954889297485e+03,3.508641948673563320e+02
5.952662314176559448e+03,3.508641946766530282e+02
5.957687150955200195e+03,3.508641946124328115e+02
5.962721015214920044e+03,3.508641950197031747e+02
5.967748227357864380e+03,3.508641950161344880e+02
5.972771248579025269e+03,3.508641941292507909e+02
5.977800099849700928e+03,3.508641942218766872e+02
5.982827696561813354e+03,3.508641947505931853e+02
5.987857793331146240e+03,3.508641950117927877e+02
5.992889884233474731e+03,3.508641950695785567e+02
5.997917847871780396e+03,3.508641950437793184e+02
6.002939571380615234e+03,3.508641953703767626e+02
6.007943036317825317e+03,3.508641953468916199e+02
6.012951827287673950e+03,3.508641961513061460e+02
6.017969676494598389e+03,3.508641957267886369e+02
6.022974765539169312e+03,3.508641962006075801e+02
6.027987663507461548e+03,3.508641955622879323e+02
6.033006667375564575e+03,3.508641955105492798e+02
6.038012592077255249e+03,3.508641963147999263e+02
6.043031919956207275e+03,3.508641963059514524e+02
6.048049485921859741e+03,3.508641962138038366e+02
6.053057986974716187e+03,3.508641963184377914e+02
6.058064140796661377e+03,3.508641963296461768e+02
6.063088697433471680e+03,3.508641963152375638e+02
6.068113288402557373e+03,3.508641957158250761e+02
6.073140502214431763e+03,3.508641968379250784e+02
6.078167917251586914e+03,3.508641960122368459e+02
6.083200484752655029e+03,3.508641972452845152e+02
6.088226635217666626e+03,3.508641959976285420e+02
6.093235663414001465e+03,3.508641962727274404e+02
6.098244234085083008e+03,3.508641957758658805e+02
6.103248868942260742e+03,3.508641969619026213e+02
6.108256186485290527e+03,3.508641968096482060e+02
6.113275660991668701e+03,3.508641970747177083e+02
6.118311604499816895e+03,3.508641968599889651e+02
6.123340733289718628e+03,3.508641974575270979e+02
6.128367663383483887e+03,3.508641969210357843e+02
6.133372586011886597e+03,3.508641971840447127e+02
6.138380504846572876e+03,3.508641969484066863e+02
6.143387773036956787e+03,3.508641967420048786e+02
6.148399063348770142e+03,3.508641969118798443e+02
6.153423693418502808e+03,3.508641978743985419e+02
6.158447470426559448e+03,3.508641969737309410e+02
6.163455447196960449e+03,3.508641971725958228e+02
6.168460282564163208e+03,3.508641973445181179e+02
6.173467132806777954e+03,3.508641976309915549e+02
6.178485016584396362e+03,3.508641971747561001e+02
6.183503282546997070e+03,3.508641969285069422e+02
6.188535622358322144e+03,3.508641968380167668e+02
6.193562152862548828e+03,3.508641974209322711e+02
6.198587823152542114e+03,3.508641971857477984e+02
6.203616143703460693e+03,3.508641965052765954e+02
6.208622482538223267e+03,3.508641965971231116e+02
6.213639917612075806e+03,3.508641966363552456e+02
6.218646731138229370e+03,3.508641965202226061e+02
6.223650416851043701e+03,3.508641966846238915e+02
6.228666675329208374e+03,3.508641962954482096e+02
6.233696506738662720e+03,3.508641967296233588e+02
6.238722993612289429e+03,3.508641964437229603e+02
6.243753586530685425e+03,3.508641960877514521e+02
6.248764244794845581e+03,3.508641950940654510e+02
6.253778629302978516e+03,3.508641960879735961e+02
6.258784435272216797e+03,3.508641961221209726e+02
6.263797327041625977e+03,3.508641957065917723e+02
6.268806545734405518e+03,3.508641952905886114e+02
6.273829158067703247e+03,3.508641955982463401e+02
6.278857583761215210e+03,3.508641953656333499e+02
6.283862321615219116e+03,3.508641951123809122e+02
6.288868998050689697e+03,3.508641946871203459e+02
6.293881261110305786e+03,3.508641949616833813e+02
6.298892325639724731e+03,3.508641948056235265e+02
6.303906826019287109e+03,3.508641944862341688e+02
6.308934988498687744e+03,3.508641949202105366e+02
6.313961367845535278e+03,3.508641940314691396e+02
6.318984569787979126e+03,3.508641938115928269e+02
6.324019217014312744e+03,3.508641935274488901e+02
6.329052649021148682e+03,3.508641935528232239e+02
6.334079327106475830e+03,3.508641935823976041e+02
6.339111745834350586e+03,3.508641932198567019e+02
6.344142556905746460e+03,3.508641942981133752e+02
6.349149974107742310e+03,3.508641935435769028e+02
6.354160193920135498e+03,3.508641933651749696e+02
6.359178110837936401e+03,3.508641931624403014e+02
6.364184816598892212e+03,3.508641932510603283e+02
6.369202395677566528e+03,3.508641924088923929e+02
6.374212917327880859e+03,3.508641933593805220e+02
6.379243023872375488e+03,3.508641930531853745e+02
6.384264645576477051e+03,3.508641925555346575e+02
6.389292954206466675e+03,3.508641927772055737e+02
6.394323929309844971e+03,3.508641927577078832e+02
6.399356655120849609e+03,3.508641935862507921e+02
6.404382594823837280e+03,3.508641927710118580e+02
6.409411192655563354e+03,3.508641930511416263e+02
6.414442187547683716e+03,3.508641925361314406e+02
6.419468936204910278e+03,3.508641928442360154e+02
6.424492989540100098e+03,3.508641930805765128e+02
6.429518060922622681e+03,3.508641929054562638e+02
6.434526220321655273e+03,3.508641926584525095e+02
6.439541186571121216e+03,3.508641919787115171e+02
6.444549060106277466e+03,3.508641929885008039e+02
6.449561411857604980e+03,3.508641928382540982e+02
6.454575661897659302e+03,3.508641922923991388e+02
6.459609659671783447e+03,3.508641929310335286e+02
6.464635661125183105e+03,3.508641924552720184e+02
6.469663440942764282e+03,3.508641927006335095e+02
6.474690934658050537e+03,3.508641926560093225e+02
6.479717685222625732e+03,3.508641927545491512e+02
6.484746252775192261e+03,3.508641927853240077e+02
6.489780796527862549e+03,3.508641930615526121e+02
6.494810951471328735e+03,3.508641934473809556e+02
6.499848681688308716e+03,3.508641925776217931e+02
6.504875660657882690e+03,3.508641930290602886e+02
6.509905943393707275e+03,3.508641937386744303e+02
6.514933584213256836e+03,3.508641932357717224e+02
6.519943021059036255e+03,3.508641930024732005e+02
6.524948663711547852e+03,3.508641929170417484e+02
6.529965107202529907e+03,3.508641936874164458e+02
6.534974102973937988e+03,3.508641930989088564e+02
6.539989079475402832e+03,3.508641938447887583e+02
6.545021672964096069e+03,3.508641934920541416e+02
6.550045294761657715e+03,3.508641932106576746e+02
6.555079541921615601e+03,3.508641933099589210e+02
6.560084133386611938e+03,3.508641932822759486e+02
6.565096664190292358e+03,3.508641938096434956e+02
6.570101416826248169e+03,3.508641942114541052e+02
6.575104620218276978e+03,3.508641943899552302e+02
6.580130132675170898e+03,3.508641940547451554e+02
6.585168948173522949e+03,3.508641937264859507e+02
6.590191574811935425e+03,3.508641938763240091e+02
6.595201244592666626e+03,3.508641932292741217e+02
6.600217056035995483e+03,3.508641934115265713e+02
6.605228662729263306e+03,3.508641944037997860e+02
6.610241358757019043e+03,3.508641939426569820e+02
6.615250477790832520e+03,3.508641944829996646e+02
6.620259436845779419e+03,3.508641941960303825e+02
6.625286709070205688e+03,3.508641943687131288e+02
6.630315876722335815e+03,3.508641943293602594e+02
6.635344387292861938e+03,3.508641949573909073e+02
6.640372498273849487e+03,3.508641948183559407e+02
6.645398947238922119e+03,3.508641941694939987e+02
6.650413765192031860e+03,3.508641943759292303e+02
6.655427181482315063e+03,3.508641949680253447e+02
6.660443210124969482e+03,3.508641944518068954e+02
6.665451859235763550e+03,3.508641948634932533e+02
6.670462963104248047e+03,3.508641956305143026e+02
6.675490770339965820e+03,3.508641949352037841e+02
6.680522827625274658e+03,3.508641945949798924e+02
6.685528047561645508e+03,3.508641948423285157e+02
6.690536767244338989e+03,3.508641949083041709e+02
6.695541751861572266e+03,3.508641959083358870e+02
6.700549301624298096e+03,3.508641957947443188e+02
6.705573216199874878e+03,3.508641956037138243e+02
6.710609775543212891e+03,3.508641958310406608e+02
6.715630852699279785e+03,3.508641964787279903e+02
6.720658388614654541e+03,3.508641965030174106e+02
6.725664230346679688e+03,3.508641962853287737e+02
6.730681324481964111e+03,3.508641970370609329e+02
6.735687316894531250e+03,3.508641961129107472e+02
6.740690949440002441e+03,3.508641968397619166e+02
6.745706623554229736e+03,3.508641965334668953e+02
6.750715661764144897e+03,3.508641965562687233e+02
6.755730369567871094e+03,3.508641965732175549e+02
6.760735213518142700e+03,3.508641973232026885e+02
6.765743229389190674e+03,3.508641972967258766e+02
6.770758808135986328e+03,3.508641971047459833e+02
6.775785893917083740e+03,3.508641968595514982e+02
6.780818947792053223e+03,3.508641972935438389e+02
6.785848253965377808e+03,3.508641971899511987e+02
6.790871736526489258e+03,3.508641973189212422e+02
6.795907065629959106e+03,3.508641976793603021e+02
6.800934663057327271e+03,3.508641971650257005e+02
6.805962180137634277e+03,3.508641977289794340e+02
6.810987770795822144e+03,3.508641977569254209e+02
6.816020879745483398e+03,3.508641979225670866e+02
6.821025022029876709e+03,3.508641976201623720e+02
6.826031419038772583e+03,3.508641973686908386e+02
6.831045243024826050e+03,3.508641980353095846e+02
6.836055661678314209e+03,3.508641978926972911e+02
6.841078711748123169e+03,3.508641977090035766e+02
6.846115515470504761e+03,3.508641983072321295e+02
6.851142106771469116e+03,3.508641976749810283e+02
6.856152065038681030e+03,3.508641977095397237e+02
6.861160205602645874e+03,3.508641969201369761e+02
6.866163515329360962e+03,3.508641978257988399e+02
6.871174216985702515e+03,3.508641979335689030e+02
6.876199614763259888e+03,3.508641982171147902e+02
6.881227896451950073e+03,3.508641979632325842e+02
6.886253617286682129e+03,3.508641988741922546e+02
6.891282357215881348e+03,3.508641978546968403e+02
6.896312223196029663e+03,3.508641987881737236e+02
6.901343452692031860e+03,3.508641975775879587e+02
6.906366663455963135e+03,3.508641983678388101e+02
6.911389779329299927e+03,3.508641981034318178e+02
6.916409525394439697e+03,3.508641980922508310e+02
6.921437116622924805e+03,3.508641987049857107e+02
6.926463031291961670e+03,3.508641986173028045e+02
6.931492911577224731e+03,3.508641985270776331e+02
6.936499102115631104e+03,3.508641987415421681e+02
6.941506225109100342e+03,3.508641992538917975e+02
6.946515058040618896e+03,3.508641983666271926e+02
6.951518290758132935e+03,3.508641982843380447e+02
6.956548694849014282e+03,3.508641994594883045e+02
6.961580546379089355e+03,3.508641996681770365e+02
6.966611298084259033e+03,3.508641993132257539e+02
6.971639949083328247e+03,3.508641986819340559e+02
6.976665661334991455e+03,3.508641991444303585e+02
6.981690364122390747e+03,3.508641989560557590e+02
6.986714483499526978e+03,3.508641988342585023e+02
6.991744458436965942e+03,3.508641984501683737e+02
6.996768499612808228e+03,3.508641987822516057e+02
7.001798318862915039e+03,3.508641992728214518e+02
7.006831101894378662e+03,3.508641990530647945e+02
7.011859401226043701e+03,3.508641990558313637e+02
7.016891307115554810e+03,3.508641990277660057e+02
7.021918947219848633e+03,3.508641988347055758e+02
7.026943839311599731e+03,3.508641991923688011e+02
7.031948021173477173e+03,3.508641983177143970e+02
7.036954941749572754e+03,3.508641990027102793e+02
7.041968767881393433e+03,3.508641991014076211e+02
7.046982465744018555e+03,3.508641982357536335e+02
7.051995661735534668e+03,3.508641985190677133e+02
7.057003444671630859e+03,3.508641988282359421e+02
7.062008920669555664e+03,3.508641984853616691e+02
7.067021918296813965e+03,3.508641983966006705e+02
7.072031954765319824e+03,3.508641984729870273e+02
7.077051499605178833e+03,3.508641984076585913e+02
7.082078259229660034e+03,3.508641984719591278e+02
7.087105662822723389e+03,3.508641984327068712e+02
7.092141090393066406e+03,3.508641977839541255e+02
7.097167446851730347e+03,3.508641985208618621e+02
7.102195670604705811e+03,3.508641987219662610e+02
7.107221887350082397e+03,3.508641981268619929e+02
7.112244836807250977e+03,3.508641979479734232e+02
7.117274063110351562e+03,3.508641975660356707e+02
7.122301320075988770e+03,3.508641985616669672e+02
7.127332534790039062e+03,3.508641989638688869e+02
7.132358268022537231e+03,3.508641983907774033e+02
7.137391480207443237e+03,3.508641981500196039e+02
7.142410900831222534e+03,3.508641983883775310e+02
7.147443871021270752e+03,3.508641973721861405e+02
7.152473066091537476e+03,3.508641970046295455e+02
7.157508166313171387e+03,3.508641974973425590e+02
7.162515660285949707e+03,3.508641977430193037e+02
7.167526060581207275e+03,3.508641980623650625e+02
7.172536041259765625e+03,3.508641974307828946e+02
7.177549109220504761e+03,3.508641975726374085e+02
7.182564559698104858e+03,3.508641977160854708e+02
7.187569460391998291e+03,3.508641977193659045e+02
7.192584784269332886e+03,3.508641980986591307e+02
7.197590491533279419e+03,3.508641976144530190e+02
7.202606183767318726e+03,3.508641973058648205e+02
7.207624922990798950e+03,3.508641978724489832e+02
7.212636689424514771e+03,3.508641975302506921e+02
7.217644623756408691e+03,3.508641972087402223e+02
7.222648663997650146e+03,3.508641972430016267e+02
7.227657384634017944e+03,3.508641973061945691e+02
7.232670951604843140e+03,3.508641974932917833e+02
7.237694090366363525e+03,3.508641973019040279e+02
7.242722802877426147e+03,3.508641976164386733e+02
7.247753269195556641e+03,3.508641969234250269e+02
7.252784099102020264e+03,3.508641980631024353e+02
7.257809681415557861e+03,3.508641978285830305e+02
7.262836806535720825e+03,3.508641969863876398e+02
7.267842589855194092e+03,3.508641976622067205e+02
7.272855100631713867e+03,3.508641978730149162e+02
7.277862015962600708e+03,3.508641979144987886e+02
7.282873378992080688e+03,3.508641976563772573e+02
7.287891205072402954e+03,3.508641971029357478e+02
7.292929532051086426e+03,3.508641969779929468e+02
7.297935026407241821e+03,3.508641978811903073e+02
7.302941289901733398e+03,3.508641974252064415e+02
7.307955336332321167e+03,3.508641981897765731e+02
7.312969949007034302e+03,3.508641979320425435e+02
7.317998461961746216e+03,3.508641981549837396e+02
7.323024617433547974e+03,3.508641979161210998e+02
7.328056530714035034e+03,3.508641981842441169e+02
7.333080305576324463e+03,3.508641969756148455e+02
7.338101102113723755e+03,3.508641978506870487e+02
7.343106379270553589e+03,3.508641978626666287e+02
7.348121414661407471e+03,3.508641978996715238e+02
7.353131952524185181e+03,3.508641978916073185e+02
7.358141948699951172e+03,3.508641982930983545e+02
7.363158827066421509e+03,3.508641984764888662e+02
7.368175660371780396e+03,3.508641986137471918e+02
7.373180531263351440e+03,3.508641983933962365e+02
7.378196644306182861e+03,3.508641984720685514e+02
7.383205647706985474e+03,3.508641989319873460e+02
7.388215224266052246e+03,3.508641987382478078e+02
7.393226903438568115e+03,3.508641986613259292e+02
7.398254309415817261e+03,3.508641988800136460e+02
7.403279983282089233e+03,3.508641992391752069e+02
7.408310299396514893e+03,3.508641989962098933e+02
7.413338018894195557e+03,3.508641989198333135e+02
7.418344668388366699e+03,3.508641989085255659e+02
7.423359418630599976e+03,3.508641985830289514e+02
7.428372423648834229e+03,3.508641984658965498e+02
7.433385423421859741e+03,3.508641991073544091e+02
7.438397202014923096e+03,3.508641978403905455e+02
7.443410063743591309e+03,3.508641981448907359e+02
7.448438170671463013e+03,3.508641984669313842e+02
7.453472945451736450e+03,3.508641985311878670e+02
7.458504997014999390e+03,3.508641974740402816e+02
7.463513991832733154e+03,3.508641978844987079e+02
7.468526882648468018e+03,3.508641974863017481e+02
7.473544378995895386e+03,3.508641976069740167e+02
7.478548694610595703e+03,3.508641982537284889e+02
7.483560550689697266e+03,3.508641977461554688e+02
7.488587253093719482e+03,3.508641977253910227e+02
7.493616239786148071e+03,3.508641979066027830e+02
7.498645007848739624e+03,3.508641976471659518e+02
7.503677505731582642e+03,3.508641974687089942e+02
7.508709369421005249e+03,3.508641972921139995e+02
7.513734588623046875e+03,3.508641969035996340e+02
7.518767992019653320e+03,3.508641970365724774e+02
7.523793636560440063e+03,3.508641970187757124e+02
7.528826871633529663e+03,3.508641970330718323e+02
7.533851222753524780e+03,3.508641962918208606e+02
7.538881857872009277e+03,3.508641965753722047e+02
7.543916420459747314e+03,3.508641962203647608e+02
7.548947410106658936e+03,3.508641964979697150e+02
7.553975661754608154e+03,3.508641963810091511e+02
7.559006278991699219e+03,3.508641965113680499e+02
7.564011501073837280e+03,3.508641963431108479e+02
7.569020282268524170e+03,3.508641959998868174e+02
7.574031385421752930e+03,3.508641952345560640e+02
7.579044423580169678e+03,3.508641954907491822e+02
7.584051482200622559e+03,3.508641962018819527e+02
7.589077370882034302e+03,3.508641958826518703e+02
7.594102950572967529e+03,3.508641958615228305e+02
7.599126957654953003e+03,3.508641954170910822e+02
7.604156661987304688e+03,3.508641952930587422e+02
7.609161375761032104e+03,3.508641959847135467e+02
7.614174074172973633e+03,3.508641956786245260e+02
7.619179948329925537e+03,3.508641962641501664e+02
7.624190055847167969e+03,3.508641966099449405e+02
7.629217679977416992e+03,3.508641959834017712e+02
7.634242959499359131e+03,3.508641959523552600e+02
7.639271659612655640e+03,3.508641959695888204e+02
7.644304563283920288e+03,3.508641958292130312e+02
7.649334475517272949e+03,3.508641955631927090e+02
7.654358893394470215e+03,3.508641957391873234e+02
7.659388948202133179e+03,3.508641958139406825e+02
7.664393656492233276e+03,3.508641958046493414e+02
7.669406118869781494e+03,3.508641962763054494e+02
7.674424718856811523e+03,3.508641955257731979e+02
7.679441613197326660e+03,3.508641967364467291e+02
7.684450897216796875e+03,3.508641963974128544e+02
7.689474247217178345e+03,3.508641962136705388e+02
7.694503748416900635e+03,3.508641959517045166e+02
7.699532592058181763e+03,3.508641954517775048e+02
7.704556662797927856e+03,3.508641960918609470e+02
7.709587916612625122e+03,3.508641956381044338e+02
7.714620949268341064e+03,3.508641960522314207e+02
7.719644575595855713e+03,3.508641959078084938e+02
7.724652965784072876e+03,3.508641961082573744e+02
7.729668836355209351e+03,3.508641963041295071e+02
7.734683862924575806e+03,3.508641960080571494e+02
7.739697223186492920e+03,3.508641964920519172e+02
7.744712484121322632e+03,3.508641960015153245e+02
7.749728900194168091e+03,3.508641968086786846e+02
7.754745660781860352e+03,3.508641964230362760e+02
7.759771452188491821e+03,3.508641966970494650e+02
7.764799687385559082e+03,3.508641963996029176e+02
7.769824847221374512e+03,3.508641964654051435e+02
7.774831279039382935e+03,3.508641970914983403e+02
7.779845656394958496e+03,3.508641972321119056e+02
7.784860949277877808e+03,3.508641968422499531e+02
7.789867177486419678e+03,3.508641972090284185e+02
7.794882468938827515e+03,3.508641968308580772e+02
7.799909667968750000e+03,3.508641968750901015e+02
7.804934564352035522e+03,3.508641969038641264e+02
7.809938663482666016e+03,3.508641970557027889e+02
7.814946206808090210e+03,3.508641975570716909e+02
7.819950731277465820e+03,3.508641964128992754e+02
7.824969654083251953e+03,3.508641974668938701e+02
7.829997489452362061e+03,3.508641974782053694e+02
7.835023772954940796e+03,3.508641975576384766e+02
7.840054107666015625e+03,3.508641970681889575e+02
7.845078635931015015e+03,3.508641980118597985e+02
7.850105511426925659e+03,3.508641967415871363e+02
7.855132140159606934e+03,3.508641979962399660e+02
7.860138261795043945e+03,3.508641975809692894e+02
7.865152103185653687e+03,3.508641977111988695e+02
7.870167663812637329e+03,3.508641984650798236e+02
7.875181836366653442e+03,3.508641980344208378e+02
7.880187302827835083e+03,3.508641983669293154e+02
7.885205455303192139e+03,3.508641979910254349e+02
7.890239652872085571e+03,3.508641972560865270e+02
7.895269534826278687e+03,3.508641981908697289e+02
7.900294099807739258e+03,3.508641980690404694e+02
7.905328048467636108e+03,3.508641986895786999e+02
7.910356642007827759e+03,3.508641983782932812e+02
7.915378668546676636e+03,3.508641982465617275e+02
7.920416205644607544e+03,3.508641979836200449e+02
7.925438911676406860e+03,3.508641977407560830e+02
7.930465507984161377e+03,3.508641982872042604e+02
7.935492643594741821e+03,3.508641985055716077e+02
7.940500848531723022e+03,3.508641987632701671e+02
7.945515645742416382e+03,3.508641984170106412e+02
7.950526586294174194e+03,3.508641982068904213e+02
7.955537728071212769e+03,3.508641984048944096e+02
7.960550214052200317e+03,3.508641976400388103e+02
7.965574955940246582e+03,3.508641980450976803e+02
7.970601594209671021e+03,3.508641985706739206e+02
7.975628776788711548e+03,3.508641981187330430e+02
7.980665655851364136e+03,3.508641988046054507e+02
7.985692895889282227e+03,3.508641985316811542e+02
7.990714022397994995e+03,3.508641982045948566e+02
7.995744752407073975e+03,3.508641987230349173e+02
8.000774978399276733e+03,3.508641989683545717e+02
8.005803715705871582e+03,3.508641989468839597e+02
8.010833185911178589e+03,3.508641986126183951e+02
8.015859992265701294e+03,3.508641987797878414e+02
8.020890172243118286e+03,3.508641983146481493e+02
8.025922800064086914e+03,3.508641984496889563e+02
8.030952914237976074e+03,3.508641987619124620e+02
8.035958898305892944e+03,3.508641984487406944e+02
8.040969339609146118e+03,3.508641983346511211e+02
8.045980418682098389e+03,3.508641996011954802e+02
8.050997663497924805e+03,3.508641992619718621e+02
8.056010117530822754e+03,3.508641993864630422e+02
8.061034531593322754e+03,3.508641997020940835e+02
8.066066063165664673e+03,3.508641987320834232e+02
8.071091113328933716e+03,3.508641983183986781e+02
8.076122790098190308e+03,3.508641986396043535e+02
8.081150071144104004e+03,3.508641991555317645e+02
8.086186359882354736e+03,3.508641989843190458e+02
8.091212753295898438e+03,3.508641991144664871e+02
8.096237943410873413e+03,3.508641985160826380e+02
8.101268660306930542e+03,3.508641985018750802e+02
8.106306507587432861e+03,3.508641975337009740e+02
8.111339687585830688e+03,3.508641989263983874e+02
8.116377619028091431e+03,3.508641990758250131e+02
8.121400846242904663e+03,3.508641990560225850e+02
8.126403808355331421e+03,3.508641989424247072e+02
8.131423328638076782e+03,3.508641981972369308e+02
8.136431261539459229e+03,3.508641987231866892e+02
8.141437664985656738e+03,3.508641981875287001e+02
8.146453936338424683e+03,3.508641987931361541e+02
8.151482016324996948e+03,3.508641986824706009e+02
8.156512950181961060e+03,3.508641985755741644e+02
8.161516081571578979e+03,3.508641981308368827e+02
8.166527221202850342e+03,3.508641982655227594e+02
8.171536535978317261e+03,3.508641989825320024e+02
8.176548431158065796e+03,3.508641990143389648e+02
8.181573954343795776e+03,3.508641981370618623e+02
8.186605714797973633e+03,3.508641984474389233e+02
8.191635233163833618e+03,3.508641985410864095e+02
8.196664509057998657e+03,3.508641979595006433e+02
8.201694669961929321e+03,3.508641989626890449e+02
8.206724573373794556e+03,3.508641983362929864e+02
8.211751752614974976e+03,3.508641987938878515e+02
8.216786681175231934e+03,3.508641983692936037e+02
8.221797664880752563e+03,3.508641983471666208e+02
8.226814910173416138e+03,3.508641980528738600e+02
8.231824908494949341e+03,3.508641987321824445e+02
8.236835626125335693e+03,3.508641979695640885e+02
8.241855249166488647e+03,3.508641976510049290e+02
8.246863035202026367e+03,3.508641980784997827e+02
8.251881543636322021e+03,3.508641975218959033e+02
8.256887456655502319e+03,3.508641978165786668e+02
8.261901429414749146e+03,3.508641969005935835e+02
8.266911951780319214e+03,3.508641973898672290e+02
8.271922301769256592e+03,3.508641974588819039e+02
8.276948947906494141e+03,3.508641973537194758e+02
8.281975162506103516e+03,3.508641969911404317e+02
8.287006564378738403e+03,3.508641963709849847e+02
8.292034812927246094e+03,3.508641969990437133e+02
8.297067982196807861e+03,3.508641974710137106e+02
8.302100811004638672e+03,3.508641966059356037e+02
8.307132734537124634e+03,3.508641960720868838e+02
8.312158947229385376e+03,3.508641965868989132e+02
8.317164546251296997e+03,3.508641961667145210e+02
8.322182179212570190e+03,3.508641961041006425e+02
8.327190419673919678e+03,3.508641959201722784e+02
8.332206212759017944e+03,3.508641951827499383e+02
8.337213898181915283e+03,3.508641959033358830e+02
8.342228703498840332e+03,3.508641954744028908e+02
8.347255661249160767e+03,3.508641951736094597e+02
8.352285427570343018e+03,3.508641956569471176e+02
8.357312339305877686e+03,3.508641953836512926e+02
8.362346003770828247e+03,3.508641948638341432e+02
8.367375954866409302e+03,3.508641955593691364e+02
8.372411056995391846e+03,3.508641950866488060e+02
8.377437839269638062e+03,3.508641949729858993e+02
8.382463490486145020e+03,3.508641945525638448e+02
8.387468662977218628e+03,3.508641949699592715e+02
8.392473764181137085e+03,3.508641942556049003e+02
8.397481668710708618e+03,3.508641938162176643e+02
8.402488593816757202e+03,3.508641942767986279e+02
8.407516935110092163e+03,3.508641939823639859e+02
8.412544486761093140e+03,3.508641939980208804e+02
8.417574667692184448e+03,3.508641936071799137e+02
8.422606665134429932e+03,3.508641937984717174e+02
8.427613984107971191e+03,3.508641935545466026e+02
8.432630038738250732e+03,3.508641937826561161e+02
8.437636288404464722e+03,3.508641933962551320e+02
8.442651460886001587e+03,3.508641936758693873e+02
8.447674927711486816e+03,3.508641939671135219e+02
8.452681484699249268e+03,3.508641938901214985e+02
8.457688664674758911e+03,3.508641938210672606e+02
8.462703681230545044e+03,3.508641934225863679e+02
8.467714598417282104e+03,3.508641936700931865e+02
8.472733665943145752e+03,3.508641929977704876e+02
8.477764496564865112e+03,3.508641931773552187e+02
8.482794840097427368e+03,3.508641928561042960e+02
8.487818580389022827e+03,3.508641931014979605e+02
8.492847761869430542e+03,3.508641936375165642e+02
8.497874092817306519e+03,3.508641934785767376e+02
8.502907111167907715e+03,3.508641934498829187e+02
8.507931434154510498e+03,3.508641934822845769e+02
8.512955830097198486e+03,3.508641935752817744e+02
8.517990551710128784e+03,3.508641933013555558e+02
8.522995294332504272e+03,3.508641935910095526e+02
8.528011663675308228e+03,3.508641937076442332e+02
8.533030716896057129e+03,3.508641937667184720e+02
8.538044971704483032e+03,3.508641933040758545e+02
8.543057664394378662e+03,3.508641932392102945e+02
8.548074378967285156e+03,3.508641931582259303e+02
8.553100424051284790e+03,3.508641929420484189e+02
8.558106774568557739e+03,3.508641930359790422e+02
8.563114604234695435e+03,3.508641931988977376e+02
8.568122578620910645e+03,3.508641928520449369e+02
8.573128670930862427e+03,3.508641928181678509e+02
8.578153413772583008e+03,3.508641921032204323e+02
8.583183106899261475e+03,3.508641923232295881e+02
8.588215717315673828e+03,3.508641926174279888e+02
8.593220281600952148e+03,3.508641924951664919e+02
8.598227930784225464e+03,3.508641931447628508e+02
8.603239813566207886e+03,3.508641930016352717e+02
8.608247623682022095e+03,3.508641915606044677e+02
8.613261686563491821e+03,3.508641930949904122e+02
8.618289418935775757e+03,3.508641923931955944e+02
8.623316996812820435e+03,3.508641925885523278e+02
8.628353202342987061e+03,3.508641925675350421e+02
8.633359948396682739e+03,3.508641926451628024e+02
8.638367340326309204e+03,3.508641924749588270e+02
8.643381454467773438e+03,3.508641921092639677e+02
8.648393649101257324e+03,3.508641916439678994e+02
8.653407461166381836e+03,3.508641918129834494e+02
8.658436465740203857e+03,3.508641920926833677e+02
8.663465322256088257e+03,3.508641924666433169e+02
8.668495660543441772e+03,3.508641928831391397e+02
8.673523514986038208e+03,3.508641927467870119e+02
8.678550845861434937e+03,3.508641918806445688e+02
8.683581237316131592e+03,3.508641914646576083e+02
8.688607983112335205e+03,3.508641923887716416e+02
8.693638935327529907e+03,3.508641921610743566e+02
8.698668470859527588e+03,3.508641913427984491e+02
8.703678669214248657e+03,3.508641910591312012e+02
8.708695145845413208e+03,3.508641911467670980e+02
8.713708663702011108e+03,3.508641917446287266e+02
8.718721887588500977e+03,3.508641913967136361e+02
8.723736260890960693e+03,3.508641911951428369e+02
8.728755415201187134e+03,3.508641916646830623e+02
8.733778265237808228e+03,3.508641914107421940e+02
8.738804584980010986e+03,3.508641908663674371e+02
8.743832783222198486e+03,3.508641911498269224e+02
8.748840116500854492e+03,3.508641913052196060e+02
8.753849367856979370e+03,3.508641915339671300e+02
8.758855328559875488e+03,3.508641908489823891e+02
8.763872418165206909e+03,3.508641917960876526e+02
8.768880482912063599e+03,3.508641908463556547e+02
8.773905653715133667e+03,3.508641908613427631e+02
8.778929094791412354e+03,3.508641907765785959e+02
8.783959249734878540e+03,3.508641908239797544e+02
8.788986117601394653e+03,3.508641908084021566e+02
8.794024131774902344e+03,3.508641908527797568e+02
8.799048947334289551e+03,3.508641900581739037e+02
8.804068540811538696e+03,3.508641905433760826e+02
8.809074249982833862e+03,3.508641905832132011e+02
8.814083551406860352e+03,3.508641902113749893e+02
8.819100348472595215e+03,3.508641907097948547e+02
8.824113103151321411e+03,3.508641900524942798e+02
8.829130329132080078e+03,3.508641906679497424e+02
8.834159649133682251e+03,3.508641900079118159e+02
8.839185216665267944e+03,3.508641901889837982e+02
8.844210022211074829e+03,3.508641895527419479e+02
8.849218253612518311e+03,3.508641900760875956e+02
8.854231351137161255e+03,3.508641900321683238e+02
8.859236766099929810e+03,3.508641901148184274e+02
8.864254566192626953e+03,3.508641896935218369e+02
8.869262977123260498e+03,3.508641894587223646e+02
8.874284956932067871e+03,3.508641893060871553e+02
8.879315661907196045e+03,3.508641894954979534e+02
8.884348635911941528e+03,3.508641896122321668e+02
8.889378873109817505e+03,3.508641893488601227e+02
8.894404571056365967e+03,3.508641898269610806e+02
8.899408085107803345e+03,3.508641897989810445e+02
8.904424391269683838e+03,3.508641897764866258e+02
8.909437289237976074e+03,3.508641889168492867e+02
8.914444235563278198e+03,3.508641892918606686e+02
8.919450355768203735e+03,3.508641901949949897e+02
8.924469052076339722e+03,3.508641892757864298e+02
8.929496664524078369e+03,3.508641893617561323e+02
8.934528383493423462e+03,3.508641892657188350e+02
8.939534419536590576e+03,3.508641891097825010e+02
8.944540824174880981e+03,3.508641895635821015e+02
8.949546638011932373e+03,3.508641890893113668e+02
8.954552310228347778e+03,3.508641890561924015e+02
8.959584420442581177e+03,3.508641892002984264e+02
8.964587763786315918e+03,3.508641886681092501e+02
8.969600476026535034e+03,3.508641896026968539e+02
8.974606931924819946e+03,3.508641888688213726e+02
8.979623387813568115e+03,3.508641888519135819e+02
8.984641890048980713e+03,3.508641896597527534e+02
8.989664787769317627e+03,3.508641886499240172e+02
8.994694260835647583e+03,3.508641888222289822e+02
8.999720737218856812e+03,3.508641888754897309e+02
9.004746664047241211e+03,3.508641889515144499e+02
9.009777072429656982e+03,3.508641881861455545e+02
9.014803916931152344e+03,3.508641885266092117e+02
9.019829964160919189e+03,3.508641883788286009e+02
9.024859506130218506e+03,3.508641883838950548e+02
9.029893945455551147e+03,3.508641881826684426e+02
9.034901790380477905e+03,3.508641884457738342e+02
9.039918670177459717e+03,3.508641880879246173e+02
9.044925216674804688e+03,3.508641883441437699e+02
9.049933219194412231e+03,3.508641884088333427e+02
9.054956875085830688e+03,3.508641873930064321e+02
9.059991768360137939e+03,3.508641886627724489e+02
9.065015671491622925e+03,3.508641877551654034e+02
9.070046654462814331e+03,3.508641870251206001e+02
9.075078947544097900e+03,3.508641870327388688e+02
9.080107457876205444e+03,3.508641871980534006e+02
9.085135661363601685e+03,3.508641869928773076e+02
9.090167350053787231e+03,3.508641868737281015e+02
9.095172657251358032e+03,3.508641872617467925e+02
9.100183234930038452e+03,3.508641875111458717e+02
9.105192337989807129e+03,3.508641878301905308e+02
9.110204982042312622e+03,3.508641867840842679e+02
9.115231534004211426e+03,3.508641875144421647e+02
9.120256576538085938e+03,3.508641873554484505e+02
9.125290411233901978e+03,3.508641867785291879e+02
9.130299647808074951e+03,3.508641872165470090e+02
9.135318947076797485e+03,3.508641873535688092e+02
9.140322937250137329e+03,3.508641875353522437e+02
9.145337841987609863e+03,3.508641869694803290e+02
9.150342517137527466e+03,3.508641875168519277e+02
9.155366562366485596e+03,3.508641862136752820e+02
9.160390665054321289e+03,3.508641863035979327e+02
9.165420391798019409e+03,3.508641868538085191e+02
9.170447959899902344e+03,3.508641863485413523e+02
9.175468667745590210e+03,3.508641860566073092e+02
9.180501074075698853e+03,3.508641862105515088e+02
9.185533826828002930e+03,3.508641861919384155e+02
9.190565470933914185e+03,3.508641863926166025e+02
9.195599420070648193e+03,3.508641855701500845e+02
9.200607691526412964e+03,3.508641857705719076e+02
9.205626277208328247e+03,3.508641864875883130e+02
9.210642742872238159e+03,3.508641856518584632e+02
9.215659950733184814e+03,3.508641859349834249e+02
9.220667930126190186e+03,3.508641862839005512e+02
9.225690435409545898e+03,3.508641858091802419e+02
9.230720818042755127e+03,3.508641858497507542e+02
9.235747490167617798e+03,3.508641861510242279e+02
9.240777450799942017e+03,3.508641854935507354e+02
9.245805382251739502e+03,3.508641861176484440e+02
9.250836830615997314e+03,3.508641859207659195e+02
9.255862897872924805e+03,3.508641859846023294e+02
9.260894383192062378e+03,3.508641861490582983e+02
9.265930949449539185e+03,3.508641854630901662e+02
9.270957664728164673e+03,3.508641864231487375e+02
9.275984592199325562e+03,3.508641862332397636e+02
9.281015200376510620e+03,3.508641854281778478e+02
9.286022619485855103e+03,3.508641861444845631e+02
9.291038864135742188e+03,3.508641866624994350e+02
9.296054033994674683e+03,3.508641856873051665e+02
9.301065888404846191e+03,3.508641859421043705e+02
9.306091357707977295e+03,3.508641860211129142e+02
9.311120805263519287e+03,3.508641855574888950e+02
9.316151949167251587e+03,3.508641862052840565e+02
9.321182035923004150e+03,3.508641864542366875e+02
9.326214230298995972e+03,3.508641869580428079e+02
9.331245693206787109e+03,3.508641856931709526e+02
9.336279284477233887e+03,3.508641867759259299e+02
9.341308435916900635e+03,3.508641861987032939e+02
9.346317511558532715e+03,3.508641868803764510e+02
9.351332556009292603e+03,3.508641867619294885e+02
9.356342618942260742e+03,3.508641870544955168e+02
9.361353100061416626e+03,3.508641862763557810e+02
9.366365950822830200e+03,3.508641865659275254e+02
9.371383586406707764e+03,3.508641870639036711e+02
9.376406681299209595e+03,3.508641870506616556e+02
9.381429897785186768e+03,3.508641873003127216e+02
9.386457770109176636e+03,3.508641876585180057e+02
9.391482939004898071e+03,3.508641880655662249e+02
9.396513192415237427e+03,3.508641889421215296e+02
9.401518370389938354e+03,3.508641892630514008e+02
9.406530113935470581e+03,3.508641891390686851e+02
9.411536094427108765e+03,3.508641898130759955e+02
9.416542957544326782e+03,3.508641890885345447e+02
9.421572599411010742e+03,3.508641895734772902e+02
9.426600857257843018e+03,3.508641900256052395e+02
9.431625180721282959e+03,3.508641900822971706e+02
9.436651813745498657e+03,3.508641905347479906e+02
9.441655689477920532e+03,3.508641906084179141e+02
9.446668279647827148e+03,3.508641905510029915e+02
9.451679052591323853e+03,3.508641906358180336e+02
9.456694988965988159e+03,3.508641914521533636e+02
9.461706376075744629e+03,3.508641910148573970e+02
9.466731948852539062e+03,3.508641918912543360e+02
9.471759605884552002e+03,3.508641916254208581e+02
9.476786391973495483e+03,3.508641913167372195e+02
9.481791326522827148e+03,3.508641917378118364e+02
9.486798937320709229e+03,3.508641914258009820e+02
9.491815954208374023e+03,3.508641920694717555e+02
9.496827132463455200e+03,3.508641923888131373e+02
9.501838960170745850e+03,3.508641931717057219e+02
9.506861421346664429e+03,3.508641928547384623e+02
9.511887116432189941e+03,3.508641931952831214e+02
9.516891685485839844e+03,3.508641926909502331e+02
9.521898303508758545e+03,3.508641934617679112e+02
9.526915539979934692e+03,3.508641935429272394e+02
9.531933179616928101e+03,3.508641933920384872e+02
9.536948663711547852e+03,3.508641940637638754e+02
9.541958948135375977e+03,3.508641942923039778e+02
9.546987939596176147e+03,3.508641942039874948e+02
9.552015987873077393e+03,3.508641933638942305e+02
9.557025050163269043e+03,3.508641941703583598e+02
9.562041953563690186e+03,3.508641943805965866e+02
9.567049832820892334e+03,3.508641945670018458e+02
9.572065507650375366e+03,3.508641945239573943e+02
9.577078797101974487e+03,3.508641946023930132e+02
9.582094783544540405e+03,3.508641938793894042e+02
9.587121218681335449e+03,3.508641946961445797e+02
9.592149209022521973e+03,3.508641949129381032e+02
9.597177041530609131e+03,3.508641944407248161e+02
9.602203592777252197e+03,3.508641946979584532e+02
9.607231955528259277e+03,3.508641947918416690e+02
9.612261419773101807e+03,3.508641948291347035e+02
9.617288017272949219e+03,3.508641949640956454e+02
9.622317414522171021e+03,3.508641949594590415e+02
9.627324538230895996e+03,3.508641946055328731e+02
9.632331735849380493e+03,3.508641949506700826e+02
9.637343414068222046e+03,3.508641954035182948e+02
9.642362950325012207e+03,3.508641950499995232e+02
9.647375773668289185e+03,3.508641950872930124e+02
9.652379683256149292e+03,3.508641950637267541e+02
9.657393908262252808e+03,3.508641948155280375e+02
9.662409697294235229e+03,3.508641945966258504e+02
9.667415662050247192e+03,3.508641946154278344e+02
9.672427571296691895e+03,3.508641957351263159e+02
9.677451672554016113e+03,3.508641952751324880e+02
9.682484018564224243e+03,3.508641942939103160e+02
9.687505662679672241e+03,3.508641952465592340e+02
9.692534657478332520e+03,3.508641945210076756e+02
9.697561720848083496e+03,3.508641943358359185e+02
9.702568694114685059e+03,3.508641941958564416e+02
9.707587095499038696e+03,3.508641943812764339e+02
9.712603495121002197e+03,3.508641945090444096e+02
9.717612043619155884e+03,3.508641945775673321e+02
9.722616432905197144e+03,3.508641944506960613e+02
9.727632998943328857e+03,3.508641937185190045e+02
9.732662689208984375e+03,3.508641935836886319e+02
9.737694481611251831e+03,3.508641937490045279e+02
9.742700711488723755e+03,3.508641933286112931e+02
9.747710459709167480e+03,3.508641929348127064e+02
9.752720366001129150e+03,3.508641927163276932e+02
9.757732161998748779e+03,3.508641925894984297e+02
9.762748777627944946e+03,3.508641931761124511e+02
9.767777944326400757e+03,3.508641925036573639e+02
9.772810894250869751e+03,3.508641928556145331e+02
9.777844506025314331e+03,3.508641924650345345e+02
9.782872001409530640e+03,3.508641919770035997e+02
9.787902623653411865e+03,3.508641920370761227e+02
9.792933264017105103e+03,3.508641917813307600e+02
9.797960824966430664e+03,3.508641916943756769e+02
9.803007332801818848e+03,3.508641911471722779e+02
9.808020193815231323e+03,3.508641909104554770e+02
9.813046370506286621e+03,3.508641904695596736e+02
9.818049450635910034e+03,3.508641906286775338e+02
9.823059967756271362e+03,3.508641897779984902e+02
9.828073280572891235e+03,3.508641907507205246e+02
9.833081586122512817e+03,3.508641901510112007e+02
9.838108485221862793e+03,3.508641896330700547e+02
9.843132711648941040e+03,3.508641893406158943e+02
9.848162549257278442e+03,3.508641896632516364e+02
9.853191949844360352e+03,3.508641892491359613e+02
9.858196010351181030e+03,3.508641885372307456e+02
9.863203374862670898e+03,3.508641887647968360e+02
9.868214451789855957e+03,3.508641885248898120e+02
9.873228175401687622e+03,3.508641886277844719e+02
9.878238385200500488e+03,3.508641890763378797e+02
9.883244102716445923e+03,3.508641885496241457e+02
9.888251386880874634e+03,3.508641881424169355e+02
9.893258016586303711e+03,3.508641883159743315e+02
9.898270950078964233e+03,3.508641884044436097e+02
9.903295382738113403e+03,3.508641881420488744e+02
9.908324049949645996e+03,3.508641883080956632e+02
9.913357867956161499e+03,3.508641876708459222e+02
9.918387893915176392e+03,3.508641874994078762e+02
9.923393781185150146e+03,3.508641872858470379e+02
9.928408306360244751e+03,3.508641874768296702e+02
9.933416623830795288e+03,3.508641870027149139e+02
9.938421225786209106e+03,3.508641870552588102e+02
9.943454460620880127e+03,3.508641872936694313e+02
9.948481117486953735e+03,3.508641868554407210e+02
9.953510710716247559e+03,3.508641870991071414e+02
9.958516487121582031e+03,3.508641868557411954e+02
9.963528855085372925e+03,3.508641868329177100e+02
9.968537361383438110e+03,3.508641865763816554e+02
9.973541357278823853e+03,3.508641864899968823e+02
9.978544905185699463e+03,3.508641858812551391e+02
9.983564846754074097e+03,3.508641862938438862e+02
9.988581125974655151e+03,3.508641855871981079e+02
9.993588947534561157e+03,3.508641849419034315e+02
9.998594316482543945e+03,3.508641856558988934e+02
1.000362491846084595e+04,3.508641849293781547e+02
1.000865278148651123e+04,3.508641851174400585e+02
1.001368516469001770e+04,3.508641851748163276e+02
1.001869241046905518e+04,3.508641844432994503e+02
1.002370743322372437e+04,3.508641841680623656e+02
1.002871389317512512e+04,3.508641846912678943e+02
1.003372869157791138e+04,3.508641846535634272e+02
1.003874460601806641e+04,3.508641847603491897e+02
1.004375408601760864e+04,3.508641843266900651e+02
1.004876422882080078e+04,3.508641845483140287e+02
1.005378149509429932e+04,3.508641841272181523e+02
1.005879338598251343e+04,3.508641843547785015e+02
1.006380549669265747e+04,3.508641843530424467e+02
1.006882060098648071e+04,3.508641833971637425e+02
1.007382745194435120e+04,3.508641841713134113e+02
1.007884439587593079e+04,3.508641841674764237e+02
1.008385819721221924e+04,3.508641840248807853e+02
1.008886666297912598e+04,3.508641844829552952e+02
1.009388147068023682e+04,3.508641842873038854e+02
1.009890817141532898e+04,3.508641846540916163e+02
1.010393167948722839e+04,3.508641849140376507e+02
1.010895868444442749e+04,3.508641844571850470e+02
1.011398888087272644e+04,3.508641845764815344e+02
1.011901280021667480e+04,3.508641843418187705e+02
1.012403403592109680e+04,3.508641846934727369e+02
1.012906379055976868e+04,3.508641843901754100e+02
1.013409166741371155e+04,3.508641853946529068e+02
1.013912585186958313e+04,3.508641851210541063e+02
1.014415589094161987e+04,3.508641856454541426e+02
1.014918540358543396e+04,3.508641848278377893e+02
1.015421986413002014e+04,3.508641861208621435e+02
1.015924826574325562e+04,3.508641859272516967e+02
1.016427359914779663e+04,3.508641853453401609e+02
1.016930121088027954e+04,3.508641860886118593e+02
1.017433385729789734e+04,3.508641861695517150e+02
1.017936825609207153e+04,3.508641857130738231e+02
1.018440179586410522e+04,3.508641862087413870e+02
1.018943098163604736e+04,3.508641867401144623e+02
1.019446169066429138e+04,3.508641871488825359e+02
1.019949039506912231e+04,3.508641869924313710e+02
1.020452265596389771e+04,3.508641876003377433e+02
1.020954421591758728e+04,3.508641868140897486e+02
1.021457261586189270e+04,3.508641877242123996e+02
1.021959644889831543e+04,3.508641875807894053e+02
1.022462894773483276e+04,3.508641884092494934e+02
1.022965581083297729e+04,3.508641884446419112e+02
1.023468116950988770e+04,3.508641890962675802e+02
1.023968546271324158e+04,3.508641893975472499e+02
1.024469894814491272e+04,3.508641889715051434e+02
1.024971668148040771e+04,3.508641898184082493e+02
1.025472632431983948e+04,3.508641891043226906e+02
1.025973809862136841e+04,3.508641892961475719e+02
1.026476311039924622e+04,3.508641901440800552e+02
1.026977037501335144e+04,3.508641899063177902e+02
1.027477646207809448e+04,3.508641899677783158e+02
1.027978371500968933e+04,3.508641904389259594e+02
1.028480186390876770e+04,3.508641906142100879e+02
1.028981512475013733e+04,3.508641906760458937e+02
1.029484566998481750e+04,3.508641910918158260e+02
1.029987475299835205e+04,3.508641915447605584e+02
1.030490495276451111e+04,3.508641913455115855e+02
1.030994011783599854e+04,3.508641920819581514e+02
1.031496562504768372e+04,3.508641908283767634e+02
1.031999584031105042e+04,3.508641918003130513e+02
1.032502566099166870e+04,3.508641910146277496e+02
1.033005093073844910e+04,3.508641911814107743e+02
1.033507894778251648e+04,3.508641918938651543e+02
1.034010963821411133e+04,3.508641918509437687e+02
1.034513894796371460e+04,3.508641915498341746e+02
1.035017022132873535e+04,3.508641916101208835e+02
1.035520027971267700e+04,3.508641918639455071e+02
1.036022566103935242e+04,3.508641916097973308e+02
1.036525492954254150e+04,3.508641916380974521e+02
1.037028476095199585e+04,3.508641910491690510e+02
1.037531714582443237e+04,3.508641920608987448e+02
1.038034265661239624e+04,3.508641911447785446e+02
1.038536699342727661e+04,3.508641907622999270e+02
1.039039509105682373e+04,3.508641910389980012e+02
1.039542075753211975e+04,3.508641913499468501e+02
1.040044559144973755e+04,3.508641904608117557e+02
1.040545244479179382e+04,3.508641904880329889e+02
1.041046666216850281e+04,3.508641902857602872e+02
1.041547495722770691e+04,3.508641910419481746e+02
1.042049379968643188e+04,3.508641905570114545e+02
1.042550534844398499e+04,3.508641902032985058e+02
1.043053328585624695e+04,3.508641905882563492e+02
1.043556388902664185e+04,3.508641900307403034e+02
1.044059323549270630e+04,3.508641896352218055e+02
1.044559876585006714e+04,3.508641896392651347e+02
1.045061036777496338e+04,3.508641894865793915e+02
1.045561953639984131e+04,3.508641891320237391e+02
1.046063422560691833e+04,3.508641896067306902e+02
1.046564940929412842e+04,3.508641890192787969e+02
1.047066473221778870e+04,3.508641894102562446e+02
1.047569581699371338e+04,3.508641894769106671e+02
1.048072207546234131e+04,3.508641884350342366e+02
1.048575414061546326e+04,3.508641886294788037e+02
1.049078267192840576e+04,3.508641880903091419e+02
1.049579032611846924e+04,3.508641881219762695e+02
1.050080781292915344e+04,3.508641885892583900e+02
1.050582495617866516e+04,3.508641879364980696e+02
1.051083380413055420e+04,3.508641878760572013e+02
1.051584756565093994e+04,3.508641878981308651e+02
1.052086145019531250e+04,3.508641875264247005e+02
1.052588968634605408e+04,3.508641871653965723e+02
1.053089527916908264e+04,3.508641872093556344e+02
1.053589974093437195e+04,3.508641866728250989e+02
1.054091630458831787e+04,3.508641869222130367e+02
1.054592545247077942e+04,3.508641867274174615e+02
1.055094677424430847e+04,3.508641861963238853e+02
1.055595452213287354e+04,3.508641866882476847e+02
1.056096565032005310e+04,3.508641870256680022e+02
1.056597094988822937e+04,3.508641862562778329e+02
1.057098332524299622e+04,3.508641857489374161e+02
1.057598766422271729e+04,3.508641863481829546e+02
1.058099566102027893e+04,3.508641852771405070e+02
1.058599990606307983e+04,3.508641856252154412e+02
1.059101144552230835e+04,3.508641851995341199e+02
1.059601793575286865e+04,3.508641850200444310e+02
1.060103495335578918e+04,3.508641849970456974e+02
1.060605338835716248e+04,3.508641847534445901e+02
1.061106201434135437e+04,3.508641849209112706e+02
1.061607170295715332e+04,3.508641844333808990e+02
1.062108619713783264e+04,3.508641848463058182e+02
1.062611698460578918e+04,3.508641847190456815e+02
1.063114380073547363e+04,3.508641839269904494e+02
1.063615493941307068e+04,3.508641840428394971e+02
1.064116474795341492e+04,3.508641845321407686e+02
1.064617707133293152e+04,3.508641844791742983e+02
1.065118495655059814e+04,3.508641834434041584e+02
1.065622136545181274e+04,3.508641836837648498e+02
1.066124597954750061e+04,3.508641842752789444e+02
1.066627483892440796e+04,3.508641835197055343e+02
1.067128095006942749e+04,3.508641835085603020e+02
1.067629147005081177e+04,3.508641849150663461e+02
1.068130541014671326e+04,3.508641840922826418e+02
1.068632279419898987e+04,3.508641844247227368e+02
1.069132709431648254e+04,3.508641841423826122e+02
1.069635095214843750e+04,3.508641845051924975e+02
1.070137225437164307e+04,3.508641844436787665e+02
1.070640094971656799e+04,3.508641848372441245e+02
1.071143076109886169e+04,3.508641838932142036e+02
1.071645071244239807e+04,3.508641849124327905e+02
1.072147397065162659e+04,3.508641837517765225e+02
1.072647766423225403e+04,3.508641846679216769e+02
1.073149351239204407e+04,3.508641845672640329e+02
1.073650587153434753e+04,3.508641849158460104e+02
1.074151144957542419e+04,3.508641850388279977e+02
1.074652507567405701e+04,3.508641844330072104e+02
1.075156042480468750e+04,3.508641848143915922e+02
1.075658822941780090e+04,3.508641850717392003e+02
1.076161569499969482e+04,3.508641848439900173e+02
1.076664428997039795e+04,3.508641853116160974e+02
1.077166995024681091e+04,3.508641852926040769e+02
1.077670060110092163e+04,3.508641850004526646e+02
1.078170500254631042e+04,3.508641851839520314e+02
1.078671352481842041e+04,3.508641852763334441e+02
1.079172702622413635e+04,3.508641853444307230e+02
1.079673628449440002e+04,3.508641854624705161e+02
1.080174295234680176e+04,3.508641861233942905e+02
1.080677571010589600e+04,3.508641860730359099e+02
1.081180066442489624e+04,3.508641859260962974e+02
1.081683481025695801e+04,3.508641856972872688e+02
1.082183865118026733e+04,3.508641857404580264e+02
1.082684581565856934e+04,3.508641866436372538e+02
1.083185865664482117e+04,3.508641856387500297e+02
1.083687147617340088e+04,3.508641865692575834e+02
1.084188802218437195e+04,3.508641863366605662e+02
1.084689566230773926e+04,3.508641868509640176e+02
1.085190822672843933e+04,3.508641869760679128e+02
1.085691533446311951e+04,3.508641865931172674e+02
1.086193014001846313e+04,3.508641860078486729e+02
1.086694487333297729e+04,3.508641863356881458e+02
1.087197138595581055e+04,3.508641868889457101e+02
1.087700016379356384e+04,3.508641870412450317e+02
1.088203194046020508e+04,3.508641866644680363e+02
1.088706047058105469e+04,3.508641869996039304e+02
1.089206628680229187e+04,3.508641874979974205e+02
1.089707498359680176e+04,3.508641877340044175e+02
1.090208866977691650e+04,3.508641874630751545e+02
1.090709725928306580e+04,3.508641875861743529e+02
1.091211169910430908e+04,3.508641874742737059e+02
1.091711580681800842e+04,3.508641876581685892e+02
1.092213256359100342e+04,3.508641866974358550e+02
1.092714052271842957e+04,3.508641876535781989e+02
1.093215713787078857e+04,3.508641875751578141e+02
1.093716657137870789e+04,3.508641879133053294e+02
1.094218998599052429e+04,3.508641871904516734e+02
1.094722577977180481e+04,3.508641875222208455e+02
1.095225762796401978e+04,3.508641872290598371e+02
1.095726253819465637e+04,3.508641874476447242e+02
1.096227474904060364e+04,3.508641878421685760e+02
1.096728366851806641e+04,3.508641870992630061e+02
1.097230241513252258e+04,3.508641872617973263e+02
1.097731563472747803e+04,3.508641875612956369e+02
1.098233944487571716e+04,3.508641879632791074e+02
1.098736498808860779e+04,3.508641877718885667e+02
1.099239468765258789e+04,3.508641876906879702e+02
1.099742643141746521e+04,3.508641875631545304e+02
1.100243172359466553e+04,3.508641877183354723e+02
1.100744469761848450e+04,3.508641870580272553e+02
1.101245408391952515e+04,3.508641873461751857e+02
1.101746515226364136e+04,3.508641877548713524e+02
1.102247637891769409e+04,3.508641871973433126e+02
1.102750098395347595e+04,3.508641873964452884e+02
1.103253250145912170e+04,3.508641866213616822e+02
1.103756220889091492e+04,3.508641859264012055e+02
1.104258325815200806e+04,3.508641869175882562e+02
1.104761035370826721e+04,3.508641864238128392e+02
1.105263747692108154e+04,3.508641866788883590e+02
1.105767001247406006e+04,3.508641861661000689e+02
1.106268432974815369e+04,3.508641859624943322e+02
1.106769991993904114e+04,3.508641868299895350e+02
1.107271483898162842e+04,3.508641856785880577e+02
1.107773295092582703e+04,3.508641858913284750e+02
1.108274241352081299e+04,3.508641857521340057e+02
1.108775659680366516e+04,3.508641855178980791e+02
1.109278760576248169e+04,3.508641860098513234e+02
1.109781966805458069e+04,3.508641861037841068e+02
1.110284410190582275e+04,3.508641859533713614e+02
1.110787234878540039e+04,3.508641860236039633e+02
1.111289987206459045e+04,3.508641851699830454e+02
1.111793184208869934e+04,3.508641855003928072e+02
1.112295877265930176e+04,3.508641852427775234e+02
1.112798449683189392e+04,3.508641847363577995e+02
1.113298944902420044e+04,3.508641848741979175e+02
1.113800365543365479e+04,3.508641847686265010e+02
1.114302018451690674e+04,3.508641847728809466e+02
1.114803373575210571e+04,3.508641848101063374e+02
1.115304145979881287e+04,3.508641847597372134e+02
1.115806927299499512e+04,3.508641843724881824e+02
1.116309768629074097e+04,3.508641840440519672e+02
1.116813370513916016e+04,3.508641844980671181e+02
1.117315494036674500e+04,3.508641831897771795e+02
1.117818577861785889e+04,3.508641834152275578e+02
1.118319566059112549e+04,3.508641840305507458e+02
1.118820094895362854e+04,3.508641834469057130e+02
1.119321165132522583e+04,3.508641834028849189e+02
1.119822652173042297e+04,3.508641840328202761e+02
1.120323876810073853e+04,3.508641828829257747e+02
1.120826466774940491e+04,3.508641821738131625e+02
1.121329045033454895e+04,3.508641834265422972e+02
1.121831693410873413e+04,3.508641824635842568e+02
1.122332560300827026e+04,3.508641828702792509e+02
1.122834078335762024e+04,3.508641825502857614e+02
1.123334832000732422e+04,3.508641831617018738e+02
1.123835866618156433e+04,3.508641829909860803e+02
1.124336766886711121e+04,3.508641827041359988e+02
1.124839369177818298e+04,3.508641823623882487e+02
1.125341663002967834e+04,3.508641820605092221e+02
1.125842736816406250e+04,3.508641826043316314e+02
1.126343606829643250e+04,3.508641823271227622e+02
1.126844535970687866e+04,3.508641822123974521e+02
1.127345337080955505e+04,3.508641818218324033e+02
1.127846868276596069e+04,3.508641816564956457e+02
1.128349767351150513e+04,3.508641824503398539e+02
1.128852587294578552e+04,3.508641826484110311e+02
1.129355479145050049e+04,3.508641822272647914e+02
1.129858566164970398e+04,3.508641824407480954e+02
1.130361891269683838e+04,3.508641827913784823e+02
1.130864440751075745e+04,3.508641828867077379e+02
1.131369252824783325e+04,3.508641817436677570e+02
1.131870013093948364e+04,3.508641823269472297e+02
1.132370589494705200e+04,3.508641820634689452e+02
1.132871096324920654e+04,3.508641814656302813e+02
1.133372516441345215e+04,3.508641827695379902e+02
1.133873842954635620e+04,3.508641829382866604e+02
1.134374741172790527e+04,3.508641821634494704e+02
1.134876895141601562e+04,3.508641820086103280e+02
1.135379402089118958e+04,3.508641826174972493e+02
1.135882350683212280e+04,3.508641821764048814e+02
1.136385567140579224e+04,3.508641823194918743e+02
1.136886121487617493e+04,3.508641817527882267e+02
1.137387245988845825e+04,3.508641821681840156e+02
1.137887853908538818e+04,3.508641825954466071e+02
1.138389620542526245e+04,3.508641821047233407e+02
1.138891761469841003e+04,3.508641823877274533e+02
1.139394297933578491e+04,3.508641826869717306e+02
1.139896894860267639e+04,3.508641826248654070e+02
1.140399385714530945e+04,3.508641834198775769e+02
1.140902437090873718e+04,3.508641835013634136e+02
1.141403130984306335e+04,3.508641834299951370e+02
1.141904804992675781e+04,3.508641837274155932e+02
1.142405399799346924e+04,3.508641837323409050e+02
1.142906434106826782e+04,3.508641835150225461e+02
1.143408054375648499e+04,3.508641834213410675e+02
1.143910073494911194e+04,3.508641834138153399e+02
1.144410833644866943e+04,3.508641843826677587e+02
1.144912125325202942e+04,3.508641843768095328e+02
1.145412735700607300e+04,3.508641834187662312e+02
1.145914057540893555e+04,3.508641840977665538e+02
1.146417036485671997e+04,3.508641842806113118e+02
1.146920666408538818e+04,3.508641839691881046e+02
1.147423173737525940e+04,3.508641850321270681e+02
1.147925728750228882e+04,3.508641840208125586e+02
1.148426481461524963e+04,3.508641852883302477e+02
1.148927524662017822e+04,3.508641852409314197e+02
1.149429196763038635e+04,3.508641858805621609e+02
1.149930527472496033e+04,3.508641855013436270e+02
1.150431777930259705e+04,3.508641843960172650e+02
1.150933846473693848e+04,3.508641860299618997e+02
1.151436983346939087e+04,3.508641859457740111e+02
1.151940142726898193e+04,3.508641863693952132e+02
1.152440795183181763e+04,3.508641859039961446e+02
1.152941766238212585e+04,3.508641861483113189e+02
1.153442559552192688e+04,3.508641861332497456e+02
1.153944399857521057e+04,3.508641865291489808e+02
1.154445517158508301e+04,3.508641863334906361e+02
1.154948243927955627e+04,3.508641869467128913e+02
1.155451292610168457e+04,3.508641861746896780e+02
1.155952128052711487e+04,3.508641873001333806e+02
1.156452755975723267e+04,3.508641863464906692e+02
1.156954228687286377e+04,3.508641870786353252e+02
1.157454732346534729e+04,3.508641872477585366e+02
1.157956699538230896e+04,3.508641876735673577e+02
1.158459879803657532e+04,3.508641874246853831e+02
1.158962377119064331e+04,3.508641874438827131e+02
1.159465094971656799e+04,3.508641881739163750e+02
1.159967894721031189e+04,3.508641877216554121e+02
1.160468421769142151e+04,3.508641886101310661e+02
1.160968871784210205e+04,3.508641878051190588e+02
1.161470537638664246e+04,3.508641886014965507e+02
1.161971599078178406e+04,3.508641882176119111e+02
1.162474974060058594e+04,3.508641885734409129e+02
1.162978204154968262e+04,3.508641885524569943e+02
1.163481176781654358e+04,3.508641884110612637e+02
1.163983709383010864e+04,3.508641890385679289e+02
1.164487172651290894e+04,3.508641881625755445e+02
1.164989314770698547e+04,3.508641888295872491e+02
1.165492566561698914e+04,3.508641890331224999e+02
1.165993054676055908e+04,3.508641885586862941e+02
1.166494621205329895e+04,3.508641884484459297e+02
1.166996361064910889e+04,3.508641885757091927e+02
1.167497459721565247e+04,3.508641890906920366e+02
1.167998566150665283e+04,3.508641883937298758e+02
1.168501287603378296e+04,3.508641892529050210e+02
1.169004461264610291e+04,3.508641889354888690e+02
1.169507168936729431e+04,3.508641878818347095e+02
1.170009969592094421e+04,3.508641885443373098e+02
1.170513566088676453e+04,3.508641885771185116e+02
1.171016239738464355e+04,3.508641886403379431e+02
1.171518747115135193e+04,3.508641889742595481e+02
1.172021640992164612e+04,3.508641888618909661e+02
1.172524289441108704e+04,3.508641882968187815e+02
1.173026793718338013e+04,3.508641886595296455e+02
1.173530438709259033e+04,3.508641883299436017e+02
1.174033666229248047e+04,3.508641879362111240e+02
1.174536367177963257e+04,3.508641878026919585e+02
1.175039594769477844e+04,3.508641872904459547e+02
1.175542196989059448e+04,3.508641874886624805e+02
1.176042870616912842e+04,3.508641879985587479e+02
1.176543947172164917e+04,3.508641880562988149e+02
1.177044936800003052e+04,3.508641874301339953e+02
1.177545865988731384e+04,3.508641871319285883e+02
1.178047483420372009e+04,3.508641869975311920e+02
1.178550203609466553e+04,3.508641874093121373e+02
1.179053259658813477e+04,3.508641866680325165e+02
1.179553603243827820e+04,3.508641867098736498e+02
1.180054903507232666e+04,3.508641861765055410e+02
1.180555412602424622e+04,3.508641859552726601e+02
1.181056203484535217e+04,3.508641863418410480e+02
1.181557566857337952e+04,3.508641865268451738e+02
1.182058195757865906e+04,3.508641862193101701e+02
1.182559903979301453e+04,3.508641846760939416e+02
1.183060771989822388e+04,3.508641857301465734e+02
1.183561496043205261e+04,3.508641856268078527e+02
1.184062994909286499e+04,3.508641855921596857e+02
1.184565900874137878e+04,3.508641857292678310e+02
1.185068277883529663e+04,3.508641851210440450e+02
1.185568659639358521e+04,3.508641850980652634e+02
1.186069956469535828e+04,3.508641850595080882e+02
1.186571566176414490e+04,3.508641851280490869e+02
1.187072666239738464e+04,3.508641842663483885e+02
1.187573503923416138e+04,3.508641848490382813e+02
1.188075136709213257e+04,3.508641848340562319e+02
1.188577709388732910e+04,3.508641855421204809e+02
1.189080263352394104e+04,3.508641854268795441e+02
1.189583268237113953e+04,3.508641850087071248e+02
1.190086308884620667e+04,3.508641849067031444e+02
1.190588796639442444e+04,3.508641844349245957e+02
1.191091629743576050e+04,3.508641848234556164e+02
1.191595154190063477e+04,3.508641841218220634e+02
1.192097615599632263e+04,3.508641846268595827e+02
1.192600680351257324e+04,3.508641844158037202e+02
1.193109795331954956e+04,3.508641844258282276e+02
1.193610338902473450e+04,3.508641849910773658e+02
1.194110749435424805e+04,3.508641846085945986e+02
1.194613098311424255e+04,3.508641844319757865e+02
1.195115952444076538e+04,3.508641842550235310e+02
1.195618101072311401e+04,3.508641844321590497e+02
1.196120489501953125e+04,3.508641848062745794e+02
1.196623289251327515e+04,3.508641848268183594e+02
1.197126755905151367e+04,3.508641834615802964e+02
1.197629772782325745e+04,3.508641841294909227e+02
1.198132243347167969e+04,3.508641839636239297e+02
1.198635297322273254e+04,3.508641840587743559e+02
1.199138599181175232e+04,3.508641838882171555e+02
1.199641135382652283e+04,3.508641836610714790e+02
1.200143828344345093e+04,3.508641840473017623e+02
1.200646428775787354e+04,3.508641842735347609e+02
1.201149204945564270e+04,3.508641839441966681e+02
1.201652231287956238e+04,3.508641838332346197e+02
1.202155214953422546e+04,3.508641842189030058e+02
1.202657347679138184e+04,3.508641838590176008e+02
1.203159814786911011e+04,3.508641842234121668e+02
1.203660296034812927e+04,3.508641831198211776e+02
1.204160826134681702e+04,3.508641828061093406e+02
1.204661463904380798e+04,3.508641836253717088e+02
1.205163069772720337e+04,3.508641831374671938e+02
1.205664827823638916e+04,3.508641836406161474e+02
1.206167445945739746e+04,3.508641833113626944e+02
1.206670201039314270e+04,3.508641837168128177e+02
1.207170735931396484e+04,3.508641839562370706e+02
1.207671812152862549e+04,3.508641839746992446e+02
1.208172949290275574e+04,3.508641833802845440e+02
1.208673778653144836e+04,3.508641836972036003e+02
1.209175132751464844e+04,3.508641830587222898e+02
1.209677991604804993e+04,3.508641838820166186e+02
1.210178394269943237e+04,3.508641826654191505e+02
1.210680036258697510e+04,3.508641835268284694e+02
1.211181440281867981e+04,3.508641840213505247e+02
1.211683032441139221e+04,3.508641838706553244e+02
1.212184930682182312e+04,3.508641842174276917e+02
1.212686395192146301e+04,3.508641837443543636e+02
1.213187245368957520e+04,3.508641839336935959e+02
1.213688765835762024e+04,3.508641838599104403e+02
1.214189690446853638e+04,3.508641837882714754e+02
1.214690665149688721e+04,3.508641840136219230e+02
1.215192420744895935e+04,3.508641839222509589e+02
1.215694398784637451e+04,3.508641838262753367e+02
1.216196835207939148e+04,3.508641840964388621e+02
1.216699286818504333e+04,3.508641834614849131e+02
1.217199846720695496e+04,3.508641837849227727e+02
1.217701500988006592e+04,3.508641837356477140e+02
1.218202561950683594e+04,3.508641838851440866e+02
1.218704296159744263e+04,3.508641840518226331e+02
1.219205352735519409e+04,3.508641834569086768e+02
1.219705757641792297e+04,3.508641835928641513e+02
1.220207460808753967e+04,3.508641832647925867e+02
1.220708363699913025e+04,3.508641831150134749e+02
1.221208829832077026e+04,3.508641833907566365e+02
1.221709791779518127e+04,3.508641837565722881e+02
1.222210195422172546e+04,3.508641834807846749e+02
1.222711698651313782e+04,3.508641829934405791e+02
1.223212432432174683e+04,3.508641832011779229e+02
1.223713815927505493e+04,3.508641839565817691e+02
1.224215534138679504e+04,3.508641838857050743e+02
1.224718473100662231e+04,3.508641833779806802e+02
1.225220898914337158e+04,3.508641835179414556e+02
1.225723870134353638e+04,3.508641832774563341e+02
1.226226646447181702e+04,3.508641834849925658e+02
1.226729208636283875e+04,3.508641832942465726e+02
1.227229691481590271e+04,3.508641830705607845e+02
1.227731212639808655e+04,3.508641825588054530e+02
1.228231676101684570e+04,3.508641826197037972e+02
1.228732234215736389e+04,3.508641832158144211e+02
1.229234249401092529e+04,3.508641829842924835e+02
1.229734994959831238e+04,3.508641829823050671e+02
1.230236414384841919e+04,3.508641826541249316e+02
1.230737870621681213e+04,3.508641828600507324e+02
1.231239510726928711e+04,3.508641833270275470e+02
1.231740479207038879e+04,3.508641832118011621e+02
1.232241989898681641e+04,3.508641833376662476e+02
1.232743980169296265e+04,3.508641829189755867e+02
1.233246832609176636e+04,3.508641834072972756e+02
1.233749749422073364e+04,3.508641839099879576e+02
1.234252854514122009e+04,3.508641835409268879e+02
1.234753826713562012e+04,3.508641836855686051e+02
1.235254566240310669e+04,3.508641838979675072e+02
1.235755404782295227e+04,3.508641840131526806e+02
1.236256904745101929e+04,3.508641834218057625e+02
1.236758445549011230e+04,3.508641834124439356e+02
1.237261283826828003e+04,3.508641845625047040e+02
1.237761679148674011e+04,3.508641836902659179e+02
1.238262291789054871e+04,3.508641839496179955e+02
1.238763999438285828e+04,3.508641840578914071e+02
1.239265085291862488e+04,3.508641837373754129e+02
1.239766861987113953e+04,3.508641842006039155e+02
1.240267194843292236e+04,3.508641837488880242e+02
1.240768818807601929e+04,3.508641842600073915e+02
1.241269445371627808e+04,3.508641840311344708e+02
1.241770108580589294e+04,3.508641848963584380e+02
1.242271792387962341e+04,3.508641839426682054e+02
1.242774227905273438e+04,3.508641843551475290e+02
1.243275041389465332e+04,3.508641836457761087e+02
1.243776436853408813e+04,3.508641843701282141e+02
1.244277194428443909e+04,3.508641835812977661e+02
1.244777953553199768e+04,3.508641839170974777e+02
1.245279896330833435e+04,3.508641847375332077e+02
1.245782201719284058e+04,3.508641847963378382e+02
1.246285606336593628e+04,3.508641839076595943e+02
1.246788529205322266e+04,3.508641839314458934e+02
1.247292071509361267e+04,3.508641846119093657e+02
1.247795075035095215e+04,3.508641837923165667e+02
1.248298112583160400e+04,3.508641846599852556e+02
1.248800773239135742e+04,3.508641842134748572e+02
1.249303818035125732e+04,3.508641842850527155e+02
1.249807128024101257e+04,3.508641839635432120e+02
1.250309768867492676e+04,3.508641839603507719e+02
1.250811792159080505e+04,3.508641839196210412e+02
1.251314230632781982e+04,3.508641840431779428e+02
1.251816894793510437e+04,3.508641844232335529e+02
1.252317511153221130e+04,3.508641846871246344e+02
1.252817883753776550e+04,3.508641843947614234e+02
1.253319256877899170e+04,3.508641841723836592e+02
1.253819868111610413e+04,3.508641842253630330e+02
1.254322117519378662e+04,3.508641836844454929e+02
1.254824568700790405e+04,3.508641843510260969e+02
1.255328439974784851e+04,3.508641842476475858e+02
1.255831132531166077e+04,3.508641846026631583e+02
1.256333798670768738e+04,3.508641838541472566e+02
1.256836611986160278e+04,3.508641840149979316e+02
1.257339093661308289e+04,3.508641842581436094e+02
1.257842479252815247e+04,3.508641835935436575e+02
1.258345462703704834e+04,3.508641829878342264e+02
1.258848382115364075e+04,3.508641830908462111e+02
1.259351274728775024e+04,3.508641835327355807e+02
1.259854381585121155e+04,3.508641833346264889e+02
1.260357304191589355e+04,3.508641830768399359e+02
1.260859838604927063e+04,3.508641828915436349e+02
1.261360448217391968e+04,3.508641823108212634e+02
1.261861365175247192e+04,3.508641832772152043e+02
1.262362148952484131e+04,3.508641827696228006e+02
1.262863069486618042e+04,3.508641829618803172e+02
1.263364566278457642e+04,3.508641826961147672e+02
1.263867100644111633e+04,3.508641821541921217e+02
1.264369451332092285e+04,3.508641820191451188e+02
1.264871893548965454e+04,3.508641815101967154e+02
1.265374566078186035e+04,3.508641830892234452e+02
1.265877220463752747e+04,3.508641820867676415e+02
1.266380139350891113e+04,3.508641824698995606e+02
1.266882750439643860e+04,3.508641818729867055e+02
1.267385495734214783e+04,3.508641825753237526e+02
1.267888074493408203e+04,3.508641820692266151e+02
1.268388976359367371e+04,3.508641823298411282e+02
1.268890047955513000e+04,3.508641815812435425e+02
1.269391880130767822e+04,3.508641825084332595e+02
1.269893063688278198e+04,3.508641824748164595e+02
1.270396212315559387e+04,3.508641825778669840e+02
1.270899224162101746e+04,3.508641827211582154e+02
1.271401894855499268e+04,3.508641816141719119e+02
1.271905065512657166e+04,3.508641826961143124e+02
1.272405688619613647e+04,3.508641827318311357e+02
1.272907294964790344e+04,3.508641818339580141e+02
1.273407866716384888e+04,3.508641825614379854e+02
1.273909098911285400e+04,3.508641824337676098e+02
1.274410866308212280e+04,3.508641824480941978e+02
1.274912303066253662e+04,3.508641831694675943e+02
1.275412864756584167e+04,3.508641829809665751e+02
1.275913795232772827e+04,3.508641832878469700e+02
1.276415422868728638e+04,3.508641830759582945e+02
1.276916390872001648e+04,3.508641826971939395e+02
1.277417858719825745e+04,3.508641825596560011e+02
1.277919728159904480e+04,3.508641833862281487e+02
1.278422868037223816e+04,3.508641834328323625e+02
1.278925976109504700e+04,3.508641836152705764e+02
1.279428670763969421e+04,3.508641835585014519e+02
1.279931828975677490e+04,3.508641833071527003e+02
1.280434566092491150e+04,3.508641838542021105e+02
1.280935187053680420e+04,3.508641841306296669e+02
1.281436658573150635e+04,3.508641831141232501e+02
1.281938498091697693e+04,3.508641835624823102e+02
1.282439979124069214e+04,3.508641836468521547e+02
1.282941029572486877e+04,3.508641845467263352e+02
1.283443487119674683e+04,3.508641845738395659e+02
1.283946566081047058e+04,3.508641841811864310e+02
1.284449036407470703e+04,3.508641847165163767e+02
1.284952304506301880e+04,3.508641851268120604e+02
1.285455504298210144e+04,3.508641848590062864e+02
1.285958552360534668e+04,3.508641854992203548e+02
1.286461160278320312e+04,3.508641852443985272e+02
1.286964379358291626e+04,3.508641857913351600e+02
1.287467883229255676e+04,3.508641855534777392e+02
1.287970312142372131e+04,3.508641859060314800e+02
1.288473603153228760e+04,3.508641860434469208e+02
1.288976736092567444e+04,3.508641862951993176e+02
1.289479387688636780e+04,3.508641863020268374e+02
1.289979695415496826e+04,3.508641861989582935e+02
1.290480808258056641e+04,3.508641868295944164e+02
1.290981860804557800e+04,3.508641873270830729e+02
1.291482724070549011e+04,3.508641865869978460e+02
1.291984427475929260e+04,3.508641855681891002e+02
1.292487239003181458e+04,3.508641867893143171e+02
1.292990092301368713e+04,3.508641860148027831e+02
1.293493244934082031e+04,3.508641863592978893e+02
1.293996201252937317e+04,3.508641869792061243e+02
1.294499082422256470e+04,3.508641866794330895e+02
1.294999683141708374e+04,3.508641867975710511e+02
1.295500302457809448e+04,3.508641871338579108e+02
1.296001774096488953e+04,3.508641867543666990e+02
1.296502409553527832e+04,3.508641870245736527e+02
1.297004715752601624e+04,3.508641865826964477e+02
1.297507965970039368e+04,3.508641867654347379e+02
1.298011136245727539e+04,3.508641868524921392e+02
1.298514179944992065e+04,3.508641862497009924e+02
1.299016762661933899e+04,3.508641870032971042e+02
1.299519386887550354e+04,3.508641869027860025e+02
1.300022201848030090e+04,3.508641865127710275e+02
1.300524599432945251e+04,3.508641867165997041e+02
1.301027567362785339e+04,3.508641872311995940e+02
1.301529631853103638e+04,3.508641871604808671e+02
1.302032805824279785e+04,3.508641869700217626e+02
1.302536012625694275e+04,3.508641867990932610e+02
1.303036866998672485e+04,3.508641862672053549e+02
1.303538152909278870e+04,3.508641874995544185e+02
1.304039200711250305e+04,3.508641872678425102e+02
1.304540131878852844e+04,3.508641865531028543e+02
1.305042468380928040e+04,3.508641861926706156e+02
1.305546163296699524e+04,3.508641854809807796e+02
1.306048759365081787e+04,3.508641862135753513e+02
1.306549320912361145e+04,3.508641865306316276e+02
1.307050984978675842e+04,3.508641861701547668e+02
1.307551490616798401e+04,3.508641855589141869e+02
1.308052318143844604e+04,3.508641852432146493e+02
1.308553490495681763e+04,3.508641853736424991e+02
1.309055195403099060e+04,3.508641851445320299e+02
1.309558085083961487e+04,3.508641851336940931e+02
1.310061285543441772e+04,3.508641841374438286e+02
1.310564465403556824e+04,3.508641841486066824e+02
1.311067966270446777e+04,3.508641846605910928e+02
1.311570248985290527e+04,3.508641838240441757e+02
1.312074094438552856e+04,3.508641841152955863e+02
1.312576753878593445e+04,3.508641838105946249e+02
1.313080016851425171e+04,3.508641836958830140e+02
1.313583064889907837e+04,3.508641827318115816e+02
1.314086677813529968e+04,3.508641828596774985e+02
1.314589395308494568e+04,3.508641830403911968e+02
1.315092832493782043e+04,3.508641827840352789e+02
1.315595447945594788e+04,3.508641834751931583e+02
1.316098455834388733e+04,3.508641818675839090e+02
1.316601212334632874e+04,3.508641821722357008e+02
1.317103651642799377e+04,3.508641821757528874e+02
1.317606618666648865e+04,3.508641813862759022e+02
1.318110073375701904e+04,3.508641817565008978e+02
1.318612842988967896e+04,3.508641820598492700e+02
1.319113254046440125e+04,3.508641811479213288e+02
1.319613766336441040e+04,3.508641816553814579e+02
1.320114742612838745e+04,3.508641815350491129e+02
1.320615989565849304e+04,3.508641816557059201e+02
1.321118806266784668e+04,3.508641806753972787e+02
1.321622019362449646e+04,3.508641813164108498e+02
1.322124354386329651e+04,3.508641807443967764e+02
1.322626566052436829e+04,3.508641813985790918e+02
1.323127062630653381e+04,3.508641810828223129e+02
1.323628426790237427e+04,3.508641808936082498e+02
1.324129615592956543e+04,3.508641811162977433e+02
1.324631439590454102e+04,3.508641813266699501e+02
1.325132986330986023e+04,3.508641807064955742e+02
1.325635095262527466e+04,3.508641806972172503e+02
1.326137353253364563e+04,3.508641802919318025e+02
1.326640943884849548e+04,3.508641805785318866e+02
1.327143416714668274e+04,3.508641800637529400e+02
1.327643806314468384e+04,3.508641809802836633e+02
1.328145451688766479e+04,3.508641789054186688e+02
1.328646558213233948e+04,3.508641802498554512e+02
1.329147529315948486e+04,3.508641807182298180e+02
1.329650018572807312e+04,3.508641799230313723e+02
1.330152894711494446e+04,3.508641803552525857e+02
1.330656081008911133e+04,3.508641806921768307e+02
1.331158839607238770e+04,3.508641800499696615e+02
1.331661959362030029e+04,3.508641799089003257e+02
1.332162566113471985e+04,3.508641800459215574e+02
1.332664163422584534e+04,3.508641805739235906e+02
1.333165729737281799e+04,3.508641804713455485e+02
1.333666626501083374e+04,3.508641803582676175e+02
1.334167646241188049e+04,3.508641802543445465e+02
1.334668051075935364e+04,3.508641808103417361e+02
1.335169197201728821e+04,3.508641810696070138e+02
1.335670195341110229e+04,3.508641814299435282e+02
1.336170660924911499e+04,3.508641802524645072e+02
1.336672724485397339e+04,3.508641810924347055e+02
1.337173982024192810e+04,3.508641815897780134e+02
1.337674994969367981e+04,3.508641809360777870e+02
1.338175966262817383e+04,3.508641816885063349e+02
1.338676714253425598e+04,3.508641806852323839e+02
1.339178083491325378e+04,3.508641810915596579e+02
1.339681395983695984e+04,3.508641817260496509e+02
1.340184221053123474e+04,3.508641818376344759e+02
1.340687141585350037e+04,3.508641813240331544e+02
1.341187766337394714e+04,3.508641824785499352e+02
1.341689241361618042e+04,3.508641818591410697e+02
1.342190290093421936e+04,3.508641815459624809e+02
1.342692021489143372e+04,3.508641821816445372e+02
1.343193528890609741e+04,3.508641821797993998e+02
1.343695243144035339e+04,3.508641825323924195e+02
1.344196451520919800e+04,3.508641825826986178e+02
1.344699444484710693e+04,3.508641822654170142e+02
1.345202041339874268e+04,3.508641827530003070e+02
1.345705070281028748e+04,3.508641831140864156e+02
1.346207989358901978e+04,3.508641828251285801e+02
1.346710954785346985e+04,3.508641826402508173e+02
1.347213289594650269e+04,3.508641830234152508e+02
1.347715767168998718e+04,3.508641832616025908e+02
1.348218476939201355e+04,3.508641829137949912e+02
1.348721566152572632e+04,3.508641832280330846e+02
1.349222011923789978e+04,3.508641830501509844e+02
1.349723587155342102e+04,3.508641832122492019e+02
1.350225162911415100e+04,3.508641835757003946e+02
1.350726092243194580e+04,3.508641835828663034e+02
1.351227036738395691e+04,3.508641835993685163e+02
1.351729894709587097e+04,3.508641844432525545e+02
1.352232502508163452e+04,3.508641838058790086e+02
1.352735602307319641e+04,3.508641834778463817e+02
1.353239065980911255e+04,3.508641829266131253e+02
1.353742205071449280e+04,3.508641828375099294e+02
1.354245823311805725e+04,3.508641841367580128e+02
1.354747970628738403e+04,3.508641832541611620e+02
1.355248458576202393e+04,3.508641841233531977e+02
1.355749670028686523e+04,3.508641834206356407e+02
1.356250241756439209e+04,3.508641835770461626e+02
1.356751532268524170e+04,3.508641831019494361e+02
1.357254613113403320e+04,3.508641837993635590e+02
1.357757516956329346e+04,3.508641839607273596e+02
1.358260187983512878e+04,3.508641833013010114e+02
1.358760713148117065e+04,3.508641844193747374e+02
1.359261775302886963e+04,3.508641839202445567e+02
1.359762860345840454e+04,3.508641839198267576e+02
1.360263695406913757e+04,3.508641838173227825e+02
1.360765371894836426e+04,3.508641838618492557e+02
1.361267489266395569e+04,3.508641835084779359e+02
1.361770645976066589e+04,3.508641830571785931e+02
1.362273479175567627e+04,3.508641831680994301e+02
1.362777185702323914e+04,3.508641837018566889e+02
1.363277655482292175e+04,3.508641836911960468e+02
1.363778666257858276e+04,3.508641831208379358e+02
1.364279816460609436e+04,3.508641834350714248e+02
1.364780864739418030e+04,3.508641837616524413e+02
1.365281866550445557e+04,3.508641832836003118e+02
1.365785353207588196e+04,3.508641832105779486e+02
1.366288939452171326e+04,3.508641835073653397e+02
1.366791894865036011e+04,3.508641826510441888e+02
1.367295300841331482e+04,3.508641832881529012e+02
1.367795955252647400e+04,3.508641828112740768e+02
1.368296460795402527e+04,3.508641834717593042e+02
1.368797013759613037e+04,3.508641824351351488e+02
1.369298505616188049e+04,3.508641826937645760e+02
1.369800675082206726e+04,3.508641818539173869e+02
1.370301684713363647e+04,3.508641823572032763e+02
1.370802217912673950e+04,3.508641818393959966e+02
1.371303822445869446e+04,3.508641816475509358e+02
1.371804732918739319e+04,3.508641821191444592e+02
1.372306122350692749e+04,3.508641816352673573e+02
1.372808879733085632e+04,3.508641823661077979e+02
1.373311602115631104e+04,3.508641821276806354e+02
1.373814156436920166e+04,3.508641821926991042e+02
1.374317130303382874e+04,3.508641823538067115e+02
1.374820017623901367e+04,3.508641819887594124e+02
1.375322955656051636e+04,3.508641814907534240e+02
1.375825788879394531e+04,3.508641821785844854e+02
1.376329236125946045e+04,3.508641818934106595e+02
1.376832273268699646e+04,3.508641819450033381e+02
1.377335023236274719e+04,3.508641812890911638e+02
1.377838070559501648e+04,3.508641819967850779e+02
1.378338766336441040e+04,3.508641820352460741e+02
1.378839190959930420e+04,3.508641815693353578e+02
1.379340136694908142e+04,3.508641811378509487e+02
1.379841446590423584e+04,3.508641811774518260e+02
1.380344488430023193e+04,3.508641813521747963e+02
1.380847639727592468e+04,3.508641804688404591e+02
1.381348000240325928e+04,3.508641811029057180e+02
1.381848766469955444e+04,3.508641810904451859e+02
1.382349289488792419e+04,3.508641808523171335e+02
1.382851075315475464e+04,3.508641811368897834e+02
1.383354138040542603e+04,3.508641812861691847e+02
1.383856894826889038e+04,3.508641815441828271e+02
1.384360219502449036e+04,3.508641815000971178e+02
1.384862452125549316e+04,3.508641810913136965e+02
1.385364769506454468e+04,3.508641815538327364e+02
1.385868566155433655e+04,3.508641814267845120e+02
1.386370682191848755e+04,3.508641819051823063e+02
1.386871356463432312e+04,3.508641812964175983e+02
1.387371966338157654e+04,3.508641816744398625e+02
1.387872976374626160e+04,3.508641808463904681e+02
1.388373817181587219e+04,3.508641821168812385e+02
1.388875466465950012e+04,3.508641808422591453e+02
1.389379207205772400e+04,3.508641818116265654e+02
1.389882377839088440e+04,3.508641815957547578e+02
1.390385734081268311e+04,3.508641813773345461e+02
1.390886412596702576e+04,3.508641818111077555e+02
1.391388256168365479e+04,3.508641812208366559e+02
1.391889858531951904e+04,3.508641815666396155e+02
1.392390368294715881e+04,3.508641812380246279e+02
1.392891505885124207e+04,3.508641810559835790e+02
1.393393629980087280e+04,3.508641816751513716e+02
1.393896820998191833e+04,3.508641814922898448e+02
1.394400205159187317e+04,3.508641813224915609e+02
1.394903343009948730e+04,3.508641819153558004e+02
1.395403766298294067e+04,3.508641816163624867e+02
1.395904866433143616e+04,3.508641819916139184e+02
1.396406243157386780e+04,3.508641826337106977e+02
1.396907150578498840e+04,3.508641822989356456e+02
1.397408739423751831e+04,3.508641822779821382e+02
1.397909325909614563e+04,3.508641819205795400e+02
1.398410312700271606e+04,3.508641814561709680e+02
1.398911283349990845e+04,3.508641820172037455e+02
1.399413069415092468e+04,3.508641821392723728e+02
1.399914599967002869e+04,3.508641817298756109e+02
1.400417461252212524e+04,3.508641820651797048e+02
1.400920566082000732e+04,3.508641819305985905e+02
1.401423395872116089e+04,3.508641821188635390e+02
1.401926479887962341e+04,3.508641822293733981e+02
1.402429816555976868e+04,3.508641824198596169e+02
1.402932492995262146e+04,3.508641818343311343e+02
1.403435461187362671e+04,3.508641819554845824e+02
1.403936508917808533e+04,3.508641820906271960e+02
1.404437516736984253e+04,3.508641815314426822e+02
1.404939361977577209e+04,3.508641815669633388e+02
1.405440766382217407e+04,3.508641821925556314e+02
1.405941331362724304e+04,3.508641820676033944e+02
1.406444248485565186e+04,3.508641817518764014e+02
1.406946894884109497e+04,3.508641817196958641e+02
1.407449928188323975e+04,3.508641816597144611e+02
1.407952511739730835e+04,3.508641814748660863e+02
1.408455725240707397e+04,3.508641820534850808e+02
1.408956239247322083e+04,3.508641819692287527e+02
1.409457394671440125e+04,3.508641818541464659e+02
1.409958648824691772e+04,3.508641823260323349e+02
1.410459814167022705e+04,3.508641822897376414e+02
1.410961470460891724e+04,3.508641816983040371e+02
1.411463269591331482e+04,3.508641819053804056e+02
1.411965876817703247e+04,3.508641820357129291e+02
1.412468397855758667e+04,3.508641824043026531e+02
1.412970977401733398e+04,3.508641814926035067e+02
1.413474431276321411e+04,3.508641818238845076e+02
1.413977426266670227e+04,3.508641813101573348e+02
1.414480482172966003e+04,3.508641820738564547e+02
1.414983081197738647e+04,3.508641816119709915e+02
1.415486018633842468e+04,3.508641820731716052e+02
1.415988694214820862e+04,3.508641815440352616e+02
1.416491533923149109e+04,3.508641819051538278e+02
1.416992459607124329e+04,3.508641815401626332e+02
1.417493596434593201e+04,3.508641811757965456e+02
1.417994817566871643e+04,3.508641816049621980e+02
1.418496017479896545e+04,3.508641814841571431e+02
1.418997541880607605e+04,3.508641814654805557e+02
1.419498891329765320e+04,3.508641813661653259e+02
1.420001467347145081e+04,3.508641819600625809e+02
1.420503671097755432e+04,3.508641814058861428e+02
1.421004433965682983e+04,3.508641815345168880e+02
1.421506166172027588e+04,3.508641811337210470e+02
1.422007283663749695e+04,3.508641810302584645e+02
1.422509010982513428e+04,3.508641811991947748e+02
1.423010795545578003e+04,3.508641812165390093e+02
1.423512550354003906e+04,3.508641818810668269e+02
1.424015108180046082e+04,3.508641819230652459e+02
1.424517705559730530e+04,3.508641818254976670e+02
1.425020281147956848e+04,3.508641819225269387e+02
1.425520839905738831e+04,3.508641815328475104e+02
1.426022658562660217e+04,3.508641817768471469e+02
1.426524395346641541e+04,3.508641814731444697e+02
1.427024968814849854e+04,3.508641819902161387e+02
1.427526190829277039e+04,3.508641822422536052e+02
1.428026883363723755e+04,3.508641818537827248e+02
1.428527783918380737e+04,3.508641814105546928e+02
1.429028706121444702e+04,3.508641819677229705e+02
1.429529936289787292e+04,3.508641819541741711e+02
1.430031866312026978e+04,3.508641821167624926e+02
1.430533976054191589e+04,3.508641819275316038e+02
1.431036666274070740e+04,3.508641818813430291e+02
1.431539666342735291e+04,3.508641825680851980e+02
1.432041994953155518e+04,3.508641820430587472e+02
1.432542444300651550e+04,3.508641821887198944e+02
1.433043894743919373e+04,3.508641824163266278e+02
1.433545693254470825e+04,3.508641824146420731e+02
1.434046765518188477e+04,3.508641828077149967e+02
1.434548050928115845e+04,3.508641827330582714e+02
1.435048572206497192e+04,3.508641819773699240e+02
1.435549572277069092e+04,3.508641826272436788e+02
1.436051154494285583e+04,3.508641826606793757e+02
1.436551466202735901e+04,3.508641826765158385e+02
1.437053364467620850e+04,3.508641820409578713e+02
1.437554766297340393e+04,3.508641827637193273e+02
1.438057666492462158e+04,3.508641827871880423e+02
1.438560376048088074e+04,3.508641832373887155e+02
1.439063864898681641e+04,3.508641826821562404e+02
1.439566659379005432e+04,3.508641832969015013e+02
1.440068043875694275e+04,3.508641831240381634e+02
1.440569008183479309e+04,3.508641830368943033e+02
1.441070276093482971e+04,3.508641834650613873e+02
1.441571094870567322e+04,3.508641833326381629e+02
1.442073595523834229e+04,3.508641829854253729e+02
1.442575892353057861e+04,3.508641833628880136e+02
1.443078618431091309e+04,3.508641825751188890e+02
1.443579497838020325e+04,3.508641831874097079e+02
1.444080763030052185e+04,3.508641820252795469e+02
1.444582445693016052e+04,3.508641831939179383e+02
1.445082866382598877e+04,3.508641829370273513e+02
1.445584566211700439e+04,3.508641831690989079e+02
1.446087930202484131e+04,3.508641833719192391e+02
1.446588796257972717e+04,3.508641841943789359e+02
1.447089624333381653e+04,3.508641832119977835e+02
1.447590738010406494e+04,3.508641840422807263e+02
1.448091588306427002e+04,3.508641833975578948e+02
1.448593200349807739e+04,3.508641834328956293e+02
1.449096097302436829e+04,3.508641840722442566e+02
1.449599313282966614e+04,3.508641831679267398e+02
1.450099739432334900e+04,3.508641836826814711e+02
1.450600632047653198e+04,3.508641838838884155e+02
1.451101568984985352e+04,3.508641831148118513e+02
1.451602214646339417e+04,3.508641832653600545e+02
1.452104025530815125e+04,3.508641836985054852e+02
1.452604839253425598e+04,3.508641836555112832e+02
1.453106271600723267e+04,3.508641836923331425e+02
1.453607894730567932e+04,3.508641836974098283e+02
1.454109529852867126e+04,3.508641831882483757e+02
1.454610399127006531e+04,3.508641838342678057e+02
1.455112264108657837e+04,3.508641837489403201e+02
1.455615391826629639e+04,3.508641836444681417e+02
1.456118462038040161e+04,3.508641829651387525e+02
1.456621661162376404e+04,3.508641842948688918e+02
1.457122369599342346e+04,3.508641839401999505e+02
1.457623507547378540e+04,3.508641852941720458e+02
1.458124255132675171e+04,3.508641851437080845e+02
1.458626073694229126e+04,3.508641849260155254e+02
1.459127792763710022e+04,3.508641852808257795e+02
1.459631357550621033e+04,3.508641847144147619e+02
1.460133510303497314e+04,3.508641849967016810e+02
1.460636752963066101e+04,3.508641846760187377e+02
1.461139213442802429e+04,3.508641852367709362e+02
1.461642008399963379e+04,3.508641856913910715e+02
1.462144806051254272e+04,3.508641849830544288e+02
1.462647566151618958e+04,3.508641855036031529e+02
1.463150183248519897e+04,3.508641853086554647e+02
1.463650646495819092e+04,3.508641856246724160e+02
1.464151637721061707e+04,3.508641858512941099e+02
1.464652529954910278e+04,3.508641856914738923e+02
1.465152988886833191e+04,3.508641853827480759e+02
1.465654680848121643e+04,3.508641855450735534e+02
1.466157480430603027e+04,3.508641854142542229e+02
1.466657964181900024e+04,3.508641865060127429e+02
1.467159363126754761e+04,3.508641860050991568e+02
1.467660539174079895e+04,3.508641859099568592e+02
1.468161866331100464e+04,3.508641863243303760e+02
1.468662492752075195e+04,3.508641856224559206e+02
1.469164894819259644e+04,3.508641869681656544e+02
1.469667307925224304e+04,3.508641863929323677e+02
1.470170102071762085e+04,3.508641867823076268e+02
1.470673394918441772e+04,3.508641863750918901e+02
1.471176201629638672e+04,3.508641862575825598e+02
1.471676866364479065e+04,3.508641861147987129e+02
1.472178021955490112e+04,3.508641860917343251e+02
1.472679393887519836e+04,3.508641870470725621e+02
1.473181178522109985e+04,3.508641869601697749e+02
1.473681766319274902e+04,3.508641875032832900e+02
1.474184315848350525e+04,3.508641870242213372e+02
1.474687339830398560e+04,3.508641881223396695e+02
1.475190095067024231e+04,3.508641871640344334e+02
1.475692682766914368e+04,3.508641873060376497e+02
1.476193061661720276e+04,3.508641880039646708e+02
1.476694952368736267e+04,3.508641872933719128e+02
1.477195516610145569e+04,3.508641873734008527e+02
1.477696556639671326e+04,3.508641874077038665e+02
1.478198503470420837e+04,3.508641873509481002e+02
1.478701440691947937e+04,3.508641872289417165e+02
1.479204370975494385e+04,3.508641871465507620e+02
1.479707140779495239e+04,3.508641874327621508e+02
1.480207495427131653e+04,3.508641871765395308e+02
1.480708666372299194e+04,3.508641869271692144e+02
1.481210441541671753e+04,3.508641874475612781e+02
1.481711154556274414e+04,3.508641869385982091e+02
1.482212350440025330e+04,3.508641865788232508e+02
1.482715513849258423e+04,3.508641859929118141e+02
1.483218314576148987e+04,3.508641870730337473e+02
1.483721117973327637e+04,3.508641853769550494e+02
1.484221704268455505e+04,3.508641865091211685e+02
1.484722823882102966e+04,3.508641866070224751e+02
1.485223866343498230e+04,3.508641868232429601e+02
1.485725701236724854e+04,3.508641861721733903e+02
1.486227634811401367e+04,3.508641856877538316e+02
1.486729177975654602e+04,3.508641858448936546e+02
1.487231801366806030e+04,3.508641862269716967e+02
1.487734664487838745e+04,3.508641858593824168e+02
1.488237814593315125e+04,3.508641857955879004e+02
1.488738492083549500e+04,3.508641856665133218e+02
1.489238993906974792e+04,3.508641853055385695e+02
1.489739863967895508e+04,3.508641859213681187e+02
1.490240566158294678e+04,3.508641852691911822e+02
1.490742894697189331e+04,3.508641854207454003e+02
1.491245662355422974e+04,3.508641855075516105e+02
1.491748526024818420e+04,3.508641853429282946e+02
1.492251359248161316e+04,3.508641862044247546e+02
1.492754456353187561e+04,3.508641853201108916e+02
1.493257479453086853e+04,3.508641856108256434e+02
1.493760566210746765e+04,3.508641863274531261e+02
1.494263473749160767e+04,3.508641856724590866e+02
1.494766317152976990e+04,3.508641856448051044e+02
1.495269566082954407e+04,3.508641857065097156e+02
1.495772656750679016e+04,3.508641850826330710e+02
1.496275866842269897e+04,3.508641859530582110e+02
1.496777894806861877e+04,3.508641859698832377e+02
1.497280401706695557e+04,3.508641854632970194e+02
1.497783394861221313e+04,3.508641853607178973e+02
1.498286400055885315e+04,3.508641853730194953e+02
1.498786962723731995e+04,3.508641856714847336e+02
1.499287777090072632e+04,3.508641856620141652e+02
1.499788295555114746e+04,3.508641863191388097e+02
1.500289096927642822e+04,3.508641855523682125e+02
1.500791193079948425e+04,3.508641853921187135e+02
1.501291867303848267e+04,3.508641855369585869e+02
1.501793759632110596e+04,3.508641857602074765e+02
1.502294171857833862e+04,3.508641853416166327e+02
1.502795362210273743e+04,3.508641854742995179e+02
1.503296232342720032e+04,3.508641853400047808e+02
1.503798826241493225e+04,3.508641855761117085e+02
1.504302030277252197e+04,3.508641867645899879e+02
1.504804835319519043e+04,3.508641861368491845e+02
1.505307526063919067e+04,3.508641856076560543e+02
1.505807885837554932e+04,3.508641857695591284e+02
1.506309829545021057e+04,3.508641860394383230e+02
1.506810201072692871e+04,3.508641858795710391e+02
1.507311195015907288e+04,3.508641870864009320e+02
1.507813766646385193e+04,3.508641866962361746e+02
1.508317098069190979e+04,3.508641869161012892e+02
1.508819418740272522e+04,3.508641862868383896e+02
1.509319792938232422e+04,3.508641870752120440e+02
1.509821141052246094e+04,3.508641865237782440e+02
1.510321471714973450e+04,3.508641866673519871e+02
1.510822715473175049e+04,3.508641866519884047e+02
1.511324418950080872e+04,3.508641868705795446e+02
1.511827063083648682e+04,3.508641870373129450e+02
1.512327797532081604e+04,3.508641865044525616e+02
1.512828342580795288e+04,3.508641875404669577e+02
1.513329337859153748e+04,3.508641866802003051e+02
1.513830309486389160e+04,3.508641868886510906e+02
1.514332028150558472e+04,3.508641875738812814e+02
1.514834632682800293e+04,3.508641870991824021e+02
1.515337532496452332e+04,3.508641872398979444e+02
1.515840500807762146e+04,3.508641867526575879e+02
1.516341234135627747e+04,3.508641868513851705e+02
1.516842375850677490e+04,3.508641862861884988e+02
1.517343116998672485e+04,3.508641869765090746e+02
1.517844410014152527e+04,3.508641870646544021e+02
1.518345991849899292e+04,3.508641876055012290e+02
1.518849409699440002e+04,3.508641867950368010e+02
1.519352574729919434e+04,3.508641866025087666e+02
1.519855130124092102e+04,3.508641868890169917e+02
1.520357967066764832e+04,3.508641867501195861e+02
1.520860894727706909e+04,3.508641863909914491e+02
1.521363405728340149e+04,3.508641873047972126e+02
1.521866412425041199e+04,3.508641861908881765e+02
1.522368797564506531e+04,3.508641865379316869e+02
1.522871666312217712e+04,3.508641867444667355e+02
1.523374299097061157e+04,3.508641861692677821e+02
1.523876665568351746e+04,3.508641861621783846e+02
1.524379097390174866e+04,3.508641863652512143e+02
1.524882216787338257e+04,3.508641870438668775e+02
1.525384757471084595e+04,3.508641866569699914e+02
1.525887777829170227e+04,3.508641861677698444e+02
1.526390409636497498e+04,3.508641867659793547e+02
1.526893361163139343e+04,3.508641870301781864e+02
1.527395852732658386e+04,3.508641865363755414e+02
1.527898667335510254e+04,3.508641862476717961e+02
1.528402221703529358e+04,3.508641859887202941e+02
1.528904895734786987e+04,3.508641862366184228e+02
1.529407851624488831e+04,3.508641865130589395e+02
1.529910456442832947e+04,3.508641863538786083e+02
1.530413772892951965e+04,3.508641858964350604e+02
1.530916981172561646e+04,3.508641861700486402e+02
1.531419274473190308e+04,3.508641864464929085e+02
1.531922235012054443e+04,3.508641856954721447e+02
1.532425685667991638e+04,3.508641862529311766e+02
1.532928065633773804e+04,3.508641863592214918e+02
1.533430845260620117e+04,3.508641862766331769e+02
1.533934266138076782e+04,3.508641863657144313e+02
1.534436866283416748e+04,3.508641862160949358e+02
1.534939338588714600e+04,3.508641861464121234e+02
1.535440147161483765e+04,3.508641863612002112e+02
1.535940682625770569e+04,3.508641863425739302e+02
1.536441070508956909e+04,3.508641861324445586e+02
1.536942098069190979e+04,3.508641855849726312e+02
1.537444301462173462e+04,3.508641859855180201e+02
1.537947104310989380e+04,3.508641858301126604e+02
1.538450344896316528e+04,3.508641859718082969e+02
1.538950737762451172e+04,3.508641852034648423e+02
1.539451452350616455e+04,3.508641864270890096e+02
1.539953232765197754e+04,3.508641851252821198e+02
1.540454692029953003e+04,3.508641851128367080e+02
1.540956781792640686e+04,3.508641854580582731e+02
1.541459380269050598e+04,3.508641852071560265e+02
1.541960566067695618e+04,3.508641856240621451e+02
1.542461982369422913e+04,3.508641857019316035e+02
1.542963870763778687e+04,3.508641853972837339e+02
1.543465141224861145e+04,3.508641862706347752e+02
1.543966335463523865e+04,3.508641859285715441e+02
1.544467421221733093e+04,3.508641853965490327e+02
1.544970600390434265e+04,3.508641861169598428e+02
1.545472977089881897e+04,3.508641857252860632e+02
1.545976238632202148e+04,3.508641860382688833e+02
1.546476862430572510e+04,3.508641858788271293e+02
1.546978173923492432e+04,3.508641853414062552e+02
1.547479634261131287e+04,3.508641852850891496e+02
1.547980195450782776e+04,3.508641855971207519e+02
1.548482351350784302e+04,3.508641851708741797e+02
1.548985049390792847e+04,3.508641855930974884e+02
1.549487692523002625e+04,3.508641857549109773e+02
1.549990796589851379e+04,3.508641857410467537e+02
1.550494363284111023e+04,3.508641858288435174e+02
1.550997448897361755e+04,3.508641847175674684e+02
1.551500218510627747e+04,3.508641861944494167e+02
1.552003301811218262e+04,3.508641863106529399e+02
1.552506426310539246e+04,3.508641865271236497e+02
1.553009785103797913e+04,3.508641860544985889e+02
1.553510695338249207e+04,3.508641859444998090e+02
1.554011133861541748e+04,3.508641860777642592e+02
1.554511794495582581e+04,3.508641860221516140e+02
1.555013001561164856e+04,3.508641861471103311e+02
1.555513440704345703e+04,3.508641857389367260e+02
1.556014696788787842e+04,3.508641852654076274e+02
1.556515811586380005e+04,3.508641854817680041e+02
1.557016815662384033e+04,3.508641847830343181e+02
1.557517559623718262e+04,3.508641850756879990e+02
1.558020375680923462e+04,3.508641853420142525e+02
1.558523126769065857e+04,3.508641849183312615e+02
1.559026166844367981e+04,3.508641850628484349e+02
1.559526678872108459e+04,3.508641848058945811e+02
1.560028096318244934e+04,3.508641847237065008e+02
1.560529441046714783e+04,3.508641844645897550e+02
1.561030795383453369e+04,3.508641850545455441e+02
1.561532459402084351e+04,3.508641849151084102e+02
1.562035116958618164e+04,3.508641843032511929e+02
1.562537895655632019e+04,3.508641842230939574e+02
1.563040812444686890e+04,3.508641841351229118e+02
1.563543460726737976e+04,3.508641850480789230e+02
1.564044672155380249e+04,3.508641844290153813e+02
1.564545405793190002e+04,3.508641846981585672e+02
1.565046898221969604e+04,3.508641842636324668e+02
1.565548397231101990e+04,3.508641842230586576e+02
1.566049095916748047e+04,3.508641838075259329e+02
1.566550866222381592e+04,3.508641835624544569e+02
1.567053850102424622e+04,3.508641835904030586e+02
1.567556795239448547e+04,3.508641829903651796e+02
1.568059648728370667e+04,3.508641828746446549e+02
1.568562260627746582e+04,3.508641830381406521e+02
1.569065073394775391e+04,3.508641821804383198e+02
1.569567885756492615e+04,3.508641824768464517e+02
1.570070668482780457e+04,3.508641828813364327e+02
1.570573532342910767e+04,3.508641827446941193e+02
1.571076903128623962e+04,3.508641831664533015e+02
1.571579463839530945e+04,3.508641819984471795e+02
1.572082566714286804e+04,3.508641830402012829e+02
1.572585476446151733e+04,3.508641828665795401e+02
1.573088245296478271e+04,3.508641825773485152e+02
1.573591184806823730e+04,3.508641827540284908e+02
1.574094414138793945e+04,3.508641827907835022e+02
1.574595367479324341e+04,3.508641822144790581e+02
1.575095912456512451e+04,3.508641825517829602e+02
1.575597230434417725e+04,3.508641819284966914e+02
1.576097685790061951e+04,3.508641825010113848e+02
1.576599867010116577e+04,3.508641830737000760e+02
1.577102666974067688e+04,3.508641827696383757e+02
1.577604883861541748e+04,3.508641826878575216e+02
1.578107766437530518e+04,3.508641828874688144e+02
1.578611116862297058e+04,3.508641823579462766e+02
1.579113677191734314e+04,3.508641826992543997e+02
1.579616205477714539e+04,3.508641820936004478e+02
1.580119407963752747e+04,3.508641819412118821e+02
1.580622319865226746e+04,3.508641827355124292e+02
1.581125481128692627e+04,3.508641819197585505e+02
1.581625835943222046e+04,3.508641819143909970e+02
1.582126849341392517e+04,3.508641820299464484e+02
1.582627510452270508e+04,3.508641821882001750e+02
1.583128344941139221e+04,3.508641823926882353e+02
1.583630636596679688e+04,3.508641818903064973e+02
1.584131258010864258e+04,3.508641812084554203e+02
1.584632964158058167e+04,3.508641820864934289e+02
1.585133618068695068e+04,3.508641820682687467e+02
1.585634551548957825e+04,3.508641821874489324e+02
1.586135884189605713e+04,3.508641816006902445e+02
1.586638955044746399e+04,3.508641813544529668e+02
1.587139437294006348e+04,3.508641811785232676e+02
1.587640442037582397e+04,3.508641810527121834e+02
1.588141494965553284e+04,3.508641815747781720e+02
1.588642045974731445e+04,3.508641809838571248e+02
1.589144174218177795e+04,3.508641811624614206e+02
1.589647221946716309e+04,3.508641812949201721e+02
1.590150431513786316e+04,3.508641813967612393e+02
1.590653237175941467e+04,3.508641816580131376e+02
1.591155654644966125e+04,3.508641819871336338e+02
1.591658982086181641e+04,3.508641815334279386e+02
1.592161566162109375e+04,3.508641815155576182e+02
1.592664555549621582e+04,3.508641817617112224e+02
1.593167119812965393e+04,3.508641815295104607e+02
1.593670013856887817e+04,3.508641818109330757e+02
1.594172588801383972e+04,3.508641818746742160e+02
1.594673123550415039e+04,3.508641815444939311e+02
1.595174300789833069e+04,3.508641828974313626e+02
1.595674969077110291e+04,3.508641821967979126e+02
1.596175666451454163e+04,3.508641819572194436e+02
1.596677635550498962e+04,3.508641820111951120e+02
1.597181395387649536e+04,3.508641814645284853e+02
1.597682815623283386e+04,3.508641821265487692e+02
1.598185866498947144e+04,3.508641823669828455e+02
1.598689502668380737e+04,3.508641810475364196e+02
1.599191819047927856e+04,3.508641816261902022e+02
1.599694576883316040e+04,3.508641823369803774e+02
1.600197572469711304e+04,3.508641823637663038e+02
1.600700165724754333e+04,3.508641816704319467e+02
1.601203474044799805e+04,3.508641814613678207e+02
1.601706673932075500e+04,3.508641814877070146e+02
1.602208766269683838e+04,3.508641816245302039e+02
1.602711137223243713e+04,3.508641817878394136e+02
1.603213950395584106e+04,3.508641813494052712e+02
1.603716894698143005e+04,3.508641818391971583e+02
1.604219333863258362e+04,3.508641816848959252e+02
1.604722936725616455e+04,3.508641819545077283e+02
1.605225906300544739e+04,3.508641810225292375e+02
1.605728490066528320e+04,3.508641817422991949e+02
1.606231854033470154e+04,3.508641819554902099e+02
1.606734121704101562e+04,3.508641818168502482e+02
1.607237093973159790e+04,3.508641818004764446e+02
1.607739663386344910e+04,3.508641816187505356e+02
1.608242610526084900e+04,3.508641823560121793e+02
1.608745566964149475e+04,3.508641813919758192e+02
1.609248685455322266e+04,3.508641824025855271e+02
1.609751706194877625e+04,3.508641826167549311e+02
1.610254499149322510e+04,3.508641826304569236e+02
1.610757824921607971e+04,3.508641824271487053e+02
1.611260706734657288e+04,3.508641823750408548e+02
1.611763566184043884e+04,3.508641821779480097e+02
1.612266995334625244e+04,3.508641822533713253e+02
1.612769722485542297e+04,3.508641824598514063e+02
1.613273008942604065e+04,3.508641822401650643e+02
1.613775194931030273e+04,3.508641817924030306e+02
1.614278204464912415e+04,3.508641828629200745e+02
1.614780713319778442e+04,3.508641820522913122e+02
1.615283993840217590e+04,3.508641817810405996e+02
1.615786695289611816e+04,3.508641825886170977e+02
1.616289509344100952e+04,3.508641820567079890e+02
1.616790142893791199e+04,3.508641816652723833e+02
1.617290814948081970e+04,3.508641823764895662e+02
1.617791924262046814e+04,3.508641825680427928e+02
1.618293041920661926e+04,3.508641824089210672e+02
1.618795864915847778e+04,3.508641822975989157e+02
1.619299597764015198e+04,3.508641823497312657e+02
1.619802530193328857e+04,3.508641826268507771e+02
1.620305719709396362e+04,3.508641829333451483e+02
1.620809049153327942e+04,3.508641826612060299e+02
1.621312336182594299e+04,3.508641819551131675e+02
1.621814711236953735e+04,3.508641831458736533e+02
1.622316882538795471e+04,3.508641823568929112e+02
1.622819430708885193e+04,3.508641825751684564e+02
1.623322014784812927e+04,3.508641822559747538e+02
1.623825242543220520e+04,3.508641819697272695e+02
1.624328078937530518e+04,3.508641820609703927e+02
1.624830799841880798e+04,3.508641826222962550e+02
1.625333417916297913e+04,3.508641825183993888e+02
1.625836647105216980e+04,3.508641821296125727e+02
1.626339140152931213e+04,3.508641824342601012e+02
1.626840159487724304e+04,3.508641828646379963e+02
1.627341061449050903e+04,3.508641816202932660e+02
1.627842419600486755e+04,3.508641823421513664e+02
1.628343225526809692e+04,3.508641817409199462e+02
1.628843653941154480e+04,3.508641820831531959e+02
1.629344274520874023e+04,3.508641819945701172e+02
1.629845372128486633e+04,3.508641818522347648e+02
1.630345866441726685e+04,3.508641823542942006e+02
1.630847410440444946e+04,3.508641817669249576e+02
1.631347820878028870e+04,3.508641816760970755e+02
1.631848871016502380e+04,3.508641820090231249e+02
1.632350296759605408e+04,3.508641822157615593e+02
1.632851346445083618e+04,3.508641823925834728e+02
1.633352978324890137e+04,3.508641822261417929e+02
1.633855709218978882e+04,3.508641817177243070e+02
1.634356470155715942e+04,3.508641817248878283e+02
1.634857096242904663e+04,3.508641816840681145e+02
1.635358614850044250e+04,3.508641828548478543e+02
1.635859262442588806e+04,3.508641820570127265e+02
1.636360360026359558e+04,3.508641818740708800e+02
1.636862536048889160e+04,3.508641817460646735e+02
1.637365145635604858e+04,3.508641813407094219e+02
1.637865960383415222e+04,3.508641821189409029e+02
1.638367362213134766e+04,3.508641823283737722e+02
1.638868172287940979e+04,3.508641815151478340e+02
1.639370055580139160e+04,3.508641812205464703e+02
1.639871687650680542e+04,3.508641816402591189e+02
1.640373007321357727e+04,3.508641812539515854e+02
1.640875759887695312e+04,3.508641818810910991e+02
1.641380495429039001e+04,3.508641818713654743e+02
1.641883664011955261e+04,3.508641816647027554e+02
1.642386239719390869e+04,3.508641812372787285e+02
1.642889566159248352e+04,3.508641823749238711e+02
1.643392667341232300e+04,3.508641820539636456e+02
1.643895954823493958e+04,3.508641820412872789e+02
1.644398480534553528e+04,3.508641826735363907e+02
1.644901783466339111e+04,3.508641827719245043e+02
1.645404300570487976e+04,3.508641819433507294e+02
1.645905226588249207e+04,3.508641819707748368e+02
1.646406499719619751e+04,3.508641818370283545e+02
1.646906808543205261e+04,3.508641822993079131e+02
1.647408766341209412e+04,3.508641822501696197e+02
1.647910699176788330e+04,3.508641817765872588e+02
1.648411778879165649e+04,3.508641815165068465e+02
1.648914665031433105e+04,3.508641823734541845e+02
1.649417295694351196e+04,3.508641827179955612e+02
1.649919994854927063e+04,3.508641818190923232e+02
1.650422301483154297e+04,3.508641822325187718e+02
1.650925426912307739e+04,3.508641809653431665e+02
1.651427894926071167e+04,3.508641814702168062e+02
1.651930589532852173e+04,3.508641806873385462e+02
1.652433115530014038e+04,3.508641818449796688e+02
1.652935768389701843e+04,3.508641812470487480e+02
1.653438495826721191e+04,3.508641815559310544e+02
1.653941486072540283e+04,3.508641818410671931e+02
1.654442517709732056e+04,3.508641806509593266e+02
1.654943333697319031e+04,3.508641814963972934e+02
1.655444017887115479e+04,3.508641812456733646e+02
1.655945108413696289e+04,3.508641817828404328e+02
1.656447894787788391e+04,3.508641815235991430e+02
1.656948364925384521e+04,3.508641812914399907e+02
1.657448766303062439e+04,3.508641813605765378e+02
1.657949539113044739e+04,3.508641812572562344e+02
1.658451508116722107e+04,3.508641807836646649e+02
1.658952771353721619e+04,3.508641801003265073e+02
1.659455869507789612e+04,3.508641809136299798e+02
1.659959280276298523e+04,3.508641801226264079e+02
1.660461566209793091e+04,3.508641803140455409e+02
1.660964534854888916e+04,3.508641803236655505e+02
1.661465237259864807e+04,3.508641797058937755e+02
1.661967001390457153e+04,3.508641800902254886e+02
1.662468388485908508e+04,3.508641797644705775e+02
1.662969832134246826e+04,3.508641790848422488e+02
1.663471720099449158e+04,3.508641798201300617e+02
1.663973307037353516e+04,3.508641799312916874e+02
1.664475737285614014e+04,3.508641803570219508e+02
1.664978772950172424e+04,3.508641801111360223e+02
1.665482095360755920e+04,3.508641807111086450e+02
1.665985568165779114e+04,3.508641806906886700e+02
1.666488338613510132e+04,3.508641798788058850e+02
1.666991369295120239e+04,3.508641803805133463e+02
1.667494457602500916e+04,3.508641805376853426e+02
1.667997312974929810e+04,3.508641802190991257e+02
1.668500482845306396e+04,3.508641805153205269e+02
1.669003631448745728e+04,3.508641809805362755e+02
1.669506649136543274e+04,3.508641806630584483e+02
1.670009506058692932e+04,3.508641810392342109e+02
1.670512422466278076e+04,3.508641806772311043e+02
1.671012803363800049e+04,3.508641802775441079e+02
1.671513419532775879e+04,3.508641802884982894e+02
1.672014798545837402e+04,3.508641806071221936e+02
1.672515823364257812e+04,3.508641801103816533e+02
1.673016967868804932e+04,3.508641809607900655e+02
1.673519518280029297e+04,3.508641799985746275e+02
1.674022679638862610e+04,3.508641806095862421e+02
1.674525378155708313e+04,3.508641807032266229e+02
1.675028382492065430e+04,3.508641806093466471e+02
1.675531251287460327e+04,3.508641804216608193e+02
1.676034459543228149e+04,3.508641806871296467e+02
1.676537069678306580e+04,3.508641808447838457e+02
1.677037495398521423e+04,3.508641803062184863e+02
1.677538083696365356e+04,3.508641800801244699e+02
1.678038866329193115e+04,3.508641799575126470e+02
1.678540803790092468e+04,3.508641796953563130e+02
1.679041722869873047e+04,3.508641806164434911e+02
1.679543980526924133e+04,3.508641803373993753e+02
1.680046837019920349e+04,3.508641801209602704e+02
1.680547521209716797e+04,3.508641782314562079e+02
1.681049195075035095e+04,3.508641798663389295e+02
1.681550236821174622e+04,3.508641799382239697e+02
1.682051425337791443e+04,3.508641798989742711e+02
1.682552031111717224e+04,3.508641799133981181e+02
1.683054366421699524e+04,3.508641801085686325e+02
1.683558015394210815e+04,3.508641796808681761e+02
1.684060695791244507e+04,3.508641798201564939e+02
1.684563336253166199e+04,3.508641796937116055e+02
1.685066639161109924e+04,3.508641805055492568e+02
1.685567105817794800e+04,3.508641801956208042e+02
1.686068848657608032e+04,3.508641800675022182e+02
1.686570417690277100e+04,3.508641805209605877e+02
1.687071795797348022e+04,3.508641806932836857e+02
1.687572996902465820e+04,3.508641799772821059e+02
1.688074596047401428e+04,3.508641803682575642e+02
1.688577894830703735e+04,3.508641802559616281e+02
1.689080599784851074e+04,3.508641800823266976e+02
1.689581132316589355e+04,3.508641801986713631e+02
1.690081612730026245e+04,3.508641800996123834e+02
1.690582011246681213e+04,3.508641799770968532e+02
1.691083470964431763e+04,3.508641801780765377e+02
1.691586314296722412e+04,3.508641804306070071e+02
1.692088697600364685e+04,3.508641807511116895e+02
1.692591496920585632e+04,3.508641804089450034e+02
1.693095074033737183e+04,3.508641800247039555e+02
1.693597966837882996e+04,3.508641796793579033e+02
1.694100282502174377e+04,3.508641808164298368e+02
1.694603253698348999e+04,3.508641804786023499e+02
1.695106228804588318e+04,3.508641804855461146e+02
1.695608894848823547e+04,3.508641797349213221e+02
1.696112334108352661e+04,3.508641803759179538e+02
1.696614701461791992e+04,3.508641803987543426e+02
1.697117750334739685e+04,3.508641805456774705e+02
1.697621077132225037e+04,3.508641806663998182e+02
1.698123884034156799e+04,3.508641805839118888e+02
1.698624966883659363e+04,3.508641810795843980e+02
1.699125443673133850e+04,3.508641803368099659e+02
1.699627156710624695e+04,3.508641806618567784e+02
1.700129050660133362e+04,3.508641800295640110e+02
1.700629814600944519e+04,3.508641799931357923e+02
1.701131826448440552e+04,3.508641804505084565e+02
1.701635301947593689e+04,3.508641802428214760e+02
1.702136240863800049e+04,3.508641800889951696e+02
1.702637545776367188e+04,3.508641804006502412e+02
1.703138827824592590e+04,3.508641800453088990e+02
1.703639894056320190e+04,3.508641803700970172e+02
1.704141129612922668e+04,3.508641806258629572e+02
1.704643665051460266e+04,3.508641799777605002e+02
1.705147125077247620e+04,3.508641804513662237e+02
1.705649348187446594e+04,3.508641804610248869e+02
1.706152188968658447e+04,3.508641802371262202e+02
1.706655063366889954e+04,3.508641810088589637e+02
1.707155831003189087e+04,3.508641806766896707e+02
1.707656195211410522e+04,3.508641808628280501e+02
1.708156766247749329e+04,3.508641798742524429e+02
1.708658022332191467e+04,3.508641800512291411e+02
1.709159343886375427e+04,3.508641806159769772e+02
1.709661894774436951e+04,3.508641799837687358e+02
1.710162516713142395e+04,3.508641808169187470e+02
1.710662970805168152e+04,3.508641805223319921e+02
1.711164153242111206e+04,3.508641800379751885e+02
1.711665570926666260e+04,3.508641790245735024e+02
1.712166766452789307e+04,3.508641792399584460e+02
1.712667339301109314e+04,3.508641796900301415e+02
1.713167806434631348e+04,3.508641804739803547e+02
1.713669493460655212e+04,3.508641806866597790e+02
1.714170144677162170e+04,3.508641802454234835e+02
1.714672195672988892e+04,3.508641802048133513e+02
1.715174587225914001e+04,3.508641809355360692e+02
1.715677096819877625e+04,3.508641806850860689e+02
1.716180169916152954e+04,3.508641806694524803e+02
1.716683478236198425e+04,3.508641809217114655e+02
1.717186691164970398e+04,3.508641799182882437e+02
1.717689076852798462e+04,3.508641805576381785e+02
1.718192095422744751e+04,3.508641802645250891e+02
1.718694496989250183e+04,3.508641802330743644e+02
1.719197097229957581e+04,3.508641800841607505e+02
1.719697781801223755e+04,3.508641801887765155e+02
1.720198868298530579e+04,3.508641810117828186e+02
1.720699335527420044e+04,3.508641801540666165e+02
1.721200440263748169e+04,3.508641810229951830e+02
1.721702768850326538e+04,3.508641809699622058e+02
1.722205638289451599e+04,3.508641813286036495e+02
1.722708684349060059e+04,3.508641813820499920e+02
1.723211465191841125e+04,3.508641813021524172e+02
1.723714375209808350e+04,3.508641803440720537e+02
1.724217472600936890e+04,3.508641809131291893e+02
1.724720460796356201e+04,3.508641814685415170e+02
1.725223447680473328e+04,3.508641818225257225e+02
1.725725883865356445e+04,3.508641820281940227e+02
1.726228051972389221e+04,3.508641814558939132e+02
1.726730164599418640e+04,3.508641815727741005e+02
1.727232566189765930e+04,3.508641825014699407e+02
1.727734771203994751e+04,3.508641815918161342e+02
1.728237373971939087e+04,3.508641825528323466e+02
1.728740074706077576e+04,3.508641816680139982e+02
1.729243139910697937e+04,3.508641824686248469e+02
1.729746564173698425e+04,3.508641821388835069e+02
1.730246866393089294e+04,3.508641821181078058e+02
1.730748373174667358e+04,3.508641824769677555e+02
1.731249008989334106e+04,3.508641825567955834e+02
1.731750869488716125e+04,3.508641827650926643e+02
1.732252070188522339e+04,3.508641825630278959e+02
1.732754834628105164e+04,3.508641825290885095e+02
1.733257417201995850e+04,3.508641820924015065e+02
1.733760338401794434e+04,3.508641824282169637e+02
1.734262973856925964e+04,3.508641830291917358e+02
1.734763455152511597e+04,3.508641826806107247e+02
1.735264022994041443e+04,3.508641821591581902e+02
1.735765217471122742e+04,3.508641829205569138e+02
1.736267749357223511e+04,3.508641817462213339e+02
1.736770566201210022e+04,3.508641822736077529e+02
1.737273395991325378e+04,3.508641819510318669e+02
1.737775536489486694e+04,3.508641818292141465e+02
1.738278624296188354e+04,3.508641814854183849e+02
1.738781566143035889e+04,3.508641818583942609e+02
1.739284916543960571e+04,3.508641819880627395e+02
1.739787908840179443e+04,3.508641814427525105e+02
1.740290788435935974e+04,3.508641815215537463e+02
1.740793365955352783e+04,3.508641809685881867e+02
1.741296115970611572e+04,3.508641821118499138e+02
1.741798566174507141e+04,3.508641818443586544e+02
1.742301686000823975e+04,3.508641817332922983e+02
1.742804323410987854e+04,3.508641815808771867e+02
1.743306801986694336e+04,3.508641818408015638e+02
1.743810076570510864e+04,3.508641819544933469e+02
1.744310540080070496e+04,3.508641816447458837e+02
1.744811732220649719e+04,3.508641822526295186e+02
1.745313511490821838e+04,3.508641815306708622e+02
1.745814666199684143e+04,3.508641815837244735e+02
1.746315351700782776e+04,3.508641816729749507e+02
1.746817335963249207e+04,3.508641819114812961e+02
1.747320363879203796e+04,3.508641813055666603e+02
1.747823450946807861e+04,3.508641822915512876e+02
1.748326566243171692e+04,3.508641825938782404e+02
1.748829320669174194e+04,3.508641823616413831e+02
1.749332453608512878e+04,3.508641825769919933e+02
1.749835791516304016e+04,3.508641821076973883e+02
1.750338929152488708e+04,3.508641827146790320e+02
1.750839436769485474e+04,3.508641824225145456e+02
1.751340691471099854e+04,3.508641828824508480e+02
1.751841679072380066e+04,3.508641825656629294e+02
1.752342835140228271e+04,3.508641824832913017e+02
1.752844217443466187e+04,3.508641824961352995e+02
1.753346384572982788e+04,3.508641834051078376e+02
1.753848844027519226e+04,3.508641836579328697e+02
1.754351712489128113e+04,3.508641830541256468e+02
1.754854395675659180e+04,3.508641830349633892e+02
1.755357164549827576e+04,3.508641836104436038e+02
1.755859735536575317e+04,3.508641836474563434e+02
1.756363295340538025e+04,3.508641835657694514e+02
1.756866439390182495e+04,3.508641836377330492e+02
1.757368923306465149e+04,3.508641838445802250e+02
1.757872342610359192e+04,3.508641842477118757e+02
1.758375389313697815e+04,3.508641845176517791e+02
1.758875824761390686e+04,3.508641841924716118e+02
1.759377442550659180e+04,3.508641842888312112e+02
1.759878484582901001e+04,3.508641849022546353e+02
1.760379173588752747e+04,3.508641849783867315e+02
1.760879522633552551e+04,3.508641851141128996e+02
1.761380860304832458e+04,3.508641846848061050e+02
1.761881879687309265e+04,3.508641842631103032e+02
1.762384061408042908e+04,3.508641847241278242e+02
1.762884821629524231e+04,3.508641851225261803e+02
1.763386136746406555e+04,3.508641854532500020e+02
1.763887566113471985e+04,3.508641855639780260e+02
1.764388950419425964e+04,3.508641860421298588e+02
1.764890412259101868e+04,3.508641851830802239e+02
1.765393122053146362e+04,3.508641859073227920e+02
1.765896013069152832e+04,3.508641869544032375e+02
1.766398918104171753e+04,3.508641863738105826e+02
1.766902267718315125e+04,3.508641866380403371e+02
1.767402982115745544e+04,3.508641871141628030e+02
1.767903882193565369e+04,3.508641873273599003e+02
1.768404348492622375e+04,3.508641861281370780e+02
1.768905348682403564e+04,3.508641870906091071e+02
1.769408302760124207e+04,3.508641877406063259e+02
1.769911361384391785e+04,3.508641870957615083e+02
1.770414294576644897e+04,3.508641877739730717e+02
1.770917628693580627e+04,3.508641876066810710e+02
1.771420666360855103e+04,3.508641872289935009e+02
1.771923580503463745e+04,3.508641879945869846e+02
1.772426894760131836e+04,3.508641877984615576e+02
1.772930247712135315e+04,3.508641868173118610e+02
1.773432837080955505e+04,3.508641880717605659e+02
1.773934934401512146e+04,3.508641878136504033e+02
1.774435964083671570e+04,3.508641871467947340e+02
1.774936497998237610e+04,3.508641870292868816e+02
1.775437397885322571e+04,3.508641870179448006e+02
1.775938662886619568e+04,3.508641867206798679e+02
1.776439660000801086e+04,3.508641867313968987e+02
1.776942095446586609e+04,3.508641862268517571e+02
1.777444444489479065e+04,3.508641868565009645e+02
1.777947556948661804e+04,3.508641863849355786e+02
1.778450398707389832e+04,3.508641865504571342e+02
1.778952567100524902e+04,3.508641865145649490e+02
1.779455077624320984e+04,3.508641862307979977e+02
1.779955864167213440e+04,3.508641866247409666e+02
1.780456714010238647e+04,3.508641859901143221e+02
1.780958005404472351e+04,3.508641863085521209e+02
1.781459801530838013e+04,3.508641862303302332e+02
1.781960713315010071e+04,3.508641862918015022e+02
1.782463808560371399e+04,3.508641862788869616e+02
1.782966808509826660e+04,3.508641858817348407e+02
1.783469266438484192e+04,3.508641855868942798e+02
1.783972124719619751e+04,3.508641859104970990e+02
1.784475196957588196e+04,3.508641857435305837e+02
1.784978426551818848e+04,3.508641854439379699e+02
1.785481894755363464e+04,3.508641857283596437e+02
1.785984540700912476e+04,3.508641841208977326e+02
1.786487267041206360e+04,3.508641855904076579e+02
1.786990199851989746e+04,3.508641850567756819e+02
1.787491060614585876e+04,3.508641848657638320e+02
1.787991591954231262e+04,3.508641854102725688e+02
1.788493178606033325e+04,3.508641851269246104e+02
1.788994466304779053e+04,3.508641852995637578e+02
1.789495431017875671e+04,3.508641849867917131e+02
1.789998230957984924e+04,3.508641851941217169e+02
1.790501353549957275e+04,3.508641849725338488e+02
1.791004027819633484e+04,3.508641850628876568e+02
1.791507426476478577e+04,3.508641853320010000e+02
1.792010110139846802e+04,3.508641853098416163e+02
1.792513050317764282e+04,3.508641848082933734e+02
1.793015376186370850e+04,3.508641846991261559e+02
1.793518579769134521e+04,3.508641856103429859e+02
1.794021961474418640e+04,3.508641849129076604e+02
1.794525195574760437e+04,3.508641850672483429e+02
1.795027368783950806e+04,3.508641850912482596e+02
1.795527994871139526e+04,3.508641847853527338e+02
1.796028878235816956e+04,3.508641856255876519e+02
1.796530566072463989e+04,3.508641855401556882e+02
1.797031010007858276e+04,3.508641848695777981e+02
1.797532517361640930e+04,3.508641852927863738e+02
1.798034080028533936e+04,3.508641849857844477e+02
1.798537340855598450e+04,3.508641847493552177e+02
1.799037854409217834e+04,3.508641844459337449e+02
1.799538447475433350e+04,3.508641851372452152e+02
1.800038953304290771e+04,3.508641848316232768e+02
1.800540810990333557e+04,3.508641849342767500e+02
1.801043212223052979e+04,3.508641845366639700e+02
1.801545682907104492e+04,3.508641851212245797e+02
1.802048116040229797e+04,3.508641850684468864e+02
1.802551194763183594e+04,3.508641851261166380e+02
1.803053614139556885e+04,3.508641854949097478e+02
1.803556275534629822e+04,3.508641860294607113e+02
1.804059525585174561e+04,3.508641862797895783e+02
1.804562013220787048e+04,3.508641861007943135e+02
1.805064412426948547e+04,3.508641868717430725e+02
1.805567695236206055e+04,3.508641863563530023e+02
1.806070684051513672e+04,3.508641865507008788e+02
1.806573978018760681e+04,3.508641871077559813e+02
1.807077006745338440e+04,3.508641863531370291e+02
1.807580064678192139e+04,3.508641859255896520e+02
1.808082976675033569e+04,3.508641863718972331e+02
1.808585997724533081e+04,3.508641865492029410e+02
1.809089004206657410e+04,3.508641864781164941e+02
1.809592509961128235e+04,3.508641869071255428e+02
1.810094885849952698e+04,3.508641866809044245e+02
1.810595538926124573e+04,3.508641867622965265e+02
1.811096033620834351e+04,3.508641875267774140e+02
1.811596466898918152e+04,3.508641879755364243e+02
1.812097820305824280e+04,3.508641868213613861e+02
1.812599302840232849e+04,3.508641873083706173e+02
1.813101399326324463e+04,3.508641867587457455e+02
1.813603513860702515e+04,3.508641867658599267e+02
1.814106622433662415e+04,3.508641858047777191e+02
1.814609566187858582e+04,3.508641864039045117e+02
1.815109902596473694e+04,3.508641870072354436e+02
1.815611857438087463e+04,3.508641866406846930e+02
1.816113088321685791e+04,3.508641863559109311e+02
1.816614274144172668e+04,3.508641863190276808e+02
1.817115791273117065e+04,3.508641859781640733e+02
1.817618326902389526e+04,3.508641863354516204e+02
1.818121671319007874e+04,3.508641860938740820e+02
1.818624682426452637e+04,3.508641855223239077e+02
1.819127808070182800e+04,3.508641848991779852e+02
1.819630797100067139e+04,3.508641854717420188e+02
1.820133232355117798e+04,3.508641849342760111e+02
1.820635479617118835e+04,3.508641852257385381e+02
1.821138112330436707e+04,3.508641845461295929e+02
1.821638596272468567e+04,3.508641849102232868e+02
1.822139106130599976e+04,3.508641848063571729e+02
1.822639872574806213e+04,3.508641854406550920e+02
1.823140940451622009e+04,3.508641852731848303e+02
1.823642349123954773e+04,3.508641853855939985e+02
1.824146411156654358e+04,3.508641852917692745e+02
1.824648114442825317e+04,3.508641857070601304e+02
1.825150464296340942e+04,3.508641852237976195e+02
1.825653094863891602e+04,3.508641865008316927e+02
1.826153558087348938e+04,3.508641862786423644e+02
1.826655674576759338e+04,3.508641854359138392e+02
1.827156552505493164e+04,3.508641856489181237e+02
1.827658146882057190e+04,3.508641852738100511e+02
1.828159058713912964e+04,3.508641852011467677e+02
1.828660864925384521e+04,3.508641839988337665e+02
1.829164078235626221e+04,3.508641848236468945e+02
1.829666891026496887e+04,3.508641836895184838e+02
1.830169473171234131e+04,3.508641835194889609e+02
1.830672495365142822e+04,3.508641829916770121e+02
1.831175566649436951e+04,3.508641832408379173e+02
1.831679117941856384e+04,3.508641832217098226e+02
1.832181707596778870e+04,3.508641830666443298e+02
1.832684994959831238e+04,3.508641825007388775e+02
1.833187809300422668e+04,3.508641827417820309e+02
1.833690929436683655e+04,3.508641830516143614e+02
1.834193678879737854e+04,3.508641822230823095e+02
1.834696266531944275e+04,3.508641830053066428e+02
1.835199360728263855e+04,3.508641825896002615e+02
1.835701968574523926e+04,3.508641827132540811e+02
1.836204385280609131e+04,3.508641817101294578e+02
1.836706909847259521e+04,3.508641819018874912e+02
1.837209167504310608e+04,3.508641824914920448e+02
1.837712249517440796e+04,3.508641818404269088e+02
1.838215290951728821e+04,3.508641815534415400e+02
1.838715736222267151e+04,3.508641814767901224e+02
1.839216204357147217e+04,3.508641816253010575e+02
1.839716515254974365e+04,3.508641816270557001e+02
1.840217299818992615e+04,3.508641811095269532e+02
1.840720372200012207e+04,3.508641810743945371e+02
1.841223224234580994e+04,3.508641812028309346e+02
1.841726950097084045e+04,3.508641810984364611e+02
1.842230084824562073e+04,3.508641810168294910e+02
1.842731035947799683e+04,3.508641807538230069e+02
1.843231786203384399e+04,3.508641806526292726e+02
1.843732795500755310e+04,3.508641813248643757e+02
1.844233887887001038e+04,3.508641806128023859e+02
1.844735187721252441e+04,3.508641797080441620e+02
1.845237366032600403e+04,3.508641801403294949e+02
1.845737766242027283e+04,3.508641804647897970e+02
1.846238984847068787e+04,3.508641801188877594e+02
1.846739830017089844e+04,3.508641804163643769e+02
1.847241295433044434e+04,3.508641806490421686e+02
1.847743374300003052e+04,3.508641813574046182e+02
1.848246159434318542e+04,3.508641809436745689e+02
1.848748923516273499e+04,3.508641807730720643e+02
1.849252168917655945e+04,3.508641810592184811e+02
1.849754795813560486e+04,3.508641813309362192e+02
1.850257767033576965e+04,3.508641817182516434e+02
1.850760971045494080e+04,3.508641812781526710e+02
1.851263339996337891e+04,3.508641809568964618e+02
1.851766823530197144e+04,3.508641811768382013e+02
1.852269817090034485e+04,3.508641806875858720e+02
1.852772996211051941e+04,3.508641812433927498e+02
1.853276176571846008e+04,3.508641805561379670e+02
1.853779111146926880e+04,3.508641799239875922e+02
1.854282022666931152e+04,3.508641805204312618e+02
1.854784248781204224e+04,3.508641808300755542e+02
1.855287084937095642e+04,3.508641811704933389e+02
1.855789595389366150e+04,3.508641806869548532e+02
1.856293159866333008e+04,3.508641815872008465e+02
1.856795819592475891e+04,3.508641812275633356e+02
1.857298823142051697e+04,3.508641804177286190e+02
1.857801777672767639e+04,3.508641804140389695e+02
1.858302266907691956e+04,3.508641802561315330e+02
1.858802745532989502e+04,3.508641803013024969e+02
1.859304487919807434e+04,3.508641809110052918e+02
1.859805869507789612e+04,3.508641803686541039e+02
1.860307655477523804e+04,3.508641803293394901e+02
1.860808575749397278e+04,3.508641804174118306e+02
1.861308906221389771e+04,3.508641799821220957e+02
1.861810262537002563e+04,3.508641798253617026e+02
1.862311160039901733e+04,3.508641800882277835e+02
1.862812469339370728e+04,3.508641803296592343e+02
1.863313141512870789e+04,3.508641805769115081e+02
1.863815938496589661e+04,3.508641812102183053e+02
1.864319179248809814e+04,3.508641795124737541e+02
1.864821733331680298e+04,3.508641794302773746e+02
1.865324363636970520e+04,3.508641790060046333e+02
1.865827447867393494e+04,3.508641792436739593e+02
1.866330628275871277e+04,3.508641785463229894e+02
1.866833342194557190e+04,3.508641788695201740e+02
1.867336221909523010e+04,3.508641790959241575e+02
1.867838980770111084e+04,3.508641792041843814e+02
1.868339481639862061e+04,3.508641790978651329e+02
1.868839886498451233e+04,3.508641798651177055e+02
1.869340472769737244e+04,3.508641791563998140e+02
1.869842143654823303e+04,3.508641792504470232e+02
1.870343566226959229e+04,3.508641795260457457e+02
1.870846390008926392e+04,3.508641794167133412e+02
1.871348627328872681e+04,3.508641797058400016e+02
1.871851484560966492e+04,3.508641794930260289e+02
1.872354472184181213e+04,3.508641792049816672e+02
1.872856894850730896e+04,3.508641796332812532e+02
1.873357654285430908e+04,3.508641797867215928e+02
1.873858496856689453e+04,3.508641800918590548e+02
1.874359521007537842e+04,3.508641801534334945e+02
1.874861195254325867e+04,3.508641795822778704e+02
1.875362810158729553e+04,3.508641807806000656e+02
1.875865386080741882e+04,3.508641806025242431e+02
1.876367894744873047e+04,3.508641800306405116e+02
1.876870684218406677e+04,3.508641801372400550e+02
1.877372842693328857e+04,3.508641802392003228e+02
1.877875997853279114e+04,3.508641807074108101e+02
1.878378920698165894e+04,3.508641802385668029e+02
1.878881460881233215e+04,3.508641799971549631e+02
1.879384159660339355e+04,3.508641791305336142e+02
1.879884508800506592e+04,3.508641796432872866e+02
1.880385484194755554e+04,3.508641791642933754e+02
1.880886067104339600e+04,3.508641794003633549e+02
1.881386498284339905e+04,3.508641793042601194e+02
1.881889270639419556e+04,3.508641804070426815e+02
1.882391894745826721e+04,3.508641796782765709e+02
1.882894743967056274e+04,3.508641794396619957e+02
1.883397482371330261e+04,3.508641786946435559e+02
1.883900566196441650e+04,3.508641786660427897e+02
1.884403670525550842e+04,3.508641779013106543e+02
1.884905765914916992e+04,3.508641781952853194e+02
1.885408258485794067e+04,3.508641795689123342e+02
1.885911173462867737e+04,3.508641780417499945e+02
1.886413586616516113e+04,3.508641791809201891e+02
1.886916774487495422e+04,3.508641785600148069e+02
1.887419699072837830e+04,3.508641784251831837e+02
1.887921800613403320e+04,3.508641786181678981e+02
1.888424987483024597e+04,3.508641778821408934e+02
1.888927478981018066e+04,3.508641772411075976e+02
1.889430441379547119e+04,3.508641781304992833e+02
1.889932894778251648e+04,3.508641775056993310e+02
1.890436082863807678e+04,3.508641776277582380e+02
1.890938334727287292e+04,3.508641777642828288e+02
1.891441216373443604e+04,3.508641781569398290e+02
1.891944301462173462e+04,3.508641771717123561e+02
1.892446894860267639e+04,3.508641770136355262e+02
1.892949259757995605e+04,3.508641771389672499e+02
1.893451866269111633e+04,3.508641771917708070e+02
1.893954882955551147e+04,3.508641768167456121e+02
1.894457718253135681e+04,3.508641768676987454e+02
1.894960249423980713e+04,3.508641759263106792e+02
1.895461060762405396e+04,3.508641756368612619e+02
1.895962681937217712e+04,3.508641757726609285e+02
1.896463766312599182e+04,3.508641759917149443e+02
1.896965720248222351e+04,3.508641760085188253e+02
1.897467321372032166e+04,3.508641768374600929e+02
1.897969053363800049e+04,3.508641758561881261e+02
1.898470270681381226e+04,3.508641760734623745e+02
1.898973484277725220e+04,3.508641759184610009e+02
1.899474094843864441e+04,3.508641762754800197e+02
1.899974891161918640e+04,3.508641768231442484e+02
1.900475994920730591e+04,3.508641765845089253e+02
1.900977603054046631e+04,3.508641763041111972e+02
1.901478801178932190e+04,3.508641764746047897e+02
1.901981007480621338e+04,3.508641759167085752e+02
1.902483732342720032e+04,3.508641756444734483e+02
1.902986396074295044e+04,3.508641753606279963e+02
1.903489295125007629e+04,3.508641756916098302e+02
1.903990064501762390e+04,3.508641757744308052e+02
1.904491844320297241e+04,3.508641758276802420e+02
1.904993170142173767e+04,3.508641751490346223e+02
1.905493648529052734e+04,3.508641748610036188e+02
1.905995456600189209e+04,3.508641743599604865e+02
1.906497751379013062e+04,3.508641735885323669e+02
1.907000705528259277e+04,3.508641748466340005e+02
1.907503415274620056e+04,3.508641747460022202e+02
1.908005963540077209e+04,3.508641742173496141e+02
1.908506703996658325e+04,3.508641746788730416e+02
1.909008283400535583e+04,3.508641746297271879e+02
1.909509274435043335e+04,3.508641741054206591e+02
1.910010623311996460e+04,3.508641740722305826e+02
1.910511552739143372e+04,3.508641737248630648e+02
1.911014161229133606e+04,3.508641736405773486e+02
1.911514878225326538e+04,3.508641743651620573e+02
1.912016762661933899e+04,3.508641749353058117e+02
1.912517896270751953e+04,3.508641748213299252e+02
1.913019059252738953e+04,3.508641749528734977e+02
1.913520325469970703e+04,3.508641751860260456e+02
1.914023282742500305e+04,3.508641750403721176e+02
1.914525756812095642e+04,3.508641755125990471e+02
1.915028205275535583e+04,3.508641745868470707e+02
1.915530364179611206e+04,3.508641752628103063e+02
1.916033254361152649e+04,3.508641752828464178e+02
1.916533894729614258e+04,3.508641753683571665e+02
1.917035549283027649e+04,3.508641747114389204e+02
1.917535999941825867e+04,3.508641745064269344e+02
1.918037239384651184e+04,3.508641743761910448e+02
1.918537902331352234e+04,3.508641745587452760e+02
1.919038829493522644e+04,3.508641742146800198e+02
1.919539978861808777e+04,3.508641757193146304e+02
1.920040417957305908e+04,3.508641743654335983e+02
1.920542093992233276e+04,3.508641757263644649e+02
1.921043994760513306e+04,3.508641761503226917e+02
1.921544600701332092e+04,3.508641759618805622e+02
1.922046089482307434e+04,3.508641763310004080e+02
1.922546493625640869e+04,3.508641761666660841e+02
1.923047533035278320e+04,3.508641760033407309e+02
1.923549295711517334e+04,3.508641766581811794e+02
1.924052195572853088e+04,3.508641771591389329e+02
1.924555696344375610e+04,3.508641765197929203e+02
1.925056318068504333e+04,3.508641768082379713e+02
1.925557796835899353e+04,3.508641762491696454e+02
1.926059055280685425e+04,3.508641760928131816e+02
1.926559756159782410e+04,3.508641759495565680e+02
1.927061523151397705e+04,3.508641762507888302e+02
1.927564010167121887e+04,3.508641761939938419e+02
1.928066856288909912e+04,3.508641755045382524e+02
1.928569413375854492e+04,3.508641749145336917e+02
1.929072343492507935e+04,3.508641743776557291e+02
1.929575259351730347e+04,3.508641748499028949e+02
1.930078635883331299e+04,3.508641736834138669e+02
1.930581395673751831e+04,3.508641744030627478e+02
1.931084536671638489e+04,3.508641742128049827e+02
1.931587606739997864e+04,3.508641740067906198e+02
1.932090765595436096e+04,3.508641741120134725e+02
1.932591290044784546e+04,3.508641739906748285e+02
1.933092226362228394e+04,3.508641745536309031e+02
1.933593161439895630e+04,3.508641742244095099e+02
1.934095039010047913e+04,3.508641747829378232e+02
1.934596767473220825e+04,3.508641738017756779e+02
1.935098616409301758e+04,3.508641743914855056e+02
1.935601601004600525e+04,3.508641736551891768e+02
1.936104476499557495e+04,3.508641738894607442e+02
1.936607779264450073e+04,3.508641734631874556e+02
1.937108376550674438e+04,3.508641732772200612e+02
1.937609835433959961e+04,3.508641737049480867e+02
1.938110573744773865e+04,3.508641740799591844e+02
1.938611881875991821e+04,3.508641733575006469e+02
1.939114168047904968e+04,3.508641739093063165e+02
1.939616665029525757e+04,3.508641737845586590e+02
1.940117246866226196e+04,3.508641740545832590e+02
1.940618195199966431e+04,3.508641733340418796e+02
1.941120075464248657e+04,3.508641733808210574e+02
1.941621830153465271e+04,3.508641740345887570e+02
1.942122943377494812e+04,3.508641734953515652e+02
1.942625651073455811e+04,3.508641739463728868e+02
1.943128605604171753e+04,3.508641741768764746e+02
1.943632159304618835e+04,3.508641746453349128e+02
1.944135051274299622e+04,3.508641733411203063e+02
1.944637976145744324e+04,3.508641740468007697e+02
1.945140821290016174e+04,3.508641736199711545e+02
1.945644229316711426e+04,3.508641734691227043e+02
1.946146930694580078e+04,3.508641738602574947e+02
1.946649588203430176e+04,3.508641734252067863e+02
1.947152595424652100e+04,3.508641733000491740e+02
1.947656194972991943e+04,3.508641724657369423e+02
1.948159229493141174e+04,3.508641730059297288e+02
1.948662109708786011e+04,3.508641722217781194e+02
1.949164817190170288e+04,3.508641729186310272e+02
1.949667614269256592e+04,3.508641717842819503e+02
1.950171174407005310e+04,3.508641720895104186e+02
1.950674385976791382e+04,3.508641724688790760e+02
1.951177094697952271e+04,3.508641724850547234e+02
1.951679888844490051e+04,3.508641716650998319e+02
1.952182666134834290e+04,3.508641717651193517e+02
1.952686290812492371e+04,3.508641718886705121e+02
1.953188819336891174e+04,3.508641716552588150e+02
1.953689573073387146e+04,3.508641712744113761e+02
1.954190643739700317e+04,3.508641706802570752e+02
1.954692405152320862e+04,3.508641719713095881e+02
1.955193100690841675e+04,3.508641718783517263e+02
1.955694822883605957e+04,3.508641710875949684e+02
1.956198071932792664e+04,3.508641715168770361e+02
1.956700828099250793e+04,3.508641711582031917e+02
1.957203744697570801e+04,3.508641703989379153e+02
1.957706684279441833e+04,3.508641705754583882e+02
1.958210138344764709e+04,3.508641702457741189e+02
1.958713109970092773e+04,3.508641697163778304e+02
1.959216195058822632e+04,3.508641694674801101e+02
1.959718692040443420e+04,3.508641694984410719e+02
1.960221560287475586e+04,3.508641693502344197e+02
1.960723966383934021e+04,3.508641684337324591e+02
1.961226652169227600e+04,3.508641688030264731e+02
1.961730081558227539e+04,3.508641678705010918e+02
1.962232997775077820e+04,3.508641675136481126e+02
1.962733376693725586e+04,3.508641677493081374e+02
1.963234661102294922e+04,3.508641677774604659e+02
1.963735385036468506e+04,3.508641674654584790e+02
1.964236264204978943e+04,3.508641667912725666e+02
1.964737550735473633e+04,3.508641668785311936e+02
1.965238165688514709e+04,3.508641672598251375e+02
1.965739622116088867e+04,3.508641662469274252e+02
1.966241398239135742e+04,3.508641668578512167e+02
1.966742135286331177e+04,3.508641670426089831e+02
1.967243432927131653e+04,3.508641670421222329e+02
1.967744698524475098e+04,3.508641671605189458e+02
1.968247674107551575e+04,3.508641665658685156e+02
1.968750571393966675e+04,3.508641665420684603e+02
1.969251480507850647e+04,3.508641666165078732e+02
1.969752062606811523e+04,3.508641659528502146e+02
1.970252457976341248e+04,3.508641661844811779e+02
1.970753894305229187e+04,3.508641661339935922e+02
1.971255749940872192e+04,3.508641652769046573e+02
1.971758046531677246e+04,3.508641646597770318e+02
1.972261059331893921e+04,3.508641650755946557e+02
1.972763898181915283e+04,3.508641648512063966e+02
1.973266243982315063e+04,3.508641646782473913e+02
1.973766946721076965e+04,3.508641649059345013e+02
1.974268231773376465e+04,3.508641647249247626e+02
1.974770036482810974e+04,3.508641650702906531e+02
1.975271567702293396e+04,3.508641657668482026e+02
1.975772516775131226e+04,3.508641664835601546e+02
1.976274374914169312e+04,3.508641659388973721e+02
1.976775139451026917e+04,3.508641659251295550e+02
1.977276276159286499e+04,3.508641657059940826e+02
1.977777511119842529e+04,3.508641660042187027e+02
1.978278240084648132e+04,3.508641659560391872e+02
1.978780095100402832e+04,3.508641653166794185e+02
1.979283008527755737e+04,3.508641651066469080e+02
1.979786146426200867e+04,3.508641652177699370e+02
1.980286853361129761e+04,3.508641658297090089e+02
1.980788592171669006e+04,3.508641653620551324e+02
1.981289086866378784e+04,3.508641649131683380e+02
1.981790588855743408e+04,3.508641660685005377e+02
1.982291843533515930e+04,3.508641652880859283e+02
1.982793670058250427e+04,3.508641649819658141e+02
1.983296194863319397e+04,3.508641647036460540e+02
1.983798815560340881e+04,3.508641650148286431e+02
1.984299297833442688e+04,3.508641648660342298e+02
1.984800878429412842e+04,3.508641649887128438e+02
1.985302816200256348e+04,3.508641653920944350e+02
1.985803491854667664e+04,3.508641657470814152e+02
1.986305296301841736e+04,3.508641657398819120e+02
1.986806837034225464e+04,3.508641655088623565e+02
1.987309208917617798e+04,3.508641652645321187e+02
1.987812454938888550e+04,3.508641657169276868e+02
1.988315273737907410e+04,3.508641646393936071e+02
1.988818207907676697e+04,3.508641649906316502e+02
1.989320999574661255e+04,3.508641644459550548e+02
1.989823701524734497e+04,3.508641649412319907e+02
1.990324046134948730e+04,3.508641648948810712e+02
1.990825918126106262e+04,3.508641645369399384e+02
1.991327069759368896e+04,3.508641639006407900e+02
1.991827636218070984e+04,3.508641642962247147e+02
1.992329478454589844e+04,3.508641644089435658e+02
1.992832887339591980e+04,3.508641642494592361e+02
1.993335694074630737e+04,3.508641649128681479e+02
1.993838592696189880e+04,3.508641646977432629e+02
1.994341677498817444e+04,3.508641640850879639e+02
1.994845064306259155e+04,3.508641630922415970e+02
1.995347559666633606e+04,3.508641641530043671e+02
1.995850423002243042e+04,3.508641634254004202e+02
1.996353297233581543e+04,3.508641641651940972e+02
1.996856802201271057e+04,3.508641639548638409e+02
1.997359199476242065e+04,3.508641644717872623e+02
1.997862295436859131e+04,3.508641648033808451e+02
1.998364988923072815e+04,3.508641645161495148e+02
1.998868688750267029e+04,3.508641645977323833e+02
1.999370894861221313e+04,3.508641633559756770e+02
1.999874094843864441e+04,3.508641635191580690e+02
2.000377219033241272e+04,3.508641628168031161e+02
2.000880700588226318e+04,3.508641639905405896e+02
2.001383831238746643e+04,3.508641640796583374e+02
2.001886709475517273e+04,3.508641639606645981e+02
2.002389452743530273e+04,3.508641647663977778e+02
2.002892444157600403e+04,3.508641639735620288e+02
2.003395764255523682e+04,3.508641645812220986e+02
2.003898664450645447e+04,3.508641645554827733e+02
2.004399286746978760e+04,3.508641649185460096e+02
2.004900835824012756e+04,3.508641643396573500e+02
2.005402174735069275e+04,3.508641648543467682e+02
2.005902891397476196e+04,3.508641646838718771e+02
2.006405251216888428e+04,3.508641643243329327e+02
2.006907484292984009e+04,3.508641644717721988e+02
2.007410949087142944e+04,3.508641648273322176e+02
2.007914299154281616e+04,3.508641645293105285e+02
2.008417413091659546e+04,3.508641637933487800e+02
2.008918242621421814e+04,3.508641632507097370e+02
2.009419727015495300e+04,3.508641627631499773e+02
2.009921304130554199e+04,3.508641633867890164e+02
2.010422767305374146e+04,3.508641631940863022e+02
2.010924569940567017e+04,3.508641631202882536e+02
2.011426122188568115e+04,3.508641636010800653e+02
2.011928592944145203e+04,3.508641628837138455e+02
2.012431082558631897e+04,3.508641626348425007e+02
2.012933791327476501e+04,3.508641621768333607e+02
2.013436416125297546e+04,3.508641624967491452e+02
2.013939434194564819e+04,3.508641627430611720e+02
2.014442047071456909e+04,3.508641629349009463e+02
2.014944961261749268e+04,3.508641625293047923e+02
2.015445355463027954e+04,3.508641635859747794e+02
2.015945996069908142e+04,3.508641634473555087e+02
2.016446699905395508e+04,3.508641626137076628e+02
2.016947797822952271e+04,3.508641628769196359e+02
2.017448597669601440e+04,3.508641636118346128e+02
2.017949151825904846e+04,3.508641630665943012e+02
2.018450227737426758e+04,3.508641626179675654e+02
2.018951495313644409e+04,3.508641625582769166e+02
2.019452253890037537e+04,3.508641623978189727e+02
2.019955047845840454e+04,3.508641624693569838e+02
2.020457426977157593e+04,3.508641618707475232e+02
2.020957866787910461e+04,3.508641621853781203e+02
2.021458749365806580e+04,3.508641617480105310e+02
2.021960804772377014e+04,3.508641631639302432e+02
2.022462542939186096e+04,3.508641633689306900e+02
2.022963801980018616e+04,3.508641622046192765e+02
2.023464993238449097e+04,3.508641619419053654e+02
2.023967683243751526e+04,3.508641615891161223e+02
2.024470854473114014e+04,3.508641619814503088e+02
2.024973396611213684e+04,3.508641619895468011e+02
2.025476502966880798e+04,3.508641614359538039e+02
2.025979816818237305e+04,3.508641622768685693e+02
2.026482760453224182e+04,3.508641619656286252e+02
2.026985796070098877e+04,3.508641616383710584e+02
2.027488692092895508e+04,3.508641619019177256e+02
2.027991657519340515e+04,3.508641606064686016e+02
2.028492311382293701e+04,3.508641606512307476e+02
2.028993894815444946e+04,3.508641610824394661e+02
2.029495654129981995e+04,3.508641614909315649e+02
2.029997216272354126e+04,3.508641603995179707e+02
2.030497894740104675e+04,3.508641605567717079e+02
2.030999194884300232e+04,3.508641593744208649e+02
2.031501503348350525e+04,3.508641599796391688e+02
2.032002283382415771e+04,3.508641592160503819e+02
2.032503163075447083e+04,3.508641595469534309e+02
2.033003959870338440e+04,3.508641589437188486e+02
2.033504471373558044e+04,3.508641586699108643e+02
2.034006860065460205e+04,3.508641585511968515e+02
2.034507957267761230e+04,3.508641582722432304e+02
2.035009770250320435e+04,3.508641581047964451e+02
2.035511110210418701e+04,3.508641578095715658e+02
2.036012847042083740e+04,3.508641568440478977e+02
2.036514413666725159e+04,3.508641566736644677e+02
2.037015546298027039e+04,3.508641563389067528e+02
2.037517793464660645e+04,3.508641560406999247e+02
2.038018412613868713e+04,3.508641561364589734e+02
2.038518831157684326e+04,3.508641564088433711e+02
2.039019230484962463e+04,3.508641552260758090e+02
2.039519850683212280e+04,3.508641552021379084e+02
2.040022076749801636e+04,3.508641550246524616e+02
2.040524881005287170e+04,3.508641556471604304e+02
2.041027790498733521e+04,3.508641546354995739e+02
2.041530279922485352e+04,3.508641544539248684e+02
2.042032991790771484e+04,3.508641551853210672e+02
2.042533353614807129e+04,3.508641558507052878e+02
2.043033845305442810e+04,3.508641547392294342e+02
2.043534650254249573e+04,3.508641554800505560e+02
2.044035353016853333e+04,3.508641553731234239e+02
2.044537959241867065e+04,3.508641551347433847e+02
2.045038695406913757e+04,3.508641552669511725e+02
2.045539177107810974e+04,3.508641543683964983e+02
2.046040876197814941e+04,3.508641540953885283e+02
2.046542517614364624e+04,3.508641539269193572e+02
2.047043464589118958e+04,3.508641546566420857e+02
2.047545532059669495e+04,3.508641538824945769e+02
2.048047910499572754e+04,3.508641547522240671e+02
2.048550711512565613e+04,3.508641545630063092e+02
2.049053296256065369e+04,3.508641544281944675e+02
2.049556078553199768e+04,3.508641528977674966e+02
2.050056478333473206e+04,3.508641529675906554e+02
2.050557311534881592e+04,3.508641531064324113e+02
2.051059088397026062e+04,3.508641526203837202e+02
2.051560479331016541e+04,3.508641539318770128e+02
2.052061719441413879e+04,3.508641542159301707e+02
2.052564408826828003e+04,3.508641532715610651e+02
2.053066802787780762e+04,3.508641535028402245e+02
2.053569108414649963e+04,3.508641539959682518e+02
2.054071491503715515e+04,3.508641535024794962e+02
2.054574235868453979e+04,3.508641542139623084e+02
2.055076612710952759e+04,3.508641527761992052e+02
2.055579405045509338e+04,3.508641537817011340e+02
2.056081867551803589e+04,3.508641541061035127e+02
2.056582522249221802e+04,3.508641534484021918e+02
2.057083771181106567e+04,3.508641534714083718e+02
2.057585414099693298e+04,3.508641533709054556e+02
2.058086858224868774e+04,3.508641536207902618e+02
2.058588270020484924e+04,3.508641533306834503e+02
2.059090071249008179e+04,3.508641538155360990e+02
2.059592967104911804e+04,3.508641530030874378e+02
2.060095996999740601e+04,3.508641536261662850e+02
2.060599012780189514e+04,3.508641530148801166e+02
2.061101648092269897e+04,3.508641538548851031e+02
2.061604375791549683e+04,3.508641535267047402e+02
2.062106840705871582e+04,3.508641530443479724e+02
2.062609545516967773e+04,3.508641532631036171e+02
2.063112529516220093e+04,3.508641533825921783e+02
2.063615393066406250e+04,3.508641533559367076e+02
2.064118700385093689e+04,3.508641528180888827e+02
2.064619277334213257e+04,3.508641527383687730e+02
2.065119894289970398e+04,3.508641518530217240e+02
2.065621442294120789e+04,3.508641525863936863e+02
2.066122360587120056e+04,3.508641528687292066e+02
2.066624110412597656e+04,3.508641527549372654e+02
2.067126967978477478e+04,3.508641528903546032e+02
2.067630129599571228e+04,3.508641531062716581e+02
2.068132809472084045e+04,3.508641526164738593e+02
2.068635784864425659e+04,3.508641522238665971e+02
2.069138526082038879e+04,3.508641516267081215e+02
2.069641594934463501e+04,3.508641512314954412e+02
2.070144138836860657e+04,3.508641522241911730e+02
2.070647514200210571e+04,3.508641509809185663e+02
2.071150551533699036e+04,3.508641509531569227e+02
2.071653109335899353e+04,3.508641512374327931e+02
2.072155578875541687e+04,3.508641517449497087e+02
2.072658624410629272e+04,3.508641510269734454e+02
2.073161699271202087e+04,3.508641513020149318e+02
2.073664490127563477e+04,3.508641499038469078e+02
2.074167756390571594e+04,3.508641508162325522e+02
2.074670995211601257e+04,3.508641512567838845e+02
2.075174044322967529e+04,3.508641510168871491e+02
2.075677195000648499e+04,3.508641507601556668e+02
2.076179766678810120e+04,3.508641505064106241e+02
2.076682706570625305e+04,3.508641503949617686e+02
2.077186173057556152e+04,3.508641507067641214e+02
2.077686647510528564e+04,3.508641505976862049e+02
2.078188103508949280e+04,3.508641510131632231e+02
2.078689043521881104e+04,3.508641506997765873e+02
2.079190899610519409e+04,3.508641498957467206e+02
2.079691431045532227e+04,3.508641501917770142e+02
2.080194035720825195e+04,3.508641502317447021e+02
2.080696806263923645e+04,3.508641507855117538e+02
2.081199729871749878e+04,3.508641509662525664e+02
2.081701815581321716e+04,3.508641512919474508e+02
2.082202405452728271e+04,3.508641510189844439e+02
2.082704256391525269e+04,3.508641509570995822e+02
2.083204894876480103e+04,3.508641507396984025e+02
2.083706149864196777e+04,3.508641510361880478e+02
2.084207751703262329e+04,3.508641507267183783e+02
2.084710447287559509e+04,3.508641509245020416e+02
2.085213349986076355e+04,3.508641504680084608e+02
2.085716534113883972e+04,3.508641506841276509e+02
2.086219693517684937e+04,3.508641501814940966e+02
2.086722820782661438e+04,3.508641503781223037e+02
2.087225598597526550e+04,3.508641499430430599e+02
2.087728223586082458e+04,3.508641502474853269e+02
2.088231099987030029e+04,3.508641503275354694e+02
2.088733894920349121e+04,3.508641495297606525e+02
2.089234491705894470e+04,3.508641486726841094e+02
2.089735504961013794e+04,3.508641498528964462e+02
2.090235880827903748e+04,3.508641493732854428e+02
2.090736540246009827e+04,3.508641501572271864e+02
2.091239189243316650e+04,3.508641496720164241e+02
2.091742631769180298e+04,3.508641500098119650e+02
2.092246091389656067e+04,3.508641502145032973e+02
2.092748994922637939e+04,3.508641492321830810e+02
2.093251894688606262e+04,3.508641489129568640e+02
2.093755151939392090e+04,3.508641495203528393e+02
2.094256007981300354e+04,3.508641488876254471e+02
2.094757169032096863e+04,3.508641494528254725e+02
2.095258639144897461e+04,3.508641497201995776e+02
2.095759269070625305e+04,3.508641496135948046e+02
2.096259709906578064e+04,3.508641491740654601e+02
2.096761016249656677e+04,3.508641494491526487e+02
2.097261533355712891e+04,3.508641491754528374e+02
2.097762458872795105e+04,3.508641498310097404e+02
2.098263485407829285e+04,3.508641499184096801e+02
2.098763793706893921e+04,3.508641502546514062e+02
2.099265841364860535e+04,3.508641497625552574e+02
2.099768568563461304e+04,3.508641488734047584e+02
2.100270626974105835e+04,3.508641483132467442e+02
2.100773112964630127e+04,3.508641490638659661e+02
2.101275597786903381e+04,3.508641486010041035e+02
2.101778406715393066e+04,3.508641489326590204e+02
2.102281166577339172e+04,3.508641484149399616e+02
2.102784058952331543e+04,3.508641490572339308e+02
2.103286736774444580e+04,3.508641497986534432e+02
2.103789440917968750e+04,3.508641493421371820e+02
2.104292035746574402e+04,3.508641498511432246e+02
2.104794827485084534e+04,3.508641492715036634e+02
2.105296498680114746e+04,3.508641495180424954e+02
2.105796955275535583e+04,3.508641491373053896e+02
2.106297526121139526e+04,3.508641497538375802e+02
2.106798042631149292e+04,3.508641485487250407e+02
2.107300894832611084e+04,3.508641482171593680e+02
2.107804527044296265e+04,3.508641484192193047e+02
2.108307582473754883e+04,3.508641480951455378e+02
2.108808444404602051e+04,3.508641484700564206e+02
2.109309820485115051e+04,3.508641480716557339e+02
2.109810611963272095e+04,3.508641486059324279e+02
2.110311219143867493e+04,3.508641480553087035e+02
2.110813586330413818e+04,3.508641486115197949e+02
2.111316295003890991e+04,3.508641481281761116e+02
2.111818725824356079e+04,3.508641482884490870e+02
2.112321781253814697e+04,3.508641481258413819e+02
2.112824894857406616e+04,3.508641484608854171e+02
2.113327477073669434e+04,3.508641487114417714e+02
2.113830788993835449e+04,3.508641487756926836e+02
2.114333580636978149e+04,3.508641481104670561e+02
2.114836681199073792e+04,3.508641477863614000e+02
2.115339492392539978e+04,3.508641485067717554e+02
2.115841894721984863e+04,3.508641486464729837e+02
2.116344791650772095e+04,3.508641484189126913e+02
2.116847507572174072e+04,3.508641481631593138e+02
2.117350386118888855e+04,3.508641489546881189e+02
2.117856054759025574e+04,3.508641479580047076e+02
2.118356835007667542e+04,3.508641486199113615e+02
2.118858993291854858e+04,3.508641477223067682e+02
2.119361612868309021e+04,3.508641483550810563e+02
2.119864417314529419e+04,3.508641474949434382e+02
2.120367108821868896e+04,3.508641482509360117e+02
2.120870331549644470e+04,3.508641483659010305e+02
2.121372940969467163e+04,3.508641473731561291e+02
2.121875457072257996e+04,3.508641479565296208e+02
2.122377985620498657e+04,3.508641478065595152e+02
2.122881048345565796e+04,3.508641476597524615e+02
2.123384248566627502e+04,3.508641477963732314e+02
2.123887220621109009e+04,3.508641468900165137e+02
2.124389807939529419e+04,3.508641477918728242e+02
2.124890584588050842e+04,3.508641474525026069e+02
2.125391518783569336e+04,3.508641465347970438e+02
2.125892836928367615e+04,3.508641470541780336e+02
2.126393798232078552e+04,3.508641473609091008e+02
2.126895750904083252e+04,3.508641468765481477e+02
2.127397095155715942e+04,3.508641464318163798e+02
2.127899799537658691e+04,3.508641463829455915e+02
2.128402752351760864e+04,3.508641474071739594e+02
2.128903195238113403e+04,3.508641468005439492e+02
2.129405099606513977e+04,3.508641474038352612e+02
2.129906743693351746e+04,3.508641475761838819e+02
2.130407663941383362e+04,3.508641473363040859e+02
2.130908807539939880e+04,3.508641469327515097e+02
2.131410892271995544e+04,3.508641468234172862e+02
2.131912943506240845e+04,3.508641470093396038e+02
2.132415780711174011e+04,3.508641472746381851e+02
2.132916419529914856e+04,3.508641468585860252e+02
2.133425695729255676e+04,3.508641466257082584e+02
2.133926729440689087e+04,3.508641471335473625e+02
2.134428310203552246e+04,3.508641466393923452e+02
2.134931964349746704e+04,3.508641468157761096e+02
2.135435001635551453e+04,3.508641470753230465e+02
2.135938211417198181e+04,3.508641474758970844e+02
2.136440680623054504e+04,3.508641473515692155e+02
2.136941190290451050e+04,3.508641466911959697e+02
2.137442963743209839e+04,3.508641466955637043e+02
2.137944610762596130e+04,3.508641465007133320e+02
2.138445545959472656e+04,3.508641469281158152e+02
2.138946336960792542e+04,3.508641469239321395e+02
2.139447894811630249e+04,3.508641464349216790e+02
2.139950465798377991e+04,3.508641473986858728e+02
2.140453785133361816e+04,3.508641465931862058e+02
2.140956943750381470e+04,3.508641469076046633e+02
2.141459764218330383e+04,3.508641464188841042e+02
2.141960460472106934e+04,3.508641469401954396e+02
2.142461383843421936e+04,3.508641461781944031e+02
2.142962181329727173e+04,3.508641474008938417e+02
2.143464094805717468e+04,3.508641465876980874e+02
2.143965469431877136e+04,3.508641473788499638e+02
2.144467668271064758e+04,3.508641475683545536e+02
2.144970187616348267e+04,3.508641478156953326e+02
2.145472840428352356e+04,3.508641472467270432e+02
2.145975665712356567e+04,3.508641466887082174e+02
2.146478209161758423e+04,3.508641464588878307e+02
2.146981204175949097e+04,3.508641471208306939e+02
2.147484173679351807e+04,3.508641460659158611e+02
2.147987138223648071e+04,3.508641466478202346e+02
2.148490637445449829e+04,3.508641463577638433e+02
2.148993487429618835e+04,3.508641459932661633e+02
2.149495938730239868e+04,3.508641461278532461e+02
2.149996460437774658e+04,3.508641459771286009e+02
2.150497885942459106e+04,3.508641466415551236e+02
2.150999519872665405e+04,3.508641458020267123e+02
2.151501259040832520e+04,3.508641462773028934e+02
2.152001737952232361e+04,3.508641461050779640e+02
2.152504897665977478e+04,3.508641463279499817e+02
2.153007670974731445e+04,3.508641466619351377e+02
2.153510484433174133e+04,3.508641462582350528e+02
2.154011755084991455e+04,3.508641465750219481e+02
2.154513230395317078e+04,3.508641463620281797e+02
2.155013948726654053e+04,3.508641462460807929e+02
2.155515539860725403e+04,3.508641461524834995e+02
2.156016694498062134e+04,3.508641467636976472e+02
2.156518895149230957e+04,3.508641462983975998e+02
2.157021919822692871e+04,3.508641458176005585e+02
2.157522431707382202e+04,3.508641459711685684e+02
2.158023456788063049e+04,3.508641464759112978e+02
2.158524295234680176e+04,3.508641470277516987e+02
2.159025364756584167e+04,3.508641474230093422e+02
2.159527664542198181e+04,3.508641470734506242e+02
2.160028238844871521e+04,3.508641472711377105e+02
2.160529829216003418e+04,3.508641469127497885e+02
2.161031231164932251e+04,3.508641471240322858e+02
2.161532238268852234e+04,3.508641475202283573e+02
2.162033694696426392e+04,3.508641465381243165e+02
2.162536108565330505e+04,3.508641464236733327e+02
2.163038909482955933e+04,3.508641458613411714e+02
2.163541498017311096e+04,3.508641464792083866e+02
2.164042095017433167e+04,3.508641468502814291e+02
2.164542736411094666e+04,3.508641475560534104e+02
2.165044190073013306e+04,3.508641474268725347e+02
2.165545859217643738e+04,3.508641479814218087e+02
2.166047220993041992e+04,3.508641473096448635e+02
2.166549249744415283e+04,3.508641470798233968e+02
2.167050124025344849e+04,3.508641466321761868e+02
2.167551166701316833e+04,3.508641471272179047e+02
2.168051836538314819e+04,3.508641468834082389e+02
2.168553392076492310e+04,3.508641466989731157e+02
2.169054364347457886e+04,3.508641477614020801e+02
2.169555667424201965e+04,3.508641474526206707e+02
2.170058795762062073e+04,3.508641483470332219e+02
2.170561867761611938e+04,3.508641481905348201e+02
2.171064696979522705e+04,3.508641483490105770e+02
2.171565417170524597e+04,3.508641480362973084e+02
2.172067256331443787e+04,3.508641483596644548e+02
2.172568927431106567e+04,3.508641484641742636e+02
2.173069918274879456e+04,3.508641492276335612e+02
2.173571488022804260e+04,3.508641487574410576e+02
2.174073803949356079e+04,3.508641502133768313e+02
2.174576887941360474e+04,3.508641501318595601e+02
2.175079802799224854e+04,3.508641501421574844e+02
2.175582276201248169e+04,3.508641496841485150e+02
2.176085056352615356e+04,3.508641482886954464e+02
2.176587797570228577e+04,3.508641481502587567e+02
2.177088601613044739e+04,3.508641480630741398e+02
2.177590419030189514e+04,3.508641475073974902e+02
2.178091965103149414e+04,3.508641468606348326e+02
2.178593311095237732e+04,3.508641471530442004e+02
2.179094833779335022e+04,3.508641471321566883e+02
2.179596202611923218e+04,3.508641468894608124e+02
2.180097520470619202e+04,3.508641479846945117e+02
2.180600233912467957e+04,3.508641476451483072e+02
2.181101095151901245e+04,3.508641483499324636e+02
2.181602035808563232e+04,3.508641483551073748e+02
2.182103765177726746e+04,3.508641487211192498e+02
2.182605481100082397e+04,3.508641484170079821e+02
2.183106699895858765e+04,3.508641478663898852e+02
2.183608269906044006e+04,3.508641483903993503e+02
2.184110990858078003e+04,3.508641484123045302e+02
2.184613689708709717e+04,3.508641492779725581e+02
2.185116491317749023e+04,3.508641492769331194e+02
2.185617143034934998e+04,3.508641491263721264e+02
2.186117541050910950e+04,3.508641489660817001e+02
2.186618222260475159e+04,3.508641494304209800e+02
2.187119976615905762e+04,3.508641499451208574e+02
2.187622949981689453e+04,3.508641501935863403e+02
2.188125910305976868e+04,3.508641506902091578e+02
2.188626371145248413e+04,3.508641507606571395e+02
2.189126923227310181e+04,3.508641506680552880e+02
2.189627462291717529e+04,3.508641512502616138e+02
2.190128281807899475e+04,3.508641513663905585e+02
2.190631405115127563e+04,3.508641514381839670e+02
2.191133770227432251e+04,3.508641511600861236e+02
2.191637154912948608e+04,3.508641510306391069e+02
2.192137549328804016e+04,3.508641505719170937e+02
2.192639369821548462e+04,3.508641503948848026e+02
2.193140410470962524e+04,3.508641507738979612e+02
2.193641022944450378e+04,3.508641511015596279e+02
2.194141785359382629e+04,3.508641514345085284e+02
2.194643983554840088e+04,3.508641518768786227e+02
2.195146908450126648e+04,3.508641519710915304e+02
2.195649662852287292e+04,3.508641517509148002e+02
2.196152894735336304e+04,3.508641513650323418e+02
2.196655291604995728e+04,3.508641524510001659e+02
2.197158195924758911e+04,3.508641522059850786e+02
2.197661189365386963e+04,3.508641528493488977e+02
2.198164168381690979e+04,3.508641523715027688e+02
2.198665052485466003e+04,3.508641530990868205e+02
2.199166383600234985e+04,3.508641537477343491e+02
2.199667532396316528e+04,3.508641548045484342e+02
2.200169001269340515e+04,3.508641546930174400e+02
2.200670183134078979e+04,3.508641547855349927e+02
2.201172635149955750e+04,3.508641549055038809e+02
2.201675273203849792e+04,3.508641546048185091e+02
2.202177981996536255e+04,3.508641543692964433e+02
2.202681195664405823e+04,3.508641548849177525e+02
